repeater_name,tns_name,mjd_400,fluence_jyms,excluded_flag
FRB20180814A,FRB20180814A,58344.61794030493,1.0593910377167945,1
FRB20180908B,FRB20180908B,58369.88407542346,6.809678593805146,0
FRB20180910A,FRB20180910A,58371.337576899554,5.6,0
FRB20180814A,FRB20180911C,58372.54116277198,7.708267073603756,1
FRB20180916B,FRB20180916B,58377.42731249479,6.933456361834627,1
FRB20180814A,FRB20180917A,58378.03238493907,11.234266470251361,0
FRB20180814A,FRB20180919A,58380.52513733837,1.8466292911358395,0
FRB20181017A,FRB20181017A,58408.976521114106,16.0,0
FRB20181018B,FRB20181018B,58409.19411333606,7.9,0
FRB20180916B,FRB20181019A,58410.34262449633,10.4,0
FRB20180814A,FRB20181028A,58419.42539458396,32.28371670389954,0
FRB20181030A,FRB20181030A,58421.17584503767,2.2784127848257225,0
FRB20181030A,FRB20181030B,58421.1780285643,4.959344773111501,0
FRB20180916B,FRB20181104A,58426.28979831968,5.021904047973811,0
FRB20180916B,FRB20181104B,58426.296547609534,4.445074306520098,0
FRB20180814A,FRB20181118C,58440.36446382215,1.72,0
FRB20181119A,FRB20181119A,58441.70073112,4.2501468566727505,0
FRB20180916B,FRB20181120B,58442.24729424101,2.7220010769842635,0
FRB20180814A,FRB20181120C,58442.351021068076,3.9172312866737817,0
FRB20181128A,FRB20181128A,58450.35256514131,8.1,0
FRB20181201D,FRB20181201D,58453.74778499355,1.150041896548601,0
FRB20181128A,FRB20181219A,58471.29492671633,4.996062836216622,0
FRB20180916B,FRB20181222A,58474.16624165815,52.78093564044,0
FRB20180916B,FRB20181223A,58475.16075171988,14.109882900247287,0
FRB20180916B,FRB20181225A,58477.1618510443,3.107792802430593,0
FRB20180916B,FRB20181226A,58478.155209499666,6.4242702602240565,0
FRB20181119A,FRB20190103A,58486.57457560919,5.962190406825326,0
FRB20190110C,FRB20190110C,58493.716400709876,1.916209266318962,0
FRB20190113A,FRB20190113A,58496.319812655376,6.58647659565192,0
FRB20190116A,FRB20190116A,58499.54692068458,4.106784747163389,0
FRB20190116A,FRB20190116B,58499.54745883756,2.448128103365378,0
FRB20190117A,FRB20190117A,58500.9295382153,11.230276414779642,0
FRB20180916B,FRB20190126A,58509.0644134385,3.7286053801998698,0
FRB20181226F,FRB20190201A,58515.6501499577,2.0960212502723548,0
FRB20190208C,FRB20190208C,58522.338950738056,1.869882628991025,0
FRB20190208A,FRB20190208A,58522.7373921285,3.84150135614464,0
FRB20190209A,FRB20190209A,58523.34746553404,3.3720878238806895,0
FRB20190209A,FRB20190210A,58524.34529991122,4.90150745317697,0
FRB20190212A,FRB20190212A,58526.67874364965,2.9317465680632497,0
FRB20190213A,FRB20190213A,58527.029475821255,2.263641621226311,0
FRB20190212A,FRB20190213B,58527.714962032915,3.4569273307718196,0
FRB20181017A,FRB20190216A,58530.6437296756,49.575561769255216,0
FRB20190222A,FRB20190222A,58536.78196089018,13.339354164859099,0
FRB20190224D,FRB20190224D,58538.323958184825,6.3826349652720795,0
FRB20190226B,FRB20190226B,58540.658345865784,2.217613695952297,0
FRB20190222A,FRB20190301A,58543.75211206689,8.237380058151473,1
FRB20190303A,FRB20190303A,58545.46200061514,2.28246664276658,0
FRB20181119A,FRB20190313A,58555.390124446865,1.7157518318967062,0
FRB20190320E,FRB20190320E,58562.97182760651,12.722774806564715,0
FRB20180814A,FRB20190329A,58571.99885785998,2.614156902206627,0
FRB20190208A,FRB20190406A,58579.58013210809,2.3950713090611577,0
FRB20190417A,FRB20190417A,58590.58061130171,3.6757204715896474,0
FRB20190303A,FRB20190421A,58594.33345304802,4.4898405233955225,0
FRB20190430C,FRB20190430C,58603.495727291476,6.848178376560303,0
FRB20190213A,FRB20190515C,58618.773464417034,4.103834512294966,0
FRB20180814A,FRB20190517B,58620.85667769164,4.139632459392824,0
FRB20180916B,FRB20190518A,58621.759521592314,1.8414286483909796,0
FRB20180916B,FRB20190518E,58621.76465300281,3.6995658608881707,0
FRB20180916B,FRB20190519A,58622.743352272955,3.907208499836889,0
FRB20180916B,FRB20190519B,58622.75626740045,14.271455506522392,0
FRB20180916B,FRB20190519C,58622.757525436675,3.9738062493905963,0
FRB20181128A,FRB20190527B,58630.86089985905,0.9343301427684833,0
FRB20180916B,FRB20190603A,58637.71485446991,0.794837006776381,0
FRB20190604A,FRB20190604A,58638.24302371962,8.840551142375261,0
FRB20180916B,FRB20190604F,58638.71643304025,21.22929136623132,0
FRB20180916B,FRB20190605A,58639.705612594225,6.215060017680737,0
FRB20180916B,FRB20190605B,58639.710079528755,25.467478161392652,0
FRB20190604A,FRB20190606A,58640.23230935986,2.3687947411794106,0
FRB20190609C,FRB20190609C,58643.8188582001,1.1974539113479787,0
FRB20180814A,FRB20190611A,58645.78660139288,12.470580295249182,1
FRB20180908B,FRB20190621A,58655.09819355318,1.007388918185596,1
FRB20180814A,FRB20190625E,58659.7387355582,4.151633954673074,0
FRB20180814A,FRB20190626A,58660.776305802,5.3,0
FRB20190117A,FRB20190630A,58664.482458901024,7.170360721709597,0
FRB20180908B,FRB20190702A,58666.08211430129,1.6125743119487015,0
FRB20190303A,FRB20190702B,58666.135219232536,8.153470036052699,0
FRB20190716C,FRB20190716C,58680.22457488462,nan,0
FRB20180908B,FRB20190718A,58682.04956852473,6.140590630590733,0
FRB20190804E,FRB20190804E,58699.19214600732,6.458921704859561,0
FRB20171019A,FRB20190805B,58700.38967866479,22.22596841918129,0
FRB20190417A,FRB20190806A,58701.27580796821,5.191888555012133,0
FRB20180916B,FRB20190809A,58704.53529176534,5.424680137222415,0
FRB20190117A,FRB20190810A,58705.369787953496,33.04502249760659,0
FRB20180916B,FRB20190810B,58705.53453090043,nan,0
FRB20190117A,FRB20190815A,58710.35685572477,12.86486627010873,0
FRB20180814A,FRB20190817A,58712.61108551544,4.900903728677861,0
FRB20190117A,FRB20190824A,58719.332657556704,6.271641401944011,0
FRB20180916B,FRB20190825A,58720.491986878704,17.585793834009223,0
FRB20180916B,FRB20190825B,58720.49447880144,2.6699350180087147,0
FRB20180916B,FRB20190825C,58720.495658060696,3.235873417298885,0
FRB20190905A,FRB20190905A,58731.38419146713,1.8132868724886468,0
FRB20190907A,FRB20190907A,58733.71027547055,0.4804862139921662,0
FRB20190915D,FRB20190915D,58741.38516949552,13.392511600103575,0
FRB20190907A,FRB20190915A,58741.685894890055,1.9059543308483682,0
FRB20180910A,FRB20190925C,58751.21710672186,9.927124785153667,0
FRB20190907A,FRB20190925A,58751.662626431076,0.7911909660846832,0
FRB20181119A,FRB20190926A,58752.846859977646,2.28787318922519,0
FRB20190417A,FRB20190929A,58755.13513536488,3.519066573323973,0
FRB20190929E,FRB20190929E,58755.178700742465,3.9590435475643986,0
FRB20180814A,FRB20190929C,58755.49901106878,5.165854011280487,0
FRB20191013D,FRB20191013D,58769.38854080589,11.335696043101377,0
FRB20190303A,FRB20191013A,58769.85516568217,1.2344493034512591,0
FRB20190303A,FRB20191020A,58776.82558866562,4.494993152990924,1
FRB20190430C,FRB20191024B,58780.016246194136,2.628629569505073,0
FRB20190430C,FRB20191028B,58784.00262356037,2.219763521094317,1
FRB20191026A,FRB20191026A,58782.39159302016,16.6574131714344,1
FRB20191026A,FRB20191026B,58782.39244981089,21.65915707432027,1
FRB20180814A,FRB20191029A,58785.40415178567,3.9840903832379686,0
FRB20180916B,FRB20191030A,58786.315242869314,1.222823898097192,0
FRB20180916B,FRB20191030B,58786.32074899342,3.5659932163946952,0
FRB20191106C,FRB20191106C,58793.76042830505,1.6786157212592028,0
FRB20180814A,FRB20191107A,58794.89105567345,0.9327428024561709,0
FRB20190110C,FRB20191107C,58794.89441542932,2.5608916802008728,0
FRB20190303A,FRB20191110A,58797.77293453191,13.357302253358593,0
FRB20180814A,FRB20191111A,58798.37170753662,3.844628685928009,0
FRB20191113C,FRB20191113C,58800.568639310244,1.257333027164773,0
FRB20190303A,FRB20191113A,58800.75865309197,8.655852298405694,0
FRB20191114A,FRB20191114A,58801.946135170954,4.692593998274659,0
FRB20190303A,FRB20191116A,58803.75684231089,10.77684468349514,1
FRB20190303A,FRB20191117A,58804.76286510328,3.8475867013345337,0
FRB20181119A,FRB20191205A,58822.6557303666,2.435055475819283,0
FRB20190303A,FRB20191215A,58832.676196660184,2.095424415595624,0
FRB20190212A,FRB20191217A,58834.36036835851,6.199843721791627,0
FRB20180916B,FRB20191218A,58835.173236389346,1.9058307671063635,0
FRB20180916B,FRB20191219A,58836.17197670107,2.1834096268645067,1
FRB20180916B,FRB20191219B,58836.17451638251,8.66077185289986,1
FRB20190212A,FRB20191220A,58837.359489397975,nan,0
FRB20190117A,FRB20191223A,58840.00494314314,3.383911333388735,0
FRB20190303A,FRB20191231A,58848.637378202475,2.5802220829847937,0
FRB20190224D,FRB20200109B,58857.73587574189,7.810931392129405,0
FRB20190303A,FRB20200112A,58860.6017833324,1.1313294354393941,0
FRB20200118D,FRB20200118D,58866.302731043994,0.9493005802427888,0
FRB20190226B,FRB20200118B,58866.76277210549,3.673977145044911,0
FRB20180916B,FRB20200120A,58868.07585774539,6.714254188305514,1
FRB20200120E,FRB20200120E,58868.41499982588,1.5944667060779814,1
FRB20181017A,FRB20200121A,58869.714781351715,4.6141608968276735,0
FRB20181030A,FRB20200122A,58870.4309319183,1.8692136848101941,0
FRB20181030A,FRB20200122B,58870.43542173781,4.396034375437815,0
FRB20181030A,FRB20200122C,58870.43634540252,1.6391323191264824,0
FRB20181030A,FRB20200122D,58870.923273785214,0.702659791109128,0
FRB20181030A,FRB20200122E,58870.92352374819,0.8262697878243258,0
FRB20181030A,FRB20200122F,58870.932191910455,1.5168002962058604,0
FRB20181030A,FRB20200122G,58870.93287390074,2.0870268754825143,0
FRB20190208A,FRB20200124A,58872.779841600626,4.9655635079763965,0
FRB20190417A,FRB20200124B,58872.80872175511,1.9999148028162392,0
FRB20200127B,FRB20200127B,58875.83372593621,5.172433074280573,0
FRB20200202A,FRB20200202A,58881.03565562168,8.48552338764907,0
FRB20180916B,FRB20200203A,58882.04680524103,1.2451789551294399,0
FRB20180916B,FRB20200204B,58883.03995003219,5.629219316469749,0
FRB20180916B,FRB20200204C,58883.0415546988,18.653905884173177,0
FRB20180916B,FRB20200204D,58883.044053429694,2.449139734938249,0
FRB20180916B,FRB20200204E,58883.053719324525,1.4884641036385122,0
FRB20190915D,FRB20200213C,58892.95931713478,2.1792212329319165,0
FRB20190915D,FRB20200213B,58892.96089559225,3.599715737985682,0
FRB20190915D,FRB20200214B,58893.96581561965,11.685142536317883,0
FRB20190915D,FRB20200214A,58893.96836677429,13.87341724795668,0
FRB20191106C,FRB20200215A,58894.48277320988,1.5353711712473697,0
FRB20200127B,FRB20200219B,58898.76908682063,4.945715666186011,0
FRB20180916B,FRB20200220A,58899.00705985476,1.9847567767125303,0
FRB20180916B,FRB20200221A,58900.006813700005,4.795559644447814,0
FRB20200223B,FRB20200223B,58902.929432597564,1.488139485035918,0
FRB20180814A,FRB20200224A,58903.074934394936,2.0186964365853113,0
FRB20180814A,FRB20200302A,58910.07796972645,2.9640195581457367,0
FRB20191113C,FRB20200305A,58913.259605423795,2.3926658225924315,0
FRB20200308B,FRB20200308B,58916.62734306079,5.18335959736772,0
FRB20190915D,FRB20200312A,58920.8847840545,2.8264405197770173,0
FRB20190915D,FRB20200313C,58921.88626690294,12.491762365680378,0
FRB20190208A,FRB20200314A,58922.6407545264,13.542395188321212,0
FRB20191106C,FRB20200317D,58925.39820742167,2.588800671363895,0
FRB20190113A,FRB20200321G,58929.13720654486,6.898739249897624,0
FRB20180916B,FRB20200324A,58932.89992752753,3.3425868608118674,0
FRB20190905A,FRB20200402A,58941.12769796443,19.128594594694608,0
FRB20191114A,FRB20200418A,58957.51243574146,6.711068212131533,0
FRB20200420A,FRB20200420A,58959.77491040103,1.6720517834121373,0
FRB20190208A,FRB20200422A,58961.53207685763,2.1346805414720187,0
FRB20180916B,FRB20200423B,58962.81879965028,2.187789788048,0
FRB20180916B,FRB20200424A,58963.828779534524,1.812288165425609,0
FRB20200510A,FRB20200510A,58979.09866419378,22.109593920053165,0
FRB20180916B,FRB20200512A,58981.7766230797,9.354336496728083,0
FRB20190208A,FRB20200513B,58982.47538434367,1.7542326292458406,0
FRB20180916B,FRB20200513A,58982.771574960316,2.394180274890454,0
FRB20191013D,FRB20200515A,58984.79805838491,22.194142906403936,0
FRB20191106C,FRB20200610C,59010.16824688879,0.8090760190955415,0
FRB20190303A,FRB20200613C,59013.18791929282,0.8504847641745634,0
FRB20180916B,FRB20200613A,59013.69287114986,3.8835584306403086,0
FRB20191114A,FRB20200614B,59014.357610511324,nan,0
FRB20180916B,FRB20200614A,59014.68532464922,7.16655841213218,0
FRB20191106C,FRB20200617C,59017.15093325225,2.0314698952778003,0
FRB20200619A,FRB20200619A,59019.340465908004,0.41303474095190384,0
FRB20180910A,FRB20200621D,59021.04801042168,12.122897558496913,0
FRB20181119A,FRB20200621C,59021.11044438197,2.423995236071141,0
FRB20200619A,FRB20200621A,59021.34154931058,1.7987027131814133,0
FRB20190303A,FRB20200622A,59022.16102471136,1.0118722696218594,0
FRB20190905A,FRB20200628A,59028.95922907383,2.339751300039433,0
FRB20190804E,FRB20200629C,59029.28288618111,2.536153806555354,0
FRB20200118D,FRB20200701A,59031.84983133962,3.024624824020382,0
FRB20200223B,FRB20200702C,59032.57511150838,9.553878418480002,0
FRB20180916B,FRB20200702B,59032.642852563564,6.650977084520076,0
FRB20200308B,FRB20200707A,59037.29391134597,8.860788947848276,0
FRB20190804E,FRB20200709C,59039.257220943095,1.8887386593507605,0
FRB20180916B,FRB20200717D,59047.58180964073,2.854441467282147,0
FRB20180916B,FRB20200717C,59047.587637013676,1.5934625394473896,0
FRB20200120E,FRB20200718A,59048.925369000186,nan,0
FRB20190212A,FRB20200724A,59054.282388374035,0.10887923971832338,0
FRB20190212A,FRB20200725B,59055.2353699617,0.38645513464683473,0
FRB20190417A,FRB20200726D,59056.306740717184,6.452023707235568,0
FRB20190907A,FRB20200729A,59059.82089965246,6.946544859231133,0
FRB20171019A,FRB20200801C,59062.40088700511,15.933509453111764,0
FRB20180916B,FRB20200801A,59062.56077990182,1.3183324768870903,0
FRB20190303A,FRB20200809G,59070.02806263156,4.0664588816325375,0
FRB20200809E,FRB20200809E,59070.492372114386,2.0113488766213456,0
FRB20190609C,FRB20200814G,59075.48708248723,2.4994000910187983,0
FRB20200420A,FRB20200820A,59081.4416770684,22.375335696266202,1
FRB20200223B,FRB20200821B,59082.440396434824,1.3135360341135311,1
FRB20190303A,FRB20200829A,59090.971734901395,nan,0
FRB20180916B,FRB20200903B,59095.46565415278,3.0193957254857535,0
FRB20180814A,FRB20200903A,59095.55594194084,3.197595248238644,0
FRB20180916B,FRB20200904B,59096.45281275038,3.787225492716119,0
FRB20200905B,FRB20200905B,59097.30885278359,7.642783911738585,0
FRB20200905B,FRB20200905C,59097.316383219295,3.3896077334236066,0
FRB20190303A,FRB20200909A,59101.93754245429,1.7119304643113304,0
FRB20200913C,FRB20200913C,59105.09523093272,1.3190934628838171,0
FRB20200913C,FRB20200914C,59106.10330039716,2.098003438683072,0
FRB20180916B,FRB20200919B,59111.40643079568,4.4079788325462,0
FRB20200926A,FRB20200926A,59118.10318692442,3.1681619119551003,0
FRB20200929C,FRB20200929C,59121.35512019206,9.493945602459254,0
FRB20190226B,FRB20201004B,59126.051775604654,2.408760447778651,0
FRB20200202A,FRB20201014B,59136.343827802244,25.773491134637915,0
FRB20200809E,FRB20201018C,59140.329248126516,3.118476924602618,0
FRB20191113C,FRB20201018B,59140.63909260412,1.7613509630295872,0
FRB20200619A,FRB20201022D,59144.0077164363,2.4285373396843335,1
FRB20180916B,FRB20201023B,59145.32535608867,3.764077435722836,1
FRB20190609C,FRB20201030B,59152.42714433635,3.6217973804714654,1
FRB20190303A,FRB20201103A,59156.78983738267,1.7645787658856986,1
FRB20181226F,FRB20201111A,59164.903167360775,2.016155159187039,0
FRB20201114A,FRB20201114A,59167.79997557011,4.1271460843658945,0
FRB20180916B,FRB20201123D,59176.24447383779,11.249960518080362,0
FRB20201124A,FRB20201124A,59177.36853975636,6.422206561262486,0
FRB20201124A,FRB20201124B,59177.371364483246,7.125057262039178,0
FRB20190907A,FRB20201124E,59177.49771734242,3.1060133358384974,0
FRB20200929C,FRB20201125B,59178.2001531381,nan,0
FRB20200120E,FRB20201129A,59182.56354003964,2.0735603544307915,0
FRB20201130A,FRB20201130A,59183.31902318134,7.300511463548222,0
FRB20191106C,FRB20201201A,59184.69025091077,4.288273135812101,0
FRB20190804E,FRB20201201B,59184.86068219456,1.191838964520887,0
FRB20200929C,FRB20201203C,59186.177771459545,1.7507752810148662,0
FRB20181119A,FRB20201204D,59187.65926226742,1.9330606369342045,0
FRB20201124A,FRB20201210A,59193.329663263736,24.21257688975373,0
FRB20200926A,FRB20201210B,59193.89842385737,1.359867371427719,0
FRB20190303A,FRB20201212F,59195.6812887907,1.3063675423786867,0
FRB20181128A,FRB20201215C,59198.30216276719,nan,0
FRB20190417A,FRB20201216C,59199.90826551206,3.609156476216505,0
FRB20201114A,FRB20201219A,59202.70239252428,nan,0
FRB20201221B,FRB20201221B,59204.4247531706,1.2173873108073903,0
FRB20200926A,FRB20201223A,59206.8652479901,0.6216035014914518,0
FRB20181201D,FRB20201224A,59207.857883333694,7.7339063260998735,0
FRB20201130A,FRB20201225D,59208.249328334095,nan,0
FRB20190804E,FRB20201225B,59208.79707113008,4.284973687876904,0
FRB20171019A,FRB20201227A,59210.000236563494,4.642713133246086,0
FRB20190804E,FRB20201228A,59211.786531332524,5.385710722581468,0
FRB20200929C,FRB20201229C,59212.10830688671,3.6819909046791364,0
FRB20201130A,FRB20210105G,59219.21916601412,5.448744719481272,0
FRB20180916B,FRB20210111E,59225.10427867714,2.6874097391763465,0
FRB20190609C,FRB20210113D,59227.22623728304,0.9363955732486778,0
FRB20201130A,FRB20210114B,59228.19620702674,4.593802670972496,0
FRB20200223B,FRB20210115C,59229.040231364146,3.657294615091452,0
FRB20200223B,FRB20210117F,59231.031822338125,2.2553074102905364,0
FRB20201130A,FRB20210117E,59231.18612387324,nan,0
FRB20201130A,FRB20210118B,59232.18424588323,3.277475903577671,0
FRB20210125A,FRB20210125A,59239.92645047401,1.8052313799463564,0
FRB20180916B,FRB20210127E,59241.060714381216,3.820640692542628,0
FRB20200809E,FRB20210128B,59242.038459148,2.3356936438154037,0
FRB20180916B,FRB20210129E,59243.049366729305,3.8493415284154486,0
FRB20180916B,FRB20210129C,59243.05920535136,3.5142495217756062,0
FRB20180916B,FRB20210130I,59244.04399637289,5.476897173284942,0
FRB20180916B,FRB20210130H,59244.062294367825,6.910327621490163,0
FRB20200619A,FRB20210130E,59244.72817471655,1.7844898445089576,0
FRB20180916B,FRB20210131A,59245.05832686789,3.9205191139883313,0
FRB20190303A,FRB20210203C,59248.53542624536,2.708649278133048,0
FRB20190208A,FRB20210203B,59248.74874045155,2.5251867408382718,0
FRB20201130A,FRB20210205D,59250.13808498764,nan,0
FRB20190303A,FRB20210207A,59252.52665557878,2.2144272063185477,0
FRB20200809E,FRB20210208B,59253.002414132985,6.601369430361714,0
FRB20210209C,FRB20210209C,59254.5032580377,2.853888064245512,0
FRB20190303A,FRB20210209B,59254.52322676641,2.5182570462659895,0
FRB20190417A,FRB20210211A,59256.7553779916,17.64991281623486,0
FRB20191106C,FRB20210212C,59257.48754205144,0.9630676707673407,0
FRB20190417A,FRB20210213F,59258.751964474766,2.918795910122289,0
FRB20180916B,FRB20210214D,59259.00883068436,1.2281483995550428,0
FRB20181017A,FRB20210215C,59260.629819408794,nan,0
FRB20190212A,FRB20210216B,59261.715523305385,2.7423707347319035,0
FRB20190117A,FRB20210218E,59263.83968822014,nan,0
FRB20210219C,FRB20210219C,59264.95073719241,1.1679352868708799,0
FRB20201130A,FRB20210220E,59265.09605059526,4.833619215102761,0
FRB20201124A,FRB20210220A,59265.12943161468,5.592317285409679,0
FRB20190417A,FRB20210223C,59268.71988331825,2.2323026637633547,0
FRB20201221B,FRB20210224A,59269.249368001205,3.6306648373857398,0
FRB20201221B,FRB20210226C,59271.236631614185,3.0863002795340466,0
FRB20190303A,FRB20210226B,59271.4689951527,1.9975779223825396,0
FRB20201130A,FRB20210228B,59273.069107841126,nan,0
FRB20201124A,FRB20210301A,59274.10330110041,12.004320555421303,0
FRB20180916B,FRB20210301B,59274.97350028958,1.4536302486374402,0
FRB20201221B,FRB20210302E,59275.24211015728,6.028324702188903,0
FRB20190303A,FRB20210302C,59275.4663289026,6.032363164592331,0
FRB20180916B,FRB20210302A,59275.96877312813,6.7174185663648736,0
FRB20180916B,FRB20210302G,59275.97809482441,1.0987631543911538,0
FRB20201221B,FRB20210303F,59276.23157565129,9.05025234837821,0
FRB20180916B,FRB20210303B,59276.9625700563,2.641701109039138,0
FRB20190417A,FRB20210304B,59277.696670472986,3.6669600362857473,0
FRB20180916B,FRB20210304A,59277.9603373503,3.2330741424115415,0
FRB20210305A,FRB20210305A,59278.97183832809,0.7136561835853641,0
FRB20190417A,FRB20210308C,59281.68794174849,1.8280984239796267,0
FRB20201221B,FRB20210313E,59286.202112635896,2.0395090405212546,0
FRB20200929C,FRB20210313B,59286.904990893716,4.833506376379845,0
FRB20200929C,FRB20210314A,59287.90333930559,2.260119850206915,0
FRB20191106C,FRB20210316C,59289.3989053357,0.7308392772803523,0
FRB20180916B,FRB20210320A,59293.90412563125,1.5439032497075897,1
FRB20201124A,FRB20210321A,59294.05026081125,5.529944968190486,0
FRB20210209C,FRB20210321B,59294.40411803326,1.2447734861928323,0
FRB20201124A,FRB20210322A,59295.04912428051,3.263041226964969,0
FRB20190110C,FRB20210322F,59295.52652173992,1.3166556977600208,0
FRB20201130A,FRB20210323E,59296.010826828206,2.054047103352714,0
FRB20201124A,FRB20210323A,59296.047269239345,7.623751694933128,0
FRB20210323C,FRB20210323C,59296.163551155856,1.989542118455641,0
FRB20201124A,FRB20210326A,59299.03739690027,9.389823499769896,0
FRB20200929C,FRB20210326B,59299.86586099862,3.920559977753983,0
FRB20201130A,FRB20210327F,59300.00032312665,11.586838309039614,0
FRB20201124A,FRB20210327A,59300.03220219912,8.062168683726897,0
FRB20201124A,FRB20210327C,59300.03692850693,3.9315962631993724,0
FRB20201124A,FRB20210328A,59301.03412329538,1.4239541419407622,1
FRB20190604A,FRB20210329A,59302.42051469977,3.6298311024892533,1
FRB20210330B,FRB20210330B,59303.03646586085,nan,1
FRB20201124A,FRB20210331A,59304.022992642604,4.339093339160785,0
FRB20201124A,FRB20210331B,59304.02591088124,10.145149389139563,0
FRB20201124A,FRB20210331C,59304.02679330173,2.9706562260376614,0
FRB20201124A,FRB20210331D,59304.027295184285,7.298775582566295,0
FRB20210323C,FRB20210331F,59304.14773667027,6.9186471726766605,0
FRB20180916B,FRB20210402B,59306.890100372126,1.47479180833868,0
FRB20201124A,FRB20210404A,59308.00814031536,6.464812566580897,0
FRB20190417A,FRB20210404E,59308.611174872225,2.734406976710863,0
FRB20201124A,FRB20210405A,59309.00945495836,11.289618802390951,0
FRB20201124A,FRB20210405B,59309.009452060134,18.863859093597334,0
FRB20201130A,FRB20210406A,59310.96607200017,2.004706603792463,0
FRB20210409B,FRB20210409B,59313.08732919313,4.483175076945684,0
FRB20190212A,FRB20210410C,59314.04278931214,3.581527461227644,0
FRB20201124A,FRB20210411A,59315.98847574151,nan,0
FRB20201124A,FRB20210411B,59315.992972742846,4.908365459558146,0
FRB20201124A,FRB20210412A,59316.983433332825,5.05449465370901,0
FRB20210219C,FRB20210415C,59319.189742161914,243.5378957114881,0
FRB20200120E,FRB20210421E,59325.16930987479,1.2827624599841325,0
FRB20200120E,FRB20210423G,59327.158735326804,3.3167686320951635,0
FRB20190417A,FRB20210424C,59328.56024889913,1.949638731022684,0
FRB20210323C,FRB20210426B,59330.09183596896,6.801670015044898,0
FRB20200120E,FRB20210430G,59334.138222326364,1.3059208094724828,0
FRB20210504D,FRB20210504D,59338.27736781583,13.387277905283913,0
FRB20201124A,FRB20210504A,59338.92941674181,4.823636050791717,0
FRB20210323C,FRB20210505G,59339.05642439065,nan,0
FRB20201124A,FRB20210510A,59344.91133924008,3.2443881211521957,1
FRB20190208C,FRB20210511A,59345.52381188355,25.21311552892696,0
FRB20190303A,FRB20210514C,59348.26886048259,1.0653207289693698,0
FRB20210209C,FRB20210518B,59352.24584259687,3.965294881511728,0
FRB20201124A,FRB20210518A,59352.88962702111,4.852830473845572,0
FRB20190905A,FRB20210520A,59354.58365168506,6.718625035199624,0
FRB20180916B,FRB20210521C,59355.74758533701,1.2687883872918972,0
FRB20201124A,FRB20210521A,59355.88008647681,3.143950965692972,0
FRB20201124A,FRB20210522B,59356.88116100634,6.290265298459342,0
FRB20190303A,FRB20210523E,59357.23425670051,1.4988734556035046,0
FRB20180916B,FRB20210523A,59357.74680360709,3.739365359715014,0
FRB20201124A,FRB20210525A,59359.870392322686,3.802031438861394,0
FRB20201124A,FRB20210525C,59359.87042150942,2.8977157275960272,0
FRB20210209C,FRB20210526B,59360.22150692346,3.983533587986689,0
FRB20201124A,FRB20210526D,59360.8650307756,129.87547528142778,0
FRB20201124A,FRB20210526E,59360.86767388029,nan,0
FRB20201124A,FRB20210527D,59361.86446198474,4.24558201091826,0
FRB20210601A,FRB20210601A,59366.19044981894,nan,0
FRB20210601A,FRB20210601C,59366.19081604051,8.861402875338673,0
FRB20210601A,FRB20210601D,59366.19101387472,1.8068692388241108,0
FRB20210601A,FRB20210601E,59366.19134189166,2.1901235813016626,0
FRB20210601A,FRB20210601F,59366.191412164764,6.460586038184628,0
FRB20210601A,FRB20210601G,59366.191496692874,4.852262059656065,0
FRB20210601A,FRB20210601H,59366.19162182592,14.331605221427324,0
FRB20210601A,FRB20210601I,59366.19162172519,9.607683223189534,0
FRB20210601A,FRB20210601J,59366.19168271987,4.585103107707014,0
FRB20181128A,FRB20210603E,59368.841836400155,2.6497264173306196,1
FRB20190303A,FRB20210606D,59371.195868078335,7.1774239740727515,0
FRB20181119A,FRB20210608B,59373.14569276111,6.212199601154011,0
FRB20190212A,FRB20210610A,59375.8715233221,3.72076348245285,0
FRB20190208A,FRB20210612B,59377.39379610836,3.8605302012591904,0
FRB20181119A,FRB20210614D,59379.13756976929,3.219663648832403,0
FRB20191106C,FRB20210617A,59382.14621621466,1.7413595906474568,1
FRB20181119A,FRB20210624B,59389.105152356235,9.542500074817319,0
FRB20200929C,FRB20210624A,59389.62524623145,4.119817350357454,0
FRB20180916B,FRB20210625A,59390.652026775075,3.7584589474609906,0
FRB20180916B,FRB20210626A,59391.66129843726,1.9819075739220524,1
FRB20180916B,FRB20210711A,59406.60024774357,2.947105368304243,0
FRB20180916B,FRB20210711B,59406.60612573262,1.9592795576732305,0
FRB20200223B,FRB20210712B,59407.54813505256,nan,0
FRB20180916B,FRB20210712A,59407.59936322344,13.203641523966034,0
FRB20180916B,FRB20210713C,59408.59280074715,1.0855890009746565,0
FRB20200118D,FRB20210722A,59417.800093760656,0.2807136252761913,0
FRB20181201D,FRB20210729C,59424.28662837747,2.1558656755090473,0
FRB20190212A,FRB20210805A,59431.25655593955,1.5195786496873045,0
FRB20210409B,FRB20210810D,59436.27304335502,2.5335896977836856,0
FRB20180916B,FRB20210814C,59440.507259287035,2.3418696053760555,0
FRB20180916B,FRB20210814B,59440.51584798244,nan,0
FRB20181128A,FRB20210816B,59442.637283203265,nan,0
FRB20210822E,FRB20210822E,59448.02225149698,1.6061201755975545,0
FRB20191106C,FRB20210822A,59448.96952080851,1.263815002119632,0
FRB20200120E,FRB20210823C,59449.82218241038,nan,0
FRB20180916B,FRB20210829E,59455.46628354451,1.721408271620069,0
FRB20190905A,FRB20210830H,59456.48631586733,20.798743197991925,0
FRB20210504D,FRB20210830A,59456.95197575006,4.7580716968916015,0
FRB20200929C,FRB20210903D,59460.43016738337,nan,0
FRB20201124A,FRB20210919B,59476.552019930896,5.104556586525304,0
FRB20190117A,FRB20210920C,59477.25602524776,6.999409193566989,0
FRB20201124A,FRB20210921A,59478.54664042084,6.140643373726549,0
FRB20190417A,FRB20210924B,59481.140017530175,nan,0
FRB20210924C,FRB20210924C,59481.18340104539,0.9821565374830604,0
FRB20190929E,FRB20210925C,59482.185580239726,6.477912782430164,0
FRB20180916B,FRB20210929C,59486.38963301564,3.379322988902813,0
FRB20200929C,FRB20210930A,59487.35525570823,3.413275413609926,0
FRB20180916B,FRB20210930E,59487.38214265147,1.468444389821597,0
FRB20180916B,FRB20210930D,59487.397668067395,2.4643554230710984,0
FRB20190929E,FRB20211004D,59491.161518735775,3.407989451551019,0
FRB20190208A,FRB20211009B,59496.07039718224,3.4159821781845756,0
FRB20190929E,FRB20211010C,59497.14576914711,2.8845938247812177,0
FRB20190303A,FRB20211014B,59501.84489296213,3.9139481997414136,0
FRB20210924C,FRB20211015D,59502.12919043048,4.048494962464763,0
FRB20181018B,FRB20211021C,59508.1833008749,3.224687722862927,1
FRB20190320E,FRB20211029A,59516.88762290107,7.345981270576883,0
FRB20211030A,FRB20211030A,59517.81906777948,5.8196269066831094,0
FRB20180916B,FRB20211101D,59519.30410430578,3.1166019130743314,0
FRB20180916B,FRB20211101C,59519.30469748423,24.841541763956577,0
FRB20180916B,FRB20211101B,59519.30908626384,6.1160987796454815,0
FRB20180916B,FRB20211103B,59521.28870787569,6.84455683499654,0
FRB20191106C,FRB20211104B,59522.765805813,3.2449410386115316,0
FRB20190929E,FRB20211105F,59523.074468310755,18.49057182027513,0
FRB20190303A,FRB20211107D,59525.77797736734,8.262008353708314,0
FRB20181119A,FRB20211111A,59529.720501127864,3.9111001421892113,0
FRB20190117A,FRB20211114A,59532.10691102194,47.95197671867011,0
FRB20200510A,FRB20211115D,59533.579329704524,nan,0
FRB20191106C,FRB20211115B,59533.734177330436,1.08906670005654,0
FRB20200929C,FRB20211117E,59535.21980322721,2.9281785307738106,0
FRB20180916B,FRB20211118B,59536.26591383539,1.9016509335869634,0
FRB20190117A,FRB20211119D,59537.08923208898,0.6731412459758062,0
FRB20211120C,FRB20211120C,59538.280483879316,1.8100982215407866,0
FRB20190303A,FRB20211125A,59543.732552885,1.5272478243207028,0
FRB20210822E,FRB20211125B,59543.753478086845,1.2153088040593159,0
FRB20210822E,FRB20211128B,59546.74542470619,nan,0
FRB20210330B,FRB20211129D,59547.87081986295,6.160282197845399,1
FRB20190208A,FRB20211129B,59547.927826603925,1.9776545279092292,1
FRB20180916B,FRB20211204D,59552.211827289735,3.205858930507556,0
FRB20180916B,FRB20211205F,59553.20972049546,1.1204149025908832,0
FRB20190208A,FRB20211205A,59553.91601049695,2.5987220159957474,0
FRB20200926A,FRB20211206A,59554.91389181385,3.037859950150974,0
FRB20190905A,FRB20211213C,59561.391783941275,6.2108301161150035,0
FRB20191106C,FRB20211219E,59567.64042831295,0.9447225370638406,0
FRB20180916B,FRB20211221A,59569.16265631759,3.1297623146379094,0
FRB20180916B,FRB20211222B,59570.15497814603,4.821234362754764,0
FRB20190208A,FRB20211223B,59571.86459387085,0.7402203716076713,0
FRB20211227A,FRB20211227A,59575.400364354005,6.1325223238810445,0
FRB20190208A,FRB20211228A,59576.85104912403,5.040502475800237,0
FRB20190208A,FRB20211229A,59577.84673773085,nan,0
FRB20220101A,FRB20220101A,59580.731049064816,1.6474948745441569,0
FRB20190303A,FRB20220103C,59582.627474568064,0.7017707601524126,0
FRB20190716C,FRB20220107B,59586.09859706616,3.811313638425118,0
FRB20181128A,FRB20220107A,59586.239715155716,nan,0
FRB20191106C,FRB20220118B,59597.56025690645,3.46907795954825,1
FRB20220123A,FRB20220123A,59602.55790976419,1.8526129739626729,0
FRB20210822E,FRB20220202A,59612.56691102551,40.34885207004353,0
FRB20190804E,FRB20220203A,59613.689098108836,5.294570022549763,0
FRB20190417A,FRB20220207B,59617.768588188315,15.275975021350371,0
FRB20220207A,FRB20220207A,59617.80857691526,53.99875082758449,0
FRB20200929C,FRB20220209A,59619.99073416207,4.6567544610998315,0
FRB20181119A,FRB20220213A,59623.458561591804,2.307269650280075,0
FRB20190303A,FRB20220214D,59624.510439809135,2.4764988854650274,0
FRB20200929C,FRB20220225E,59635.95307384364,3.666114588083493,0
FRB20180916B,FRB20220225A,59635.98286178056,3.8412151071614797,0
FRB20220123A,FRB20220228B,59638.45790018066,2.7158296653277976,0
FRB20210125A,FRB20220302A,59640.82850337625,6.468963677778138,0
FRB20200929C,FRB20220305B,59643.933732575955,2.3019874034851497,0
FRB20181119A,FRB20220311C,59649.39486934894,6.680045003479868,0
FRB20180916B,FRB20220312A,59650.934389091904,1.8118531540821015,0
FRB20190907A,FRB20220313B,59651.19777506516,2.386263240526523,0
FRB20220316A,FRB20220316A,59654.82984659448,0.6152470317483767,0
FRB20200929C,FRB20220317A,59655.892456369125,1.0309716147548738,0
FRB20220319C,FRB20220319C,59657.46135491435,2.5885196753653474,0
FRB20181119A,FRB20220321C,59659.36258561355,2.3697665035613107,0
FRB20181017A,FRB20220322C,59660.543783586676,19.93374116934928,0
FRB20220316A,FRB20220325A,59663.808606669365,nan,0
FRB20180916B,FRB20220328A,59666.89952466894,3.053395177097423,0
FRB20200619A,FRB20220329B,59667.56834466284,3.3394579734977663,0
FRB20181128A,FRB20220408A,59677.99101284359,2.436287054003452,0
FRB20191106C,FRB20220411C,59680.32589615024,0.705732947313223,0
FRB20190929E,FRB20220414B,59683.6389372327,2.7961860715972784,0
FRB20190804E,FRB20220416B,59685.4908515641,0.9956956932955504,0
FRB20190212A,FRB20220421B,59690.52213586534,3.8160224434265118,0
FRB20191106C,FRB20220423B,59692.298991872034,3.230419668631277,0
FRB20220428C,FRB20220428C,59697.09464922684,19.886180595786808,0
FRB20220428C,FRB20220428B,59697.09467290314,40.93307344086174,0
FRB20181201D,FRB20220428A,59697.73030141237,nan,0
FRB20220505A,FRB20220505A,59704.79356371736,3.672355329847964,0
FRB20211227A,FRB20220507A,59706.04677220321,4.1426198576691355,0
FRB20191106C,FRB20220514C,59713.24328091165,1.9045921098693268,0
FRB20180916B,FRB20220517F,59716.77111439094,8.676250955492316,0
FRB20211227A,FRB20220518B,59717.01722861512,2.5180113658753656,0
FRB20210924C,FRB20220521C,59720.52670838761,2.5284013596913093,0
FRB20190907A,FRB20220525A,59724.002661616716,5.04043634037342,0
FRB20211120C,FRB20220525B,59724.771954891854,7.7218734817809676,0
FRB20210125A,FRB20220528C,59727.59296489605,2.6781247514108752,0
FRB20220529A,FRB20220529A,59728.701470056585,3.7666497820160645,0
FRB20190417A,FRB20220530B,59729.46689461961,6.579292285735833,0
FRB20180916B,FRB20220602D,59732.717548338696,0.9078599129669855,0
FRB20220319C,FRB20220608A,59738.240624727456,5.686557351325258,0
FRB20220319C,FRB20220613B,59743.22570349768,17.004448964246187,0
FRB20181201D,FRB20220615A,59745.510243024495,nan,0
FRB20220529A,FRB20220615B,59745.65332344724,11.180966324481126,0
FRB20180916B,FRB20220618B,59748.67745647655,0.7081079747885431,0
FRB20220618C,FRB20220618C,59748.71851595231,27.2671519274931,0
FRB20190417A,FRB20220619A,59749.4079886456,5.748588748448153,0
FRB20180916B,FRB20220619B,59749.66674883032,7.989135647462418,0
FRB20211030A,FRB20220627I,59757.56954276118,nan,0
FRB20180916B,FRB20220705A,59765.632129732025,2.9281631468129907,1
FRB20180916B,FRB20220705B,59765.63329832518,10.589398607703199,1
FRB20220101A,FRB20220708A,59768.21948360339,1.800840536189067,0
FRB20220529A,FRB20220711B,59771.58179658141,4.289659974208506,0
FRB20220529A,FRB20220714C,59774.57272692688,8.487200820937403,0
FRB20190417A,FRB20220716A,59776.33174925506,9.85116708937816,0
FRB20220529A,FRB20220718A,59778.5637934542,4.641840968273017,0
FRB20220101A,FRB20220719B,59779.19143383473,1.7889861172550978,0
FRB20180916B,FRB20220722A,59782.57867252725,0.5520764005207142,0
FRB20220505A,FRB20220725B,59785.57293223766,4.606006829189428,0
FRB20220618C,FRB20220807B,59798.582316742635,6.297525508792327,0
FRB20180916B,FRB20220808A,59799.52175042063,2.665270877894466,0
FRB20180916B,FRB20220809D,59800.53500052523,3.450229312984761,0
FRB20191106C,FRB20220810A,59801.00499829255,nan,0
FRB20220529A,FRB20220818A,59809.47717013793,3.466383586026137,0
FRB20220529A,FRB20220822B,59813.4692099201,1.5551662720511048,1
FRB20210409B,FRB20220901A,59823.21110599452,1.5054510495268123,0
FRB20190117A,FRB20220904A,59826.30280053322,2.5851322618978165,0
FRB20220618C,FRB20220904F,59826.50591120884,70.29721849673366,0
FRB20220618C,FRB20220904C,59826.50938104104,34.92962714522981,0
FRB20180916B,FRB20220908G,59830.45378353273,4.149471567225763,0
FRB20210209C,FRB20220909D,59831.92543973442,nan,0
FRB20220912A,FRB20220911B,59833.316209192446,1.4713866910447233,0
FRB20220912A,FRB20220912A,59834.32350193558,1.9757478519208589,0
FRB20220912A,FRB20220915A,59837.31364123929,0.7018779760183712,0
FRB20220912A,FRB20220915B,59837.31389769629,2.564490735644937,0
FRB20220912A,FRB20221012B,59864.238433949555,0.7477491568122057,0
FRB20220912A,FRB20221012C,59864.243677034654,11.456136592230553,0
FRB20220912A,FRB20221012D,59864.24520580166,1.6914138880138778,0
FRB20220912A,FRB20221013A,59865.23667715749,3.2114941689276435,0
FRB20220912A,FRB20221013B,59865.23726591868,3.7098444905404855,0
FRB20220912A,FRB20221013C,59865.2426997099,7.233984824982335,0
FRB20210822E,FRB20221013H,59865.88108945161,1.2119031392922535,0
FRB20220912A,FRB20221014C,59866.23505940479,2.4151969306078254,0
FRB20220912A,FRB20221014D,59866.23587138828,4.020322872654347,0
FRB20220912A,FRB20221015B,59867.231654464056,2.638230530948008,0
FRB20190208A,FRB20221018B,59870.046712967254,2.076477175313943,0
FRB20220912A,FRB20221018C,59870.22673647424,1.9328307087133176,0
FRB20220912A,FRB20221020A,59872.224472593196,1.0463167102652684,0
FRB20220912A,FRB20221021A,59873.21353151862,1.3155906801994597,0
FRB20220912A,FRB20221021B,59873.2156228157,1.4761624983784982,0
FRB20220912A,FRB20221022C,59874.216141416284,5.59321338036214,0
FRB20220912A,FRB20221022D,59874.219862551116,1.1033205299941886,0
FRB20220912A,FRB20221023G,59875.207517091294,2.271392617301043,0
FRB20220912A,FRB20221023B,59875.207527103645,3.928265684159622,0
FRB20220912A,FRB20221023C,59875.208298516656,3.377201753146516,0
FRB20220912A,FRB20221023D,59875.20976622621,0.9840875071351842,0
FRB20220912A,FRB20221023E,59875.21574060452,nan,0
FRB20220912A,FRB20221025B,59877.204269197944,3.0900887318230135,0
FRB20220912A,FRB20221025C,59877.204587294924,2.76343757516256,0
FRB20220912A,FRB20221025K,59877.20621284493,1.152005750768846,0
FRB20220912A,FRB20221025D,59877.206254106,1.2416123462519453,0
FRB20220912A,FRB20221025E,59877.20730800151,2.3860691848274054,0
FRB20220912A,FRB20221025F,59877.207659675245,1.072845695892927,0
FRB20220912A,FRB20221030A,59882.18666945678,3.6750450503723737,0
FRB20220912A,FRB20221030B,59882.19092819764,2.0624365820352604,0
FRB20220912A,FRB20221030C,59882.19093328971,7.098599242974947,0
FRB20220912A,FRB20221031B,59883.1877456507,3.131128777289975,0
FRB20220912A,FRB20221031C,59883.188336698084,nan,0
FRB20220912A,FRB20221101C,59884.183845815096,3.6977928482443243,0
FRB20220912A,FRB20221101D,59884.18668478618,10.669968037900066,0
FRB20200929C,FRB20221101G,59884.27162297018,nan,0
FRB20181128A,FRB20221101E,59884.421731762406,6.8617706562478045,0
FRB20220912A,FRB20221102A,59885.18428520889,5.072207387533526,0
FRB20220912A,FRB20221102B,59885.184534939086,8.076961077455016,0
FRB20220912A,FRB20221102C,59885.185404366486,3.7367233469207073,0
FRB20220912A,FRB20221102D,59885.187635296796,1.9199067615569474,0
FRB20220912A,FRB20221103B,59886.17614603057,1.8595562396784646,0
FRB20220912A,FRB20221103C,59886.17976091338,4.319912440283482,0
FRB20220912A,FRB20221103D,59886.185135233645,1.351221223908141,0
FRB20220912A,FRB20221104A,59887.176789549936,2.8181119688619845,0
FRB20220912A,FRB20221104B,59887.17752564084,15.534036045755885,0
FRB20220912A,FRB20221104C,59887.179168925126,4.4415581585671315,0
FRB20220912A,FRB20221104D,59887.1829316492,2.5191862200799786,0
FRB20220912A,FRB20221106B,59889.16675724043,2.9268223403696947,0
FRB20220912A,FRB20221106C,59889.16983613123,1.87740868946547,0
FRB20220912A,FRB20221106D,59889.17025019241,5.691926832878229,0
FRB20220912A,FRB20221106E,59889.17092579855,2.4793779387240207,0
FRB20220912A,FRB20221106F,59889.17474245263,3.3903229935567185,0
FRB20220912A,FRB20221106G,59889.17518738434,0.3058698650912082,0
FRB20220912A,FRB20221106H,59889.18199367942,5.3889087811284835,0
FRB20220912A,FRB20221107E,59890.16790856906,nan,0
FRB20220912A,FRB20221107F,59890.17036548148,0.575906577810894,0
FRB20220912A,FRB20221107G,59890.17040204451,3.1812309876248244,0
FRB20220912A,FRB20221107H,59890.170483807546,3.115042034594213,0
FRB20220912A,FRB20221107I,59890.170724253716,nan,0
FRB20220912A,FRB20221108B,59891.16466763821,2.266787299951073,1
FRB20220912A,FRB20221108C,59891.17180542349,1.4590897279261454,1
FRB20220912A,FRB20221109B,59892.156526714425,3.1056769984297907,1
FRB20220912A,FRB20221109C,59892.16449001607,2.5930970466006027,1
FRB20220912A,FRB20221111A,59894.15640773428,5.324709797400818,1
FRB20220912A,FRB20221111B,59894.159759546,1.007122729868409,1
FRB20220912A,FRB20221112A,59895.14860507279,1.9541203055860465,1
FRB20220912A,FRB20221112B,59895.152431272705,2.6002523017197747,1
FRB20220912A,FRB20221112C,59895.15492846597,5.351814961793816,1
FRB20220912A,FRB20221112D,59895.15679970876,5.250275138378106,1
FRB20220912A,FRB20221112E,59895.15796192765,5.143848598640919,1
FRB20220912A,FRB20221112F,59895.1584863987,nan,1
FRB20220912A,FRB20221113B,59896.14879438897,6.536522399323561,1
FRB20220912A,FRB20221113C,59896.15317978568,2.60058951239381,1
FRB20220912A,FRB20221113D,59896.15464794519,6.828190078466482,1
FRB20220912A,FRB20221114A,59897.14845197211,3.71386140090526,0
FRB20220912A,FRB20221114B,59897.15132590755,11.74137741102009,0
FRB20220912A,FRB20221114C,59897.152901395166,2.2460584200980347,0
FRB20220912A,FRB20221115F,59898.15108632977,1.7414426664201283,0
FRB20220912A,FRB20221115B,59898.15228680131,4.268259787612972,0
FRB20180916B,FRB20221115C,59898.258333310034,1.4185451820465438,0
FRB20180916B,FRB20221115D,59898.25875386057,3.369346614279006,0
FRB20220912A,FRB20221116J,59899.14326222593,10.046946067755403,0
FRB20220912A,FRB20221116C,59899.14331081339,1.3948297542813477,0
FRB20220912A,FRB20221116D,59899.14610143521,2.941665346164493,0
FRB20220912A,FRB20221116E,59899.14951036089,nan,0
FRB20220912A,FRB20221116F,59899.149510190626,123.83905352999948,0
FRB20220912A,FRB20221117J,59900.14186207381,6.330474575065992,0
FRB20220912A,FRB20221117E,59900.14230453175,6.495966457312854,0
FRB20220912A,FRB20221117F,59900.14287795298,4.5854983380752055,0
FRB20220912A,FRB20221117G,59900.14290896921,2.9251880058941473,0
FRB20220912A,FRB20221117H,59900.143018141534,2.116875293267786,0
FRB20220912A,FRB20221117I,59900.14456568782,6.689911803882382,0
FRB20220912A,FRB20221118A,59901.13886167784,8.195040097339845,0
FRB20220912A,FRB20221118B,59901.1399161601,3.071135355380936,0
FRB20220912A,FRB20221119B,59902.13766278899,2.925586315741427,1
FRB20220912A,FRB20221129A,59912.105848111525,7.920759473317422,0
FRB20220912A,FRB20221129B,59912.10834342943,6.1488871856076095,0
FRB20220912A,FRB20221129C,59912.10893494171,3.9007837649776973,0
FRB20220912A,FRB20221129D,59912.11048748725,nan,0
FRB20220912A,FRB20221130A,59913.10577444664,4.868463847425318,0
FRB20220912A,FRB20221130B,59913.11095019534,7.017761527524453,0
FRB20190208A,FRB20221130D,59913.92767663525,2.590221868758872,0
FRB20220912A,FRB20221201B,59914.10168624291,7.121349545413184,0
FRB20220912A,FRB20221201C,59914.105711002594,2.178726516938383,0
FRB20220912A,FRB20221201D,59914.10733935631,4.219362797065265,0
FRB20220912A,FRB20221202A,59915.0762725537,2.3838067920377464,0
FRB20220912A,FRB20221202B,59915.09610238256,6.56741204036468,0
FRB20220912A,FRB20221202C,59915.10593828645,1.3181353104786053,0
FRB20220912A,FRB20221203C,59916.09432175192,4.7936345934497355,0
FRB20220912A,FRB20221203D,59916.09470955291,1.7592572315038875,0
FRB20220912A,FRB20221203E,59916.09500182541,3.8909918164897648,0
FRB20220912A,FRB20221203F,59916.09589203077,2.810589746441269,0
FRB20220912A,FRB20221203G,59916.09623303066,2.048517063323688,0
FRB20220912A,FRB20221203H,59916.09681224529,3.8566036774477612,0
FRB20220912A,FRB20221203I,59916.096882261205,2.657028752389434,0
FRB20220912A,FRB20221203J,59916.09781933418,2.853703882813205,0
FRB20220912A,FRB20221203K,59916.09941410494,9.000138284417693,0
FRB20220912A,FRB20221203L,59916.101195592484,7.233120414093436,0
FRB20220912A,FRB20221203M,59916.10196490349,1.0997345468159492,0
FRB20220912A,FRB20221204A,59917.09344004921,2.7551243151157725,0
FRB20220912A,FRB20221204B,59917.09426221513,3.126501706160994,0
FRB20220912A,FRB20221204C,59917.095050713346,nan,0
FRB20220912A,FRB20221204D,59917.09694565736,3.170817214377609,0
FRB20220912A,FRB20221204E,59917.09835413944,nan,0
FRB20190303A,FRB20221204F,59917.708298715384,9.682793191844183,0
FRB20220912A,FRB20221205K,59918.089011782846,1.563837736040432,0
FRB20220912A,FRB20221205B,59918.09067269715,13.083047225169462,0
FRB20220912A,FRB20221205C,59918.091440149896,2.135168857172225,0
FRB20220912A,FRB20221205D,59918.09204503661,3.945742207864704,0
FRB20220912A,FRB20221205E,59918.09265342806,0.5841207466161437,0
FRB20220912A,FRB20221205F,59918.09277788846,14.606499463920652,0
FRB20220912A,FRB20221205G,59918.09420403833,11.870542827309286,0
FRB20220912A,FRB20221205H,59918.09584967978,4.412149976836343,0
FRB20220912A,FRB20221205I,59918.097157248616,1.4529983011224976,0
FRB20220912A,FRB20221206A,59919.08744786502,6.562830543793377,0
FRB20220912A,FRB20221206B,59919.09064580854,0.9693123616442001,0
FRB20220912A,FRB20221206C,59919.09097639958,2.60981830708782,0
FRB20220912A,FRB20221206D,59919.09097978702,7.37412322914067,0
FRB20220912A,FRB20221206E,59919.09134151957,5.678584563277192,0
FRB20220912A,FRB20221206F,59919.091670915506,2.007438421893661,0
FRB20220912A,FRB20221207B,59920.08817573973,5.023616474539587,0
FRB20220912A,FRB20221207C,59920.088953257975,4.8217010066795565,0
FRB20220529A,FRB20221207D,59920.178920410115,1.1215570717793861,0
FRB20190907A,FRB20221207E,59920.46158513451,4.589091154621161,0
FRB20220912A,FRB20221208A,59921.04326649675,nan,0
FRB20220912A,FRB20221208B,59921.09135733202,nan,0
FRB20220912A,FRB20221208C,59921.11786131347,nan,0
FRB20220912A,FRB20221210B,59923.07563973633,1.899605219491275,0
FRB20220912A,FRB20221210C,59923.07869389276,nan,0
FRB20220912A,FRB20221210E,59923.08033415061,19.21585186945378,0
FRB20220529A,FRB20221210G,59923.171025201395,3.6888985580907967,0
FRB20220912A,FRB20221211A,59924.074168357874,8.627783257014665,0
FRB20220912A,FRB20221211B,59924.07431220576,1.8461753586449392,0
FRB20220912A,FRB20221211C,59924.08015971656,5.808838157676837,0
FRB20220912A,FRB20221212A,59925.06884810561,7.423323807552563,1
FRB20220912A,FRB20221212C,59925.06973622088,14.393516595274205,1
FRB20220912A,FRB20221213B,59926.06987184417,5.560062612427138,0
FRB20220912A,FRB20221213C,59926.07013485106,2.108517348801718,0
FRB20220912A,FRB20221213D,59926.07076471043,2.4857278408765557,0
FRB20220912A,FRB20221213E,59926.07119137307,9.741504027745416,0
FRB20220912A,FRB20221213F,59926.071187752445,nan,0
FRB20190224D,FRB20221213H,59926.384865977816,5.228974086016265,0
FRB20220912A,FRB20221214A,59927.067422468914,2.8245859259358896,0
FRB20220529A,FRB20221214B,59927.15391810038,nan,0
FRB20220912A,FRB20221215A,59928.05893705925,4.382564409741111,0
FRB20220912A,FRB20221215B,59928.06022759902,0.5548400886056879,0
FRB20220912A,FRB20221215C,59928.06326988531,1.2755119324316058,0
FRB20220912A,FRB20221215D,59928.06431401721,1.9356197756314284,0
FRB20220912A,FRB20221215E,59928.06712759362,6.465621922234629,0
FRB20180916B,FRB20221215G,59928.176000907275,6.844158851291084,0
FRB20220912A,FRB20221216A,59929.06127709541,7.78294160380334,0
FRB20220912A,FRB20221216B,59929.06349260553,28.225260731116897,0
FRB20220529A,FRB20221216D,59929.15072139975,5.575888607829503,0
FRB20220912A,FRB20221217A,59930.059833323605,nan,0
FRB20220912A,FRB20221217B,59930.05983006402,12.407179416944317,0
FRB20220912A,FRB20221217C,59930.061069818694,8.202579933236505,0
FRB20220912A,FRB20221218A,59931.05270652155,3.921550337737039,0
FRB20220912A,FRB20221218B,59931.06058330128,2.4499362245028156,0
FRB20220912A,FRB20221219B,59932.052066042655,3.483759659943855,0
FRB20220912A,FRB20221219C,59932.05208841915,1.242400157473119,0
FRB20220912A,FRB20221219D,59932.0559722733,3.7355378764603353,0
FRB20220912A,FRB20221219E,59932.05700145106,9.981644749186446,0
FRB20220912A,FRB20221220A,59933.051727857994,5.957152046155919,0
FRB20220912A,FRB20221220B,59933.051767712626,2.828000866413313,0
FRB20220912A,FRB20221220C,59933.05509180034,11.884317058435848,0
FRB20220912A,FRB20221220D,59933.05681722624,6.271071212001776,0
FRB20220912A,FRB20221221A,59934.04735711199,13.15464428252805,0
FRB20220912A,FRB20221221B,59934.048110599746,10.702151371340598,0
FRB20220912A,FRB20221221C,59934.049986788865,2.411378099002217,0
FRB20220912A,FRB20221222A,59935.026302542305,5.8227397727828345,0
FRB20220912A,FRB20221222B,59935.04276095206,3.675364484452859,0
FRB20220912A,FRB20221222C,59935.044539028044,32.6715911552052,0
FRB20220912A,FRB20221222D,59935.04610242162,3.0105330957827476,0
FRB20220912A,FRB20221222E,59935.04913955266,4.557083583339728,0
FRB20220912A,FRB20221223B,59936.03819203152,5.564311055307982,0
FRB20220912A,FRB20221223C,59936.04208116325,4.875843648382585,0
FRB20220912A,FRB20221223D,59936.04477348356,5.841363149673658,0
FRB20220912A,FRB20221223E,59936.04654784864,14.796048558430364,0
FRB20190117A,FRB20221223I,59936.99821884885,4.786055915852421,0
FRB20220912A,FRB20221224A,59937.037668233905,4.321552138892872,0
FRB20220912A,FRB20221224B,59937.04041873003,8.646812605229446,0
FRB20220912A,FRB20221224C,59937.04227700828,9.960107021835288,0
FRB20220912A,FRB20221224D,59937.044541829004,3.13466292083308,0
FRB20220912A,FRB20221226A,59939.03333197413,5.474119013193862,0
FRB20220912A,FRB20221226B,59939.0340866816,11.462691781827212,0
FRB20220912A,FRB20221226C,59939.03626571911,4.326880080640455,0
FRB20220912A,FRB20221227A,59940.03087649198,5.4059525982535535,1
FRB20220912A,FRB20221227B,59940.032177421905,3.213497463755222,1
FRB20220912A,FRB20221230A,59943.018817249846,12.298565612981731,1
FRB20220912A,FRB20221231A,59944.01983131471,4.785555937236916,0
FRB20220912A,FRB20221231B,59944.025391745214,7.766072990996854,0
FRB20220912A,FRB20221231C,59944.034145711084,nan,0
FRB20180916B,FRB20221231D,59944.14644159735,2.3753243948543536,0
FRB20220912A,FRB20230101A,59945.021788288825,7.6362527411836485,1
FRB20220912A,FRB20230102A,59946.01540997283,5.350078472194399,1
FRB20220912A,FRB20230102B,59946.015858177096,nan,1
FRB20220912A,FRB20230102C,59946.016036284964,28.076105224013116,1
FRB20220912A,FRB20230104A,59948.013836198,4.798028806303517,1
FRB20220912A,FRB20230104B,59948.01421028244,4.268873948867245,1
FRB20220912A,FRB20230105A,59949.005336601,nan,1
FRB20220912A,FRB20230105B,59949.01282188983,2.945527026392781,1
FRB20220912A,FRB20230106A,59950.00104828912,7.484471498698791,1
FRB20190117A,FRB20230106C,59950.96007348807,14.500586893591839,1
FRB20220912A,FRB20230106D,59950.998687755324,10.470254847474873,1
FRB20220912A,FRB20230107A,59951.00431742805,17.341849367649218,1
FRB20220912A,FRB20230107B,59951.00565754301,9.444017409920008,1
FRB20210409B,FRB20230124B,59968.806261837824,nan,1
FRB20220207A,FRB20230125A,59969.33285564696,2.6681933341716344,1
FRB20220912A,FRB20230201A,59976.934693053816,nan,0
FRB20220912A,FRB20230202B,59977.932364039,3.3065717553254514,0
FRB20220912A,FRB20230203B,59978.923858866605,8.706081376072943,0
FRB20220912A,FRB20230210F,59985.9095617849,1.8463244646318424,1
FRB20220912A,FRB20230214A,59989.8942934928,5.116574267352207,0
FRB20220912A,FRB20230214B,59989.89430486794,nan,0
FRB20220912A,FRB20230216E,59991.88720688697,2.4755813719152346,0
FRB20180916B,FRB20230218A,59993.01563753681,nan,0
FRB20190208A,FRB20230306D,60009.66716209621,3.083566486408989,0
FRB20220912A,FRB20230308D,60011.8338372112,3.3838126326970626,0
FRB20220912A,FRB20230310B,60013.8307552286,2.1634658944167695,0
FRB20220912A,FRB20230310C,60013.83337549502,nan,0
FRB20220912A,FRB20230311B,60014.82683392599,2.5523379155035952,0
FRB20220912A,FRB20230312A,60015.8208122411,1.6196056903279987,0
FRB20220912A,FRB20230312B,60015.82687167571,8.192742392871516,0
FRB20220912A,FRB20230314D,60017.815722049636,38.15666612712888,0
FRB20220912A,FRB20230315B,60018.81723525215,nan,0
FRB20190117A,FRB20230316C,60019.773577095744,2.334646266613947,0
FRB20220912A,FRB20230316D,60019.81238004699,4.122259153287543,0
FRB20220912A,FRB20230316E,60019.81562467161,10.516278452129171,0
FRB20220912A,FRB20230316F,60019.81572683297,2.125816602952215,0
FRB20220912A,FRB20230316G,60019.81573017149,4.5530819361483585,0
FRB20220912A,FRB20230317D,60020.805885162576,3.2893598719205537,0
FRB20220912A,FRB20230318C,60021.80670376046,2.4828537811130915,0
FRB20190905A,FRB20230318A,60021.9824450984,nan,0
FRB20220912A,FRB20230325B,60028.79128960013,nan,0
FRB20220912A,FRB20230327B,60030.7875803998,0.9484950349981058,0
FRB20220912A,FRB20230328B,60031.78000306544,nan,0
FRB20220912A,FRB20230329C,60032.77640840707,2.1728708495159976,0
FRB20220912A,FRB20230329D,60032.77947720044,2.6148049626760104,0
FRB20220912A,FRB20230329E,60032.781844960904,0.9572991066272668,0
FRB20210323C,FRB20230330A,60033.16220820968,4.46732229343106,0
FRB20220529A,FRB20230403A,60037.852139861854,16.517230995537464,0
FRB20220912A,FRB20230404C,60038.76184813362,nan,0
FRB20220912A,FRB20230404D,60038.763889532245,4.917910468568698,0
FRB20220912A,FRB20230406E,60040.75703787025,4.426169907024253,0
FRB20220912A,FRB20230407C,60041.751849132685,3.5990629998443815,0
FRB20220912A,FRB20230407D,60041.755135453364,3.898061235381197,0
FRB20220912A,FRB20230414C,60048.73058128961,1.1246072015543915,1
FRB20220912A,FRB20230417B,60051.72777835382,3.420642644751841,0
FRB20220912A,FRB20230418C,60052.72499423186,3.04386187606333,0
FRB20220912A,FRB20230418D,60052.72986224326,1.6240363687342965,0
FRB20220912A,FRB20230419E,60053.72278058217,0.3857644702450779,0
FRB20200929C,FRB20230422A,60056.79511303142,2.4003392280689617,0
FRB20181119A,FRB20230423B,60057.27581480735,nan,0
FRB20180916B,FRB20230423F,60057.82205474602,nan,0
FRB20210409B,FRB20230426D,60060.54482912592,14.405732590504542,0
FRB20220912A,FRB20230427B,60061.698199113234,6.376947015701608,0
FRB20210822E,FRB20230429B,60063.33676285615,nan,0
FRB20220912A,FRB20230429E,60063.688157124074,2.564668081222595,0
FRB20220912A,FRB20230429F,60063.694214450676,2.2518005680733113,0
FRB20220912A,FRB20230430B,60064.68938831715,nan,0
FRB20220912A,FRB20230502B,60066.68126172387,5.534359264358942,0
FRB20220912A,FRB20230502C,60066.683322207464,4.672174978739008,0
FRB20220912A,FRB20230502D,60066.683351836524,3.5478674613961725,0
FRB20220912A,FRB20230503B,60067.686810703985,nan,0
FRB20220912A,FRB20230503C,60067.68752278395,2.7894624214555344,0
FRB20190117A,FRB20230504C,60068.63906887498,nan,0
FRB20220912A,FRB20230504D,60068.677823873426,1.3869640446796512,0
FRB20220912A,FRB20230504E,60068.67979815984,5.352702194223344,0
FRB20220912A,FRB20230504F,60068.68083795635,2.4252536365899826,0
FRB20220912A,FRB20230505C,60069.6746877259,2.0690056035511986,0
FRB20220912A,FRB20230505D,60069.67540219525,nan,0
FRB20220912A,FRB20230505E,60069.67664380107,nan,0
FRB20220912A,FRB20230505F,60069.67796477506,2.176884716706138,0
FRB20190303A,FRB20230507A,60071.28821114911,12.55068610566215,0
FRB20220505A,FRB20230510B,60074.288865018825,18.476548412794966,0
FRB20220505A,FRB20230510C,60074.28942632929,10.441332162876552,0
FRB20220912A,FRB20230510E,60074.66349691885,2.514960404883516,0
FRB20220912A,FRB20230510F,60074.665648355556,5.552866526200081,0
FRB20180916B,FRB20230510G,60074.77908819987,18.669372499840904,0
FRB20180916B,FRB20230510H,60074.782608195776,14.611769377960263,0
FRB20190929E,FRB20230511C,60075.56479143604,3.338095064501952,0
FRB20220505A,FRB20230511E,60075.775349404765,22.16701497199114,0
FRB20220912A,FRB20230512D,60076.66211614167,nan,0
FRB20220912A,FRB20230512E,60076.66299931968,2.6212946954416285,0
FRB20200223B,FRB20230514B,60078.71141904734,1.5650791183305597,0
FRB20220912A,FRB20230527A,60091.620680142514,2.9365539846907267,1
FRB20220912A,FRB20230528C,60092.610625814144,3.8531878392610164,0
FRB20220912A,FRB20230528D,60092.61262020695,3.977647057825376,0
FRB20220912A,FRB20230530B,60094.6091236329,2.946909484327094,0
FRB20220912A,FRB20230601D,60096.60171544937,4.7484852816317,0
FRB20220912A,FRB20230601E,60096.60880920465,1.1340320750773407,0
FRB20220912A,FRB20230602C,60097.596134374966,3.4327153292090746,0
FRB20190208A,FRB20230603A,60098.4179048069,0.9483909262034779,0
FRB20220912A,FRB20230603B,60098.598595308176,3.2277355726051966,0
FRB20220529A,FRB20230603C,60098.68536814448,1.4377123833124936,0
FRB20190117A,FRB20230604D,60099.549291272124,4.176546169034668,0
FRB20200202A,FRB20230604B,60099.70443638697,3.553055976832251,0
FRB20220505A,FRB20230604C,60099.710067001746,nan,0
FRB20220529A,FRB20230605C,60100.68295336218,6.930612071901773,0
FRB20210323C,FRB20230605D,60100.9751719375,3.146607258482431,0
FRB20220912A,FRB20230606A,60101.588230573085,2.1667774956280574,0
FRB20220505A,FRB20230606B,60101.714070027236,3.4071004640964784,0
FRB20220912A,FRB20230608A,60103.58587065907,3.466034193796097,0
FRB20220529A,FRB20230619B,60114.642741696734,3.6338576489014915,0
FRB20220912A,FRB20230623A,60118.53862024028,nan,0
FRB20220912A,FRB20230623B,60118.545943997655,1.2749998601289052,0
FRB20220912A,FRB20230624B,60119.53581251505,3.0709706500251506,0
FRB20220912A,FRB20230624C,60119.54500846583,4.0875021115546755,0
FRB20220912A,FRB20230625B,60120.53673016545,1.327639640350128,0
FRB20220912A,FRB20230626C,60121.53604218849,1.6829311536462361,0
FRB20220912A,FRB20230626D,60121.53705787989,2.9188883638752507,0
FRB20220912A,FRB20230626E,60121.53739580391,5.3987466548559695,0
FRB20220912A,FRB20230626F,60121.539875658644,0.8509584385786628,0
FRB20220912A,FRB20230627A,60122.531170222894,3.992277286179567,0
FRB20220912A,FRB20230627B,60122.531247576924,1.449722250980998,0
FRB20220912A,FRB20230627C,60122.53130506218,2.9968616355137025,0
FRB20220912A,FRB20230627D,60122.53471113394,2.0270174181849647,0
FRB20220912A,FRB20230627G,60122.53508928057,3.477502103094995,0
FRB20210305A,FRB20230627E,60122.648303967835,3.1873309452198253,0
FRB20210409B,FRB20230628D,60123.36408246995,2.304194962879984,0
FRB20220912A,FRB20230628E,60123.52827987136,1.7322015559571207,0
FRB20220912A,FRB20230628F,60123.52952207062,nan,0
FRB20220912A,FRB20230628G,60123.53058585951,2.2349309523349845,0
FRB20220912A,FRB20230629B,60124.524299447025,2.785145883852528,0
FRB20220912A,FRB20230629C,60124.52605419929,6.774086980001319,0
FRB20220912A,FRB20230629D,60124.52714834652,2.628628505790162,0
FRB20220912A,FRB20230629E,60124.53092011765,1.2520007052961504,0
FRB20220912A,FRB20230630C,60125.520732981764,3.821446645200909,0
FRB20220912A,FRB20230630D,60125.5291798153,2.121685475328414,0
FRB20180916B,FRB20230630E,60125.647259920144,nan,0
FRB20220912A,FRB20230701A,60126.522470271666,2.8552673769319656,0
FRB20220912A,FRB20230702D,60127.511518126346,1.461418401007321,0
FRB20220912A,FRB20230702E,60127.51662406284,0.8654956004851216,0
FRB20220912A,FRB20230703D,60128.51858454307,2.2222646395323293,0
FRB20220912A,FRB20230704B,60129.51547584653,1.7360215647995103,0
FRB20220912A,FRB20230705B,60130.51004756433,1.406834178305339,0
FRB20220912A,FRB20230705C,60130.51332470593,0.5088840298054252,0
FRB20220912A,FRB20230706A,60131.50671063021,3.319327916454864,0
FRB20220912A,FRB20230706B,60131.510041092806,nan,0
FRB20220912A,FRB20230708B,60133.50129129233,4.24610372208474,0
FRB20220912A,FRB20230708C,60133.50650156077,5.632040785547655,0
FRB20220912A,FRB20230709A,60134.49411525206,2.983786113548764,0
FRB20220912A,FRB20230710B,60135.498835623745,4.570457689409248,0
FRB20190117A,FRB20230712C,60137.44885508164,nan,0
FRB20220912A,FRB20230712D,60137.48776190696,2.0858547609846365,0
FRB20220912A,FRB20230712E,60137.4899420366,3.3906455705217615,0
FRB20220912A,FRB20230712F,60137.49017380776,14.125033962831182,0
FRB20220912A,FRB20230712J,60137.49317668465,0.7724065006295153,0
FRB20190113A,FRB20230712G,60137.82656900271,4.0200765171244575,0
FRB20190117A,FRB20230713A,60138.450172642435,5.385990906623003,0
FRB20220912A,FRB20230713B,60138.48535731173,5.319738237859047,0
FRB20220912A,FRB20230713C,60138.49066804242,6.378758867254122,0
FRB20220912A,FRB20230713D,60138.49179355796,4.350857319148346,0
FRB20220912A,FRB20230713E,60138.49178804999,5.109597649399591,0
FRB20220912A,FRB20230713F,60138.49592312755,2.6335390226181135,0
FRB20220912A,FRB20230714B,60139.48610107586,6.011711796251082,0
FRB20220912A,FRB20230715A,60140.48357367956,4.169675772795736,1
FRB20220912A,FRB20230719A,60144.47493471259,2.299464085207018,0
FRB20220912A,FRB20230721B,60146.46735821917,5.238343963548518,0
FRB20200926A,FRB20230725C,60150.27646170201,1.1026692115074166,1
FRB20200926A,FRB20230725D,60150.27956309765,7.937547042161726,1
FRB20220912A,FRB20230726A,60151.45347216341,2.5284071211373815,1
FRB20220912A,FRB20230728D,60153.44675247177,2.0678770299141433,1
FRB20220912A,FRB20230802C,60158.434565767784,3.9261644109952196,1
FRB20220912A,FRB20230803A,60159.43403945946,2.3522573080209117,1
FRB20220912A,FRB20230803B,60159.43432758501,1.6652287397420038,1
FRB20200926A,FRB20230804A,60160.2504415199,15.128552735302637,1
FRB20220912A,FRB20230805B,60161.42910311457,nan,1
FRB20220912A,FRB20230806A,60162.41924897011,5.369359000757079,0
FRB20220912A,FRB20230806B,60162.43090190645,0.7961527484363023,0
FRB20181128A,FRB20230806C,60162.66710792719,nan,0
FRB20220912A,FRB20230807B,60163.41894734928,1.9918599482618364,0
FRB20220912A,FRB20230807C,60163.4202801519,4.885592654481019,0
FRB20220912A,FRB20230807D,60163.420823312204,3.0997857784769876,0
FRB20220912A,FRB20230808B,60164.416802739936,7.89923088265515,0
FRB20220912A,FRB20230808C,60164.419201425444,3.946809080157167,0
FRB20220912A,FRB20230808D,60164.42234294921,3.8813586265427134,0
FRB20220912A,FRB20230808E,60164.42278254445,2.385917838202496,0
FRB20220912A,FRB20230814E,60170.4006115231,6.530219836638709,0
FRB20220912A,FRB20230815A,60171.39894444229,2.556865063433671,1
FRB20220912A,FRB20230815B,60171.401547351925,2.5318657750161835,1
FRB20220912A,FRB20230815C,60171.40420516288,13.582870338467075,1
FRB20220912A,FRB20230818A,60174.39131223887,8.613208794776892,0
FRB20220912A,FRB20230826B,60182.36927906575,nan,0
FRB20220912A,FRB20230826C,60182.370226233266,7.587974913520202,0
FRB20220912A,FRB20230826D,60182.37236301652,0.7954722472532234,0
FRB20220912A,FRB20230826A,60182.37281952304,9.2449651590009,0
FRB20220912A,FRB20230827B,60183.36296176572,17.705784115239183,0
FRB20220912A,FRB20230827C,60183.36490983989,2.1178407522726057,0
FRB20220912A,FRB20230828D,60184.36199246355,3.664212848637344,0
FRB20220912A,FRB20230829A,60185.3610521308,8.080086184362147,0
FRB20220912A,FRB20230831B,60187.35223486261,1.6970211499779726,0
FRB20220912A,FRB20230901A,60188.3526297295,12.228099167422151,0
FRB20220912A,FRB20230902B,60189.34988414761,1.132712912800996,0
FRB20220912A,FRB20230903A,60190.34093698975,4.130120518257546,0
FRB20220912A,FRB20230904B,60191.34811145825,1.4139547773163343,0
FRB20220912A,FRB20230905B,60192.34218495601,5.704765865098831,0
FRB20220912A,FRB20230907A,60194.333768194345,2.9466539591608982,0
FRB20220912A,FRB20230907B,60194.33993679676,2.9179007575904707,0
FRB20220912A,FRB20230908A,60195.33015949447,4.3246080087783065,0
FRB20220912A,FRB20230908B,60195.33992081258,2.615498146034974,0
FRB20190117A,FRB20230909B,60196.28464935975,nan,0
FRB20220912A,FRB20230909C,60196.33138993148,4.260672064472772,0
FRB20220912A,FRB20230910A,60197.326178515825,3.297941119944097,0
FRB20220912A,FRB20230910B,60197.32788184548,5.175401929997686,0
FRB20190117A,FRB20230912D,60199.28086213825,2.965313337560148,0
FRB20220505A,FRB20230912E,60199.425620441005,4.036798225512138,0
FRB20220912A,FRB20230913B,60200.32003842707,2.871601160922886,0
FRB20220912A,FRB20230913C,60200.32172728899,1.6589825966947,0
FRB20190303A,FRB20230913E,60200.93406227862,2.1094886278206144,0
FRB20190224D,FRB20230914A,60201.07267737002,nan,0
FRB20220912A,FRB20230914B,60201.31351179554,2.7600603802193135,0
