burst_id,source,freq_mhz,toa_s,toa_err_s,snr
burst1.calibP,FRB20121102A?,1053.65,5.643269e-02,4.378437e-05,74.1
burst1.calibP,FRB20121102A?,1089.417,5.639318e-02,2.138947e-05,124.1
burst1.calibP,FRB20121102A?,1125.183,5.638281e-02,1.448271e-05,145.9
burst1.calibP,FRB20121102A?,1160.95,5.609632e-02,2.024526e-05,97.1
burst1.calibP,FRB20121102A?,1196.716,5.573044e-02,2.474234e-05,77.5
burst1.calibP,FRB20121102A?,1232.483,5.598943e-02,3.035698e-05,61.5
burst1.calibP,FRB20121102A?,1268.25,5.544042e-02,1.384085e-04,13.8
burst1.calibP,FRB20121102A?,1303.955,5.553707e-02,1.954630e-04,7.3
20191003_1032.calibP,FRB20121102A?,1053.65,3.844823e-01,1.004355e-04,29.4
20191003_1032.calibP,FRB20121102A?,1089.417,3.850530e-01,5.489084e-05,50.1
20191003_1032.calibP,FRB20121102A?,1125.183,3.849897e-01,4.264145e-05,62.2
20191003_1032.calibP,FRB20121102A?,1160.95,3.849834e-01,5.207698e-05,47.2
20191003_1032.calibP,FRB20121102A?,1196.716,3.848737e-01,6.230556e-05,41.0
20191003_1032.calibP,FRB20121102A?,1232.483,3.849649e-01,5.638954e-05,50.6
20191003_1032.calibP,FRB20121102A?,1268.25,3.853199e-01,1.543056e-04,16.6
20191003_1032.calibP,FRB20121102A?,1303.955,3.844602e-01,1.195576e-04,28.8
20191003_1032.calibP,FRB20121102A?,1339.6,3.846329e-01,2.165837e-04,16.8
20191003_1032.calibP,FRB20121102A?,1375.244,3.846917e-01,2.732010e-04,10.1
FRB20201124A_2021MayApr_0492,FRB20201124A,1020.997,1.277195e-02,1.092896e-04,10.8
FRB20201124A_2021MayApr_0492,FRB20201124A,1062.988,1.282215e-02,4.624918e-05,22.3
FRB20201124A_2021MayApr_0492,FRB20201124A,1104.982,1.268784e-02,5.952363e-05,16.5
FRB20201124A_2021MayApr_0492,FRB20201124A,1146.972,1.276836e-02,6.878628e-05,13.6
FRB20201124A_2021MayApr_0492,FRB20201124A,1188.956,1.262679e-02,1.075759e-04,7.8
FRB20201124A_2021MayApr_0680,FRB20201124A,1020.994,1.223278e-02,5.550346e-05,54.0
FRB20201124A_2021MayApr_0680,FRB20201124A,1062.984,1.223478e-02,3.277745e-05,82.5
FRB20201124A_2021MayApr_0680,FRB20201124A,1104.982,1.228290e-02,2.118985e-05,95.1
FRB20201124A_2021MayApr_0680,FRB20201124A,1146.976,1.228289e-02,1.426106e-05,103.4
FRB20201124A_2021MayApr_0680,FRB20201124A,1188.966,1.227261e-02,3.378539e-05,32.0
FRB20201124A_2021MayApr_0680,FRB20201124A,1230.955,1.218741e-02,2.181519e-05,40.6
FRB20201124A_2021MayApr_0680,FRB20201124A,1272.949,1.227695e-02,8.365506e-05,9.4
FRB20201124A_2021MayApr_0680,FRB20201124A,1314.941,1.232549e-02,7.995553e-05,6.8
FRB20201124A_2021MayApr_0022,FRB20201124A,1020.996,1.544244e-02,2.804224e-04,7.0
FRB20201124A_2021MayApr_0022,FRB20201124A,1062.988,1.295467e-02,3.521895e-05,39.1
FRB20201124A_2021MayApr_0022,FRB20201124A,1104.983,1.282001e-02,1.633516e-05,84.3
FRB20201124A_2021MayApr_0022,FRB20201124A,1146.969,1.272188e-02,1.035752e-05,132.9
FRB20201124A_2021MayApr_0022,FRB20201124A,1188.962,1.263367e-02,2.904692e-05,45.7
FRB20201124A_2021MayApr_0022,FRB20201124A,1230.958,1.259781e-02,4.890153e-05,26.1
FRB20201124A_2021MayApr_0022,FRB20201124A,1272.943,1.287193e-02,1.602121e-04,7.7
FRB20201124A_2021MayApr_0383,FRB20201124A,1104.98,1.484498e-02,2.390150e-04,8.4
FRB20201124A_2021MayApr_0383,FRB20201124A,1146.973,1.484506e-02,1.032129e-04,18.1
FRB20201124A_2021MayApr_0383,FRB20201124A,1188.958,1.475660e-02,5.582204e-05,33.5
FRB20201124A_2021MayApr_0383,FRB20201124A,1230.959,1.396697e-02,3.162171e-05,71.5
FRB20201124A_2021MayApr_0383,FRB20201124A,1272.944,1.375691e-02,2.078985e-05,127.7
FRB20201124A_2021MayApr_0383,FRB20201124A,1314.939,1.247574e-02,4.844276e-06,324.7
FRB20201124A_2021MayApr_0383,FRB20201124A,1356.457,1.247011e-02,2.718550e-06,506.2
FRB20201124A_2021MayApr_0383,FRB20201124A,1397.46,1.238498e-02,4.345005e-06,339.4
FRB20201124A_2021MayApr_0383,FRB20201124A,1438.476,1.189367e-02,1.119407e-05,127.3
FRB20201124A_2021MayApr_0383,FRB20201124A,1479.484,1.186277e-02,4.226028e-05,29.1
FRB20201124A_2021MayApr_1413,FRB20201124A,1020.982,1.489205e-02,6.812047e-07,865.9
FRB20201124A_2021MayApr_1413,FRB20201124A,1062.993,1.507094e-02,9.388523e-07,1151.8
FRB20201124A_2021MayApr_1413,FRB20201124A,1104.98,1.517063e-02,7.287508e-07,1146.6
FRB20201124A_2021MayApr_1413,FRB20201124A,1146.972,1.526878e-02,9.535181e-07,618.6
FRB20201124A_2021MayApr_1413,FRB20201124A,1188.964,1.175059e-02,1.102582e-05,75.8
FRB20201124A_2021MayApr_1413,FRB20201124A,1230.957,1.183567e-02,2.823731e-06,87.0
FRB20201124A_2021MayApr_1413,FRB20201124A,1272.947,1.190171e-02,1.414023e-05,13.9
FRB20201124A_2021MayApr_1413,FRB20201124A,1314.941,1.195210e-02,1.149017e-05,21.4
FRB20201124A_2021MayApr_0906,FRB20201124A,1020.986,1.456048e-02,3.148017e-04,5.6
FRB20201124A_2021MayApr_0906,FRB20201124A,1062.989,1.421385e-02,3.435807e-04,8.3
FRB20201124A_2021MayApr_0906,FRB20201124A,1104.981,1.400811e-02,2.464299e-04,11.2
FRB20201124A_2021MayApr_0906,FRB20201124A,1146.973,1.294233e-02,1.358822e-04,18.4
FRB20201124A_2021MayApr_0906,FRB20201124A,1188.968,1.263146e-02,1.126410e-04,16.1
FRB20201124A_2021MayApr_0906,FRB20201124A,1230.961,1.233445e-02,5.583018e-05,27.3
FRB20201124A_2021MayApr_0906,FRB20201124A,1272.947,1.204312e-02,3.019285e-05,39.1
FRB20201124A_2021MayApr_0906,FRB20201124A,1314.941,1.210601e-02,4.105577e-05,26.3
FRB20201124A_2021MayApr_0906,FRB20201124A,1356.445,1.199171e-02,3.257461e-05,27.2
FRB20201124A_2021MayApr_0906,FRB20201124A,1397.46,1.190998e-02,5.571557e-05,15.9
FRB20201124A_2021MayApr_0906,FRB20201124A,1438.477,1.191114e-02,9.575371e-05,7.2
FRB20201124A_2021MayApr_1029,FRB20201124A,1020.971,1.268878e-02,8.139555e-05,13.3
FRB20201124A_2021MayApr_1029,FRB20201124A,1062.99,1.251610e-02,4.248366e-05,24.3
FRB20201124A_2021MayApr_1029,FRB20201124A,1104.977,1.244555e-02,3.921711e-05,21.3
FRB20201124A_2021MayApr_1029,FRB20201124A,1146.974,1.234634e-02,6.771270e-05,13.1
FRB20201124A_2021MayApr_1029,FRB20201124A,1188.973,1.239201e-02,7.516236e-05,6.5
FRB20201124A_2021MayApr_0037,FRB20201124A,1021.018,1.195017e-02,2.159414e-05,168.4
FRB20201124A_2021MayApr_0037,FRB20201124A,1062.99,1.357557e-02,8.719435e-06,389.0
FRB20201124A_2021MayApr_0037,FRB20201124A,1104.98,1.363233e-02,4.568550e-06,527.2
FRB20201124A_2021MayApr_0037,FRB20201124A,1146.975,1.367271e-02,4.570077e-06,279.6
FRB20201124A_2021MayApr_0037,FRB20201124A,1188.962,1.356228e-02,4.303522e-05,26.3
FRB20201124A_2021MayApr_0037,FRB20201124A,1230.961,1.337813e-02,1.449654e-04,9.2
FRB20201124A_2021MayApr_0491,FRB20201124A,1020.997,1.346915e-02,1.401075e-04,17.5
FRB20201124A_2021MayApr_0491,FRB20201124A,1062.988,1.351398e-02,4.909148e-05,41.1
FRB20201124A_2021MayApr_0491,FRB20201124A,1104.978,1.307083e-02,3.131398e-05,48.7
FRB20201124A_2021MayApr_0491,FRB20201124A,1146.973,1.303635e-02,1.870550e-05,68.3
FRB20201124A_2021MayApr_0491,FRB20201124A,1188.958,1.314966e-02,2.887292e-05,49.4
FRB20201124A_2021MayApr_0491,FRB20201124A,1230.952,1.302516e-02,5.209862e-05,31.1
FRB20201124A_2021MayApr_0491,FRB20201124A,1272.94,1.232993e-02,9.866142e-05,16.9
FRB20201124A_2021MayApr_0491,FRB20201124A,1314.941,1.170462e-02,1.216652e-04,12.5
FRB20201124A_2021MayApr_1120,FRB20201124A,1104.98,1.425426e-02,2.239034e-04,7.5
FRB20201124A_2021MayApr_1120,FRB20201124A,1146.972,1.400399e-02,1.748913e-04,11.2
FRB20201124A_2021MayApr_1120,FRB20201124A,1188.962,1.390763e-02,2.540723e-04,7.7
FRB20201124A_2021MayApr_1120,FRB20201124A,1230.962,1.222917e-02,1.713059e-04,14.9
FRB20201124A_2021MayApr_1120,FRB20201124A,1272.952,1.189752e-02,1.118248e-04,20.7
FRB20201124A_2021MayApr_1120,FRB20201124A,1314.941,1.154332e-02,9.413019e-05,21.4
FRB20201124A_2021MayApr_1120,FRB20201124A,1356.445,1.135491e-02,4.326452e-05,42.0
FRB20201124A_2021MayApr_1120,FRB20201124A,1397.46,1.122159e-02,6.074758e-05,24.3
FRB20201124A_2021MayApr_1120,FRB20201124A,1438.477,1.130897e-02,4.680704e-05,30.5
FRB20201124A_2021MayApr_1120,FRB20201124A,1479.483,1.120851e-02,1.015573e-04,12.1
FRB20201124A_2021MayApr_0611,FRB20201124A,1020.997,1.360946e-02,1.923613e-05,99.7
FRB20201124A_2021MayApr_0611,FRB20201124A,1062.984,1.356712e-02,7.862739e-06,187.5
FRB20201124A_2021MayApr_0611,FRB20201124A,1104.974,1.344680e-02,9.680616e-06,167.6
FRB20201124A_2021MayApr_0611,FRB20201124A,1146.972,1.303236e-02,2.885295e-05,71.5
FRB20201124A_2021MayApr_0611,FRB20201124A,1188.956,1.239468e-02,6.560842e-05,29.2
FRB20201124A_2021MayApr_0611,FRB20201124A,1230.969,1.190627e-02,4.851087e-05,32.4
FRB20201124A_2021MayApr_0611,FRB20201124A,1272.953,1.190252e-02,1.154475e-04,9.8
FRB20201124A_2021MayApr_0712,FRB20201124A,1020.99,1.224216e-02,9.917859e-05,19.8
FRB20201124A_2021MayApr_0712,FRB20201124A,1062.989,1.241730e-02,6.194391e-05,34.1
FRB20201124A_2021MayApr_0712,FRB20201124A,1104.981,1.170073e-02,5.111412e-05,30.8
FRB20201124A_2021MayApr_0712,FRB20201124A,1146.972,1.172944e-02,1.724659e-05,79.8
FRB20201124A_2021MayApr_0712,FRB20201124A,1188.962,1.173042e-02,3.613426e-05,25.8
FRB20201124A_2021MayApr_0712,FRB20201124A,1230.954,1.189079e-02,3.039324e-05,22.6
FRB20201124A_2021MayApr_0712,FRB20201124A,1272.951,1.193635e-02,1.179874e-04,6.2
FRB20201124A_2021MayApr_0722,FRB20201124A,1104.983,1.322039e-02,1.680344e-04,8.2
FRB20201124A_2021MayApr_0722,FRB20201124A,1146.973,1.360992e-02,1.288848e-04,10.7
FRB20201124A_2021MayApr_0722,FRB20201124A,1188.965,1.355304e-02,1.045025e-04,8.0
FRB20201124A_2021MayApr_0722,FRB20201124A,1230.965,1.329613e-02,6.879687e-05,17.1
FRB20201124A_2021MayApr_0722,FRB20201124A,1272.943,1.359675e-02,1.800726e-04,8.2
FRB20201124A_2021MayApr_0722,FRB20201124A,1314.936,1.220328e-02,2.130663e-04,13.4
FRB20201124A_2021MayApr_0722,FRB20201124A,1356.445,1.184686e-02,1.519677e-04,8.1
FRB20201124A_2021MayApr_0722,FRB20201124A,1397.46,1.120647e-02,1.412301e-04,10.8
FRB20201124A_2021MayApr_0722,FRB20201124A,1438.477,1.125307e-02,2.006469e-04,5.6
FRB20201124A_2021MayApr_0905,FRB20201124A,1020.986,1.456048e-02,3.148017e-04,5.6
FRB20201124A_2021MayApr_0905,FRB20201124A,1062.989,1.421385e-02,3.435807e-04,8.3
FRB20201124A_2021MayApr_0905,FRB20201124A,1104.981,1.400811e-02,2.464299e-04,11.2
FRB20201124A_2021MayApr_0905,FRB20201124A,1146.973,1.294233e-02,1.358822e-04,18.4
FRB20201124A_2021MayApr_0905,FRB20201124A,1188.968,1.263146e-02,1.126410e-04,16.1
FRB20201124A_2021MayApr_0905,FRB20201124A,1230.961,1.233445e-02,5.583018e-05,27.3
FRB20201124A_2021MayApr_0905,FRB20201124A,1272.947,1.204312e-02,3.019285e-05,39.1
FRB20201124A_2021MayApr_0905,FRB20201124A,1314.941,1.210601e-02,4.105577e-05,26.3
FRB20201124A_2021MayApr_0905,FRB20201124A,1356.445,1.199171e-02,3.257461e-05,27.2
FRB20201124A_2021MayApr_0905,FRB20201124A,1397.46,1.190998e-02,5.571557e-05,15.9
FRB20201124A_2021MayApr_0905,FRB20201124A,1438.477,1.191114e-02,9.575371e-05,7.2
FRB20201124A_2021MayApr_1245,FRB20201124A,1104.972,1.327279e-02,1.256609e-05,7.8
FRB20201124A_2021MayApr_1245,FRB20201124A,1146.973,1.336304e-02,2.171867e-04,5.9
FRB20201124A_2021MayApr_1245,FRB20201124A,1188.964,1.316877e-02,1.226992e-04,12.4
FRB20201124A_2021MayApr_1245,FRB20201124A,1230.957,1.260175e-02,5.723009e-05,28.3
FRB20201124A_2021MayApr_1245,FRB20201124A,1272.949,1.255742e-02,2.876679e-05,42.7
FRB20201124A_2021MayApr_1245,FRB20201124A,1314.941,1.258849e-02,2.115964e-05,53.4
FRB20201124A_2021MayApr_1245,FRB20201124A,1356.449,1.248101e-02,7.128923e-06,137.9
FRB20201124A_2021MayApr_1245,FRB20201124A,1397.462,1.238855e-02,5.189242e-06,161.0
FRB20201124A_2021MayApr_1245,FRB20201124A,1438.476,1.241519e-02,1.049263e-05,79.6
FRB20201124A_2021MayApr_1245,FRB20201124A,1479.505,1.238239e-02,1.483715e-05,46.4
FRB20201124A_2021MayApr_0251,FRB20201124A,1020.995,1.282717e-02,1.191017e-04,14.4
FRB20201124A_2021MayApr_0251,FRB20201124A,1062.988,1.275488e-02,9.198400e-06,80.2
FRB20201124A_2021MayApr_0251,FRB20201124A,1104.979,1.275341e-02,4.518478e-06,141.4
FRB20201124A_2021MayApr_0251,FRB20201124A,1146.968,1.279421e-02,3.975105e-06,148.4
FRB20201124A_2021MayApr_0251,FRB20201124A,1188.974,1.288187e-02,7.764038e-06,69.6
FRB20201124A_2021MayApr_0251,FRB20201124A,1230.957,1.283729e-02,8.832455e-06,66.8
FRB20201124A_2021MayApr_0251,FRB20201124A,1272.961,1.287462e-02,9.675730e-06,61.0
FRB20201124A_2021MayApr_0251,FRB20201124A,1314.948,1.281690e-02,4.144181e-05,22.5
FRB20201124A_2021MayApr_0251,FRB20201124A,1356.445,1.175063e-02,1.662914e-04,12.4
FRB20201124A_2021MayApr_0251,FRB20201124A,1397.46,1.150479e-02,2.443885e-04,7.2
FRB20201124A_2021MayApr_0251,FRB20201124A,1438.477,1.106298e-02,1.109034e-04,7.1
FRB20201124A_2021MayApr_1584,FRB20201124A,1020.999,1.346551e-02,4.407332e-05,48.0
FRB20201124A_2021MayApr_1584,FRB20201124A,1062.988,1.313069e-02,4.124407e-05,48.9
FRB20201124A_2021MayApr_1584,FRB20201124A,1104.981,1.286258e-02,6.749494e-05,28.4
FRB20201124A_2021MayApr_1584,FRB20201124A,1146.972,1.249145e-02,1.058421e-04,17.2
FRB20201124A_2021MayApr_1584,FRB20201124A,1188.954,1.203588e-02,2.072351e-04,6.2
FRB20201124A_2021MayApr_1185,FRB20201124A,1020.992,1.378177e-02,1.404041e-05,91.0
FRB20201124A_2021MayApr_1185,FRB20201124A,1062.989,1.395537e-02,1.564799e-05,91.1
FRB20201124A_2021MayApr_1185,FRB20201124A,1104.979,1.336186e-02,2.853741e-05,68.9
FRB20201124A_2021MayApr_1185,FRB20201124A,1146.972,1.325366e-02,7.135809e-05,29.6
FRB20201124A_2021MayApr_1185,FRB20201124A,1188.966,1.259099e-02,8.538436e-05,14.4
FRB20201124A_2021MayApr_1185,FRB20201124A,1230.965,1.243236e-02,1.159690e-04,13.1
FRB20201124A_2021MayApr_1185,FRB20201124A,1272.957,1.252943e-02,1.625116e-04,9.4
FRB20201124A_2021MayApr_1185,FRB20201124A,1314.941,1.204542e-02,1.927549e-04,8.4
FRB20201124A_2021MayApr_1185,FRB20201124A,1356.445,1.168460e-02,2.101227e-04,8.4
FRB20201124A_2021MayApr_0671,FRB20201124A,1021.001,1.250050e-02,1.627946e-04,14.2
FRB20201124A_2021MayApr_0671,FRB20201124A,1062.987,1.246771e-02,5.552033e-05,39.8
FRB20201124A_2021MayApr_0671,FRB20201124A,1104.98,1.213187e-02,6.311113e-05,23.4
FRB20201124A_2021MayApr_0671,FRB20201124A,1146.972,1.196118e-02,5.870872e-05,16.7
FRB20201124A_2021MayApr_0671,FRB20201124A,1188.952,1.188197e-02,1.082708e-04,8.2
FRB20201124A_2021MayApr_1373,FRB20201124A,1020.995,1.282353e-02,8.397111e-05,12.3
FRB20201124A_2021MayApr_1373,FRB20201124A,1062.987,1.296319e-02,3.559927e-05,29.0
FRB20201124A_2021MayApr_1373,FRB20201124A,1104.982,1.286445e-02,1.568690e-05,56.4
FRB20201124A_2021MayApr_1373,FRB20201124A,1146.973,1.280787e-02,1.498800e-05,52.5
FRB20201124A_2021MayApr_1373,FRB20201124A,1188.967,1.282530e-02,3.008994e-05,22.9
FRB20201124A_2021MayApr_1373,FRB20201124A,1230.955,1.263373e-02,6.527972e-05,12.0
FRB20201124A_2021MayApr_0789,FRB20201124A,1230.956,1.734109e-02,1.040067e-04,6.6
FRB20201124A_2021MayApr_0789,FRB20201124A,1272.942,1.719979e-02,9.637904e-05,8.7
FRB20201124A_2021MayApr_0789,FRB20201124A,1314.941,1.721782e-02,1.310141e-04,5.6
FRB20201124A_2021MayApr_0789,FRB20201124A,1356.445,1.720768e-02,1.237942e-04,5.6
FRB20201124A_2021MayApr_0789,FRB20201124A,1397.46,1.721893e-02,7.725845e-05,7.6
FRB20201124A_2021MayApr_0789,FRB20201124A,1438.477,1.741519e-02,1.224746e-04,5.6
FRB20201124A_2021MayApr_0937,FRB20201124A,1020.997,1.365718e-02,1.848108e-04,8.2
FRB20201124A_2021MayApr_0937,FRB20201124A,1062.986,1.362840e-02,8.614515e-05,20.5
FRB20201124A_2021MayApr_0937,FRB20201124A,1104.982,1.297816e-02,5.220567e-05,35.8
FRB20201124A_2021MayApr_0937,FRB20201124A,1146.978,1.289685e-02,2.684984e-05,67.7
FRB20201124A_2021MayApr_0937,FRB20201124A,1188.96,1.262194e-02,5.588098e-05,30.8
FRB20201124A_2021MayApr_0937,FRB20201124A,1230.958,1.228555e-02,6.754752e-05,21.8
FRB20201124A_2021MayApr_0937,FRB20201124A,1272.948,1.216632e-02,9.341119e-05,15.3
FRB20201124A_2021MayApr_0937,FRB20201124A,1314.941,1.213925e-02,1.473570e-04,7.7
FRB20201124A_2021MayApr_0937,FRB20201124A,1356.445,1.199156e-02,1.069620e-04,10.1
FRB20201124A_2021MayApr_1832,FRB20201124A,1020.997,1.410966e-02,1.017062e-04,5.8
FRB20201124A_2021MayApr_1832,FRB20201124A,1062.989,1.396135e-02,1.678388e-04,8.5
FRB20201124A_2021MayApr_1832,FRB20201124A,1104.982,1.317332e-02,1.826072e-04,8.1
FRB20201124A_2021MayApr_1832,FRB20201124A,1146.971,1.278512e-02,1.929326e-04,10.4
FRB20201124A_2021MayApr_1832,FRB20201124A,1188.97,1.257933e-02,1.172747e-04,14.3
FRB20201124A_2021MayApr_1832,FRB20201124A,1230.959,1.229310e-02,7.219324e-05,15.0
FRB20201124A_2021MayApr_1832,FRB20201124A,1272.95,1.194292e-02,1.229732e-04,8.0
FRB20201124A_2021MayApr_1832,FRB20201124A,1314.944,1.203527e-02,8.887554e-05,10.5
FRB20201124A_2021MayApr_1098,FRB20201124A,1104.981,1.224359e-02,9.875636e-05,6.0
FRB20201124A_2021MayApr_1098,FRB20201124A,1146.972,1.228766e-02,5.181995e-05,10.4
FRB20201124A_2021MayApr_1098,FRB20201124A,1188.958,1.236868e-02,3.678517e-05,17.4
FRB20201124A_2021MayApr_1098,FRB20201124A,1230.963,1.247383e-02,1.493146e-05,42.8
FRB20201124A_2021MayApr_1098,FRB20201124A,1272.95,1.240775e-02,1.288619e-05,53.4
FRB20201124A_2021MayApr_1098,FRB20201124A,1314.941,1.228848e-02,1.187861e-05,53.8
FRB20201124A_2021MayApr_1098,FRB20201124A,1356.445,1.229918e-02,5.687491e-06,112.3
FRB20201124A_2021MayApr_1098,FRB20201124A,1397.46,1.232006e-02,1.623109e-05,36.3
FRB20201124A_2021MayApr_1098,FRB20201124A,1438.477,1.239221e-02,2.036509e-05,26.5
FRB20201124A_2021MayApr_1098,FRB20201124A,1479.495,1.238427e-02,2.130265e-05,25.4
FRB20201124A_2021MayApr_0918,FRB20201124A,1021.005,1.232136e-02,1.886882e-05,62.5
FRB20201124A_2021MayApr_0918,FRB20201124A,1062.988,1.210995e-02,2.099657e-05,53.8
FRB20201124A_2021MayApr_0918,FRB20201124A,1104.985,1.232894e-02,2.406386e-05,40.9
FRB20201124A_2021MayApr_0918,FRB20201124A,1146.972,1.227698e-02,5.082738e-05,16.4
FRB20201124A_2021MayApr_0918,FRB20201124A,1188.965,1.228609e-02,6.235612e-05,5.5
FRB20201124A_2021MayApr_0365,FRB20201124A,1146.97,1.283582e-02,7.152081e-05,13.1
FRB20201124A_2021MayApr_0365,FRB20201124A,1188.957,1.301662e-02,1.547546e-04,7.0
FRB20201124A_2021MayApr_0365,FRB20201124A,1230.952,1.301865e-02,7.158692e-05,13.0
FRB20201124A_2021MayApr_0365,FRB20201124A,1272.955,1.263627e-02,1.308558e-04,8.3
FRB20201124A_2021MayApr_0365,FRB20201124A,1314.941,1.288231e-02,1.866542e-04,6.3
FRB20201124A_2021MayApr_0735,FRB20201124A,1020.997,1.483871e-02,3.047156e-04,5.8
FRB20201124A_2021MayApr_0735,FRB20201124A,1062.988,1.455342e-02,3.821664e-04,6.3
FRB20201124A_2021MayApr_0735,FRB20201124A,1104.982,1.292568e-02,1.532414e-04,9.0
FRB20201124A_2021MayApr_0735,FRB20201124A,1146.978,1.243408e-02,1.493373e-04,7.9
FRB20201124A_2021MayApr_0735,FRB20201124A,1230.96,1.248123e-02,1.453672e-04,8.5
FRB20201124A_2021MayApr_0735,FRB20201124A,1356.445,1.114514e-02,1.155486e-04,6.4
FRB20201124A_2021MayApr_0721,FRB20201124A,1020.998,1.312057e-02,5.217798e-05,23.6
FRB20201124A_2021MayApr_0721,FRB20201124A,1062.988,1.308590e-02,3.671896e-05,25.4
FRB20201124A_2021MayApr_0721,FRB20201124A,1104.978,1.316704e-02,1.686626e-05,52.5
FRB20201124A_2021MayApr_0721,FRB20201124A,1146.968,1.301231e-02,1.644264e-05,62.8
FRB20201124A_2021MayApr_0721,FRB20201124A,1188.958,1.293448e-02,3.291030e-05,32.9
FRB20201124A_2021MayApr_0721,FRB20201124A,1230.968,1.263946e-02,1.644811e-05,65.7
FRB20201124A_2021MayApr_0721,FRB20201124A,1272.943,1.268166e-02,1.788726e-05,55.0
FRB20201124A_2021MayApr_0721,FRB20201124A,1314.938,1.257983e-02,8.748287e-06,118.0
FRB20201124A_2021MayApr_0721,FRB20201124A,1356.442,1.232651e-02,2.781810e-05,38.9
FRB20201124A_2021MayApr_0721,FRB20201124A,1397.46,1.224487e-02,1.507690e-05,65.2
FRB20201124A_2021MayApr_0721,FRB20201124A,1438.477,1.217756e-02,2.015809e-05,34.1
FRB20201124A_2021MayApr_0721,FRB20201124A,1479.503,1.228478e-02,6.195742e-05,10.3
FRB20201124A_2021MayApr_0945,FRB20201124A,1020.997,1.281148e-02,9.720885e-05,17.2
FRB20201124A_2021MayApr_0945,FRB20201124A,1062.988,1.272301e-02,5.916605e-05,28.2
FRB20201124A_2021MayApr_0945,FRB20201124A,1104.983,1.249405e-02,2.443771e-05,60.3
FRB20201124A_2021MayApr_0945,FRB20201124A,1146.972,1.252819e-02,1.726907e-05,68.3
FRB20201124A_2021MayApr_0945,FRB20201124A,1188.965,1.245195e-02,2.526917e-05,42.8
FRB20201124A_2021MayApr_0945,FRB20201124A,1230.96,1.245050e-02,1.893656e-05,54.5
FRB20201124A_2021MayApr_0945,FRB20201124A,1272.947,1.239139e-02,1.523039e-05,61.3
FRB20201124A_2021MayApr_0945,FRB20201124A,1314.941,1.245932e-02,6.076807e-05,14.6
FRB20201124A_2021MayApr_0945,FRB20201124A,1356.445,1.238673e-02,5.604668e-05,12.3
FRB20201124A_2021MayApr_0453,FRB20201124A,1020.997,1.465679e-02,1.249026e-04,9.4
FRB20201124A_2021MayApr_0453,FRB20201124A,1062.987,1.439609e-02,1.211181e-04,13.0
FRB20201124A_2021MayApr_0453,FRB20201124A,1104.981,1.396479e-02,6.340454e-05,26.4
FRB20201124A_2021MayApr_0453,FRB20201124A,1146.973,1.362865e-02,2.824263e-05,52.2
FRB20201124A_2021MayApr_0453,FRB20201124A,1188.948,1.355488e-02,3.625640e-05,42.0
FRB20201124A_2021MayApr_0453,FRB20201124A,1230.962,1.311282e-02,3.584864e-05,54.8
FRB20201124A_2021MayApr_0453,FRB20201124A,1272.951,1.232950e-02,3.019542e-05,70.0
FRB20201124A_2021MayApr_0453,FRB20201124A,1314.941,1.177826e-02,2.581590e-05,70.4
FRB20201124A_2021MayApr_0453,FRB20201124A,1356.445,1.169615e-02,2.636239e-05,61.5
FRB20201124A_2021MayApr_0453,FRB20201124A,1397.456,1.118698e-02,3.908510e-05,35.2
FRB20201124A_2021MayApr_0453,FRB20201124A,1438.477,1.109602e-02,5.404208e-05,20.9
FRB20201124A_2021MayApr_0453,FRB20201124A,1479.47,1.100629e-02,8.716872e-05,13.5
FRB20201124A_2021MayApr_1791,FRB20201124A,1062.988,1.385413e-02,1.603971e-04,8.9
FRB20201124A_2021MayApr_1791,FRB20201124A,1104.972,1.366903e-02,1.550246e-04,9.8
FRB20201124A_2021MayApr_1791,FRB20201124A,1146.972,1.372661e-02,8.319831e-05,16.5
FRB20201124A_2021MayApr_1791,FRB20201124A,1188.974,1.343010e-02,5.965215e-05,28.8
FRB20201124A_2021MayApr_1791,FRB20201124A,1230.957,1.328405e-02,5.988648e-05,31.2
FRB20201124A_2021MayApr_1791,FRB20201124A,1272.956,1.286699e-02,4.820707e-05,37.7
FRB20201124A_2021MayApr_1791,FRB20201124A,1314.941,1.271849e-02,3.432761e-05,60.1
FRB20201124A_2021MayApr_1791,FRB20201124A,1356.445,1.243564e-02,5.564664e-05,36.2
FRB20201124A_2021MayApr_1791,FRB20201124A,1397.461,1.232017e-02,3.279565e-05,62.9
FRB20201124A_2021MayApr_1791,FRB20201124A,1438.474,1.170900e-02,1.973638e-05,84.7
FRB20201124A_2021MayApr_1791,FRB20201124A,1479.489,1.158602e-02,4.067207e-05,36.3
FRB20201124A_2021MayApr_1691,FRB20201124A,1230.96,1.189115e-02,3.191055e-04,6.0
FRB20201124A_2021MayApr_1691,FRB20201124A,1272.945,1.164462e-02,3.249632e-04,6.2
FRB20201124A_2021MayApr_1691,FRB20201124A,1314.942,9.592589e-03,1.191444e-04,20.6
FRB20201124A_2021MayApr_1691,FRB20201124A,1356.445,9.640270e-03,1.077217e-04,25.6
FRB20201124A_2021MayApr_1691,FRB20201124A,1397.46,1.095274e-02,9.379038e-05,24.6
FRB20201124A_2021MayApr_1691,FRB20201124A,1438.476,1.097152e-02,5.422045e-05,30.8
FRB20201124A_2021MayApr_1691,FRB20201124A,1479.496,1.079963e-02,4.428476e-05,27.7
FRB20201124A_2021MayApr_1016,FRB20201124A,1020.994,1.336124e-02,1.093329e-04,27.4
FRB20201124A_2021MayApr_1016,FRB20201124A,1062.988,1.326471e-02,5.150235e-05,55.4
FRB20201124A_2021MayApr_1016,FRB20201124A,1104.979,1.337422e-02,3.682771e-05,68.1
FRB20201124A_2021MayApr_1016,FRB20201124A,1146.968,1.296709e-02,2.568744e-05,70.8
FRB20201124A_2021MayApr_1016,FRB20201124A,1188.961,1.287405e-02,2.577654e-05,68.6
FRB20201124A_2021MayApr_1016,FRB20201124A,1230.957,1.272977e-02,6.702984e-05,28.6
FRB20201124A_2021MayApr_1016,FRB20201124A,1272.949,1.277979e-02,9.136417e-05,23.1
FRB20201124A_2021MayApr_1016,FRB20201124A,1314.942,1.213717e-02,1.903394e-04,9.8
FRB20201124A_2021MayApr_0314,FRB20201124A,1272.963,1.244234e-02,1.808732e-04,7.3
FRB20201124A_2021MayApr_0314,FRB20201124A,1314.944,1.211589e-02,3.413725e-05,37.4
FRB20201124A_2021MayApr_0314,FRB20201124A,1356.443,1.216770e-02,1.131260e-05,95.6
FRB20201124A_2021MayApr_0314,FRB20201124A,1397.458,1.223341e-02,3.598604e-06,191.2
FRB20201124A_2021MayApr_0314,FRB20201124A,1438.477,1.223360e-02,4.359621e-06,146.6
FRB20201124A_2021MayApr_0314,FRB20201124A,1479.487,1.228158e-02,1.832369e-05,32.2
FRB20201124A_2021MayApr_1081,FRB20201124A,1104.979,1.202581e-02,1.092696e-04,7.2
FRB20201124A_2021MayApr_1081,FRB20201124A,1146.972,1.222364e-02,1.006978e-04,7.3
FRB20201124A_2021MayApr_1081,FRB20201124A,1188.952,1.215875e-02,9.357612e-05,6.3
FRB20201124A_2021MayApr_1081,FRB20201124A,1230.958,1.238439e-02,3.733448e-05,17.1
FRB20201124A_2021MayApr_1081,FRB20201124A,1272.954,1.229932e-02,6.002649e-05,7.4
FRB20201124A_2021MayApr_1081,FRB20201124A,1314.941,1.232688e-02,4.483436e-05,13.2
FRB20201124A_2021MayApr_1081,FRB20201124A,1356.445,1.229755e-02,4.722012e-05,7.3
FRB20201124A_2021MayApr_0361,FRB20201124A,1020.999,1.308991e-02,9.170565e-05,12.3
FRB20201124A_2021MayApr_0361,FRB20201124A,1062.988,1.301597e-02,4.158111e-05,26.0
FRB20201124A_2021MayApr_0361,FRB20201124A,1104.98,1.291176e-02,3.323574e-05,29.6
FRB20201124A_2021MayApr_0361,FRB20201124A,1146.973,1.278673e-02,3.032155e-05,34.0
FRB20201124A_2021MayApr_0361,FRB20201124A,1188.987,1.263654e-02,9.984061e-05,8.9
FRB20201124A_2021MayApr_0361,FRB20201124A,1230.957,1.277424e-02,1.778677e-04,5.8
FRB20201124A_2021MayApr_1796,FRB20201124A,1062.988,1.205945e-02,1.178187e-05,29.2
FRB20201124A_2021MayApr_1796,FRB20201124A,1104.983,1.221262e-02,1.203225e-05,36.8
FRB20201124A_2021MayApr_1796,FRB20201124A,1146.972,1.232194e-02,5.697534e-06,86.3
FRB20201124A_2021MayApr_1796,FRB20201124A,1188.97,1.243267e-02,8.985995e-06,65.6
FRB20201124A_2021MayApr_1796,FRB20201124A,1230.978,1.246507e-02,1.168849e-05,54.7
FRB20201124A_2021MayApr_1796,FRB20201124A,1272.945,1.252999e-02,5.349211e-06,119.5
FRB20201124A_2021MayApr_1796,FRB20201124A,1314.942,1.266883e-02,3.293677e-06,164.2
FRB20201124A_2021MayApr_1796,FRB20201124A,1356.446,1.268283e-02,4.809290e-06,122.6
FRB20201124A_2021MayApr_1796,FRB20201124A,1397.461,1.268438e-02,1.125071e-05,135.4
FRB20201124A_2021MayApr_1796,FRB20201124A,1438.477,1.276264e-02,2.043399e-05,86.6
FRB20201124A_2021MayApr_1796,FRB20201124A,1479.486,1.179672e-02,4.567837e-05,37.7
FRB20201124A_2021MayApr_0027,FRB20201124A,1020.995,1.562952e-02,2.355535e-04,10.9
FRB20201124A_2021MayApr_0027,FRB20201124A,1062.984,1.430785e-02,2.022865e-04,18.2
FRB20201124A_2021MayApr_0027,FRB20201124A,1104.981,1.374960e-02,6.516701e-05,43.7
FRB20201124A_2021MayApr_0027,FRB20201124A,1146.973,1.291523e-02,3.476817e-05,69.3
FRB20201124A_2021MayApr_0027,FRB20201124A,1188.962,1.296743e-02,4.880850e-05,49.3
FRB20201124A_2021MayApr_0027,FRB20201124A,1230.968,1.259148e-02,6.383040e-05,38.5
FRB20201124A_2021MayApr_0027,FRB20201124A,1272.946,1.154939e-02,2.587296e-04,8.7
FRB20201124A_2021MayApr_0293,FRB20201124A,1020.997,1.494614e-02,2.451934e-04,6.0
FRB20201124A_2021MayApr_0293,FRB20201124A,1062.988,1.498164e-02,1.701750e-04,9.8
FRB20201124A_2021MayApr_0293,FRB20201124A,1104.981,1.453910e-02,1.227894e-04,14.0
FRB20201124A_2021MayApr_0293,FRB20201124A,1146.972,1.426105e-02,1.660630e-04,17.2
FRB20201124A_2021MayApr_0293,FRB20201124A,1188.954,1.237906e-02,7.428890e-05,17.9
FRB20201124A_2021MayApr_0293,FRB20201124A,1230.96,1.251001e-02,2.942732e-05,35.1
FRB20201124A_2021MayApr_0293,FRB20201124A,1272.957,1.250863e-02,3.205508e-05,30.7
FRB20201124A_2021MayApr_0293,FRB20201124A,1314.94,1.252480e-02,7.815629e-06,144.6
FRB20201124A_2021MayApr_0293,FRB20201124A,1356.446,1.248252e-02,2.327113e-05,65.5
FRB20201124A_2021MayApr_0293,FRB20201124A,1397.46,1.258516e-02,4.528666e-05,41.2
FRB20201124A_2021MayApr_0293,FRB20201124A,1438.477,1.147709e-02,1.180417e-04,15.0
FRB20201124A_2021MayApr_0116,FRB20201124A,1020.987,1.411634e-02,2.987400e-05,83.9
FRB20201124A_2021MayApr_0116,FRB20201124A,1062.969,1.287498e-02,9.612944e-06,219.9
FRB20201124A_2021MayApr_0116,FRB20201124A,1104.967,1.290410e-02,6.206405e-06,237.6
FRB20201124A_2021MayApr_0116,FRB20201124A,1146.957,1.268391e-02,7.418850e-06,198.8
FRB20201124A_2021MayApr_0116,FRB20201124A,1188.948,1.239136e-02,2.953144e-05,44.9
FRB20201124A_2021MayApr_0116,FRB20201124A,1230.962,1.229216e-02,9.708629e-05,11.1
FRB20201124A_2021MayApr_0116,FRB20201124A,1272.952,1.227690e-02,7.889466e-05,11.2
FRB20201124A_2021MayApr_1073,FRB20201124A,1020.996,1.289009e-02,7.969420e-05,35.2
FRB20201124A_2021MayApr_1073,FRB20201124A,1062.989,1.267916e-02,2.885758e-05,63.0
FRB20201124A_2021MayApr_1073,FRB20201124A,1104.98,1.244357e-02,2.503357e-05,56.9
FRB20201124A_2021MayApr_1073,FRB20201124A,1146.972,1.244192e-02,2.603499e-05,41.5
FRB20201124A_2021MayApr_1073,FRB20201124A,1188.96,1.248371e-02,8.239703e-05,6.0
FRB20201124A_2021MayApr_0895,FRB20201124A,1104.984,1.572434e-02,4.304106e-05,6.9
FRB20201124A_2021MayApr_0895,FRB20201124A,1146.971,1.494062e-02,2.601071e-04,9.6
FRB20201124A_2021MayApr_0895,FRB20201124A,1188.961,1.329595e-02,1.656187e-04,13.7
FRB20201124A_2021MayApr_0895,FRB20201124A,1230.959,1.299097e-02,5.620258e-05,34.1
FRB20201124A_2021MayApr_0895,FRB20201124A,1272.963,1.283872e-02,2.788237e-05,63.5
FRB20201124A_2021MayApr_0895,FRB20201124A,1314.947,1.242146e-02,1.076243e-05,141.6
FRB20201124A_2021MayApr_0895,FRB20201124A,1356.441,1.232290e-02,9.288951e-06,158.7
FRB20201124A_2021MayApr_0895,FRB20201124A,1397.457,1.226659e-02,7.682438e-06,179.1
FRB20201124A_2021MayApr_0895,FRB20201124A,1438.477,1.211213e-02,1.316921e-05,108.2
FRB20201124A_2021MayApr_0895,FRB20201124A,1479.493,1.223850e-02,3.502100e-05,36.5
FRB20201124A_2021MayApr_1535,FRB20201124A,1021.005,1.480519e-02,4.607056e-04,10.5
FRB20201124A_2021MayApr_1535,FRB20201124A,1062.985,1.247245e-02,1.146001e-04,31.7
FRB20201124A_2021MayApr_1535,FRB20201124A,1104.98,1.243006e-02,6.123370e-05,35.3
FRB20201124A_2021MayApr_1535,FRB20201124A,1146.973,1.209440e-02,8.458203e-05,22.1
FRB20201124A_2021MayApr_1535,FRB20201124A,1188.97,1.198512e-02,1.867628e-04,7.1
FRB20201124A_2021MayApr_1027,FRB20201124A,1020.997,1.296248e-02,2.371741e-05,51.8
FRB20201124A_2021MayApr_1027,FRB20201124A,1062.988,1.259799e-02,1.425794e-05,79.3
FRB20201124A_2021MayApr_1027,FRB20201124A,1104.979,1.259648e-02,1.240955e-05,83.2
FRB20201124A_2021MayApr_1027,FRB20201124A,1146.972,1.268619e-02,2.075327e-05,40.3
FRB20201124A_2021MayApr_1027,FRB20201124A,1188.964,1.269430e-02,6.827217e-05,12.2
FRB20201124A_2021MayApr_0281,FRB20201124A,1020.999,1.539196e-02,4.090077e-05,48.1
FRB20201124A_2021MayApr_0281,FRB20201124A,1062.988,1.470406e-02,3.741571e-05,60.4
FRB20201124A_2021MayApr_0281,FRB20201124A,1104.981,1.400103e-02,3.708891e-05,64.9
FRB20201124A_2021MayApr_0281,FRB20201124A,1146.967,1.343530e-02,2.589094e-05,94.9
FRB20201124A_2021MayApr_0281,FRB20201124A,1188.949,1.307303e-02,7.927485e-05,28.5
FRB20201124A_2021MayApr_0281,FRB20201124A,1230.964,1.239247e-02,5.368323e-05,39.4
FRB20201124A_2021MayApr_0281,FRB20201124A,1272.94,1.203844e-02,9.448312e-05,20.3
FRB20201124A_2021MayApr_0281,FRB20201124A,1314.941,1.147714e-02,4.809922e-05,38.8
FRB20201124A_2021MayApr_0281,FRB20201124A,1356.445,1.145149e-02,8.579186e-05,20.1
FRB20201124A_2021MayApr_0281,FRB20201124A,1397.46,1.125904e-02,1.201864e-04,11.5
FRB20201124A_2021MayApr_1251,FRB20201124A,1062.988,1.380722e-02,4.821576e-04,8.3
FRB20201124A_2021MayApr_1251,FRB20201124A,1104.98,1.391219e-02,1.583467e-04,23.0
FRB20201124A_2021MayApr_1251,FRB20201124A,1146.976,1.225014e-02,3.859472e-05,81.5
FRB20201124A_2021MayApr_1251,FRB20201124A,1188.965,1.238878e-02,2.258176e-05,121.9
FRB20201124A_2021MayApr_1251,FRB20201124A,1230.944,1.234410e-02,1.408221e-05,160.6
FRB20201124A_2021MayApr_1251,FRB20201124A,1272.956,1.247318e-02,1.332626e-05,154.9
FRB20201124A_2021MayApr_1251,FRB20201124A,1314.937,1.243087e-02,3.286950e-05,58.3
FRB20201124A_2021MayApr_1251,FRB20201124A,1356.445,1.166016e-02,3.020633e-05,58.6
FRB20201124A_2021MayApr_1251,FRB20201124A,1397.46,1.181385e-02,8.764838e-05,19.6
FRB20201124A_2021MayApr_0706,FRB20201124A,1021.007,1.276647e-02,1.912873e-04,7.5
FRB20201124A_2021MayApr_0706,FRB20201124A,1062.988,1.263529e-02,4.239905e-05,25.5
FRB20201124A_2021MayApr_0706,FRB20201124A,1104.975,1.262615e-02,1.259283e-05,70.3
FRB20201124A_2021MayApr_0706,FRB20201124A,1146.972,1.262437e-02,1.804165e-05,46.3
FRB20201124A_2021MayApr_0706,FRB20201124A,1188.955,1.260950e-02,1.469543e-04,6.7
FRB20201124A_2021MayApr_0064,FRB20201124A,1020.993,1.400562e-02,5.981478e-05,30.4
FRB20201124A_2021MayApr_0064,FRB20201124A,1062.989,1.337308e-02,3.841312e-05,53.7
FRB20201124A_2021MayApr_0064,FRB20201124A,1104.979,1.307379e-02,5.212453e-05,41.5
FRB20201124A_2021MayApr_0064,FRB20201124A,1146.973,1.239525e-02,6.505203e-05,31.0
FRB20201124A_2021MayApr_0064,FRB20201124A,1188.96,1.218695e-02,1.178280e-04,11.7
FRB20201124A_2021MayApr_0064,FRB20201124A,1230.965,1.248348e-02,1.106767e-04,10.2
FRB20201124A_2021MayApr_1323,FRB20201124A,1020.997,1.308664e-02,1.862118e-04,6.1
FRB20201124A_2021MayApr_1323,FRB20201124A,1062.988,1.288872e-02,6.261553e-05,19.6
FRB20201124A_2021MayApr_1323,FRB20201124A,1104.979,1.299675e-02,3.569399e-05,31.7
FRB20201124A_2021MayApr_1323,FRB20201124A,1146.973,1.287151e-02,1.176204e-05,96.1
FRB20201124A_2021MayApr_1323,FRB20201124A,1188.961,1.271662e-02,1.329542e-05,73.9
FRB20201124A_2021MayApr_1323,FRB20201124A,1230.959,1.271688e-02,1.780800e-05,52.4
FRB20201124A_2021MayApr_1323,FRB20201124A,1272.936,1.262388e-02,1.641712e-05,53.9
FRB20201124A_2021MayApr_1323,FRB20201124A,1314.941,1.249205e-02,1.490367e-05,59.4
FRB20201124A_2021MayApr_1323,FRB20201124A,1356.442,1.251825e-02,3.628838e-05,27.1
FRB20201124A_2021MayApr_1323,FRB20201124A,1397.46,1.242793e-02,9.642463e-05,9.7
FRB20201124A_2021MayApr_1323,FRB20201124A,1438.476,1.217189e-02,1.424940e-04,6.9
FRB20201124A_2021MayApr_1758,FRB20201124A,1146.973,1.247297e-02,9.059146e-05,11.4
FRB20201124A_2021MayApr_1758,FRB20201124A,1188.953,1.248487e-02,6.428966e-05,6.9
FRB20201124A_2021MayApr_1758,FRB20201124A,1230.967,1.233524e-02,7.858325e-05,11.3
FRB20201124A_2021MayApr_1758,FRB20201124A,1272.974,1.252918e-02,7.863521e-05,8.8
FRB20201124A_2021MayApr_1758,FRB20201124A,1314.941,1.233267e-02,7.219914e-05,10.9
FRB20201124A_2021MayApr_1758,FRB20201124A,1356.445,1.217565e-02,9.520585e-05,9.3
FRB20201124A_2021MayApr_1758,FRB20201124A,1397.46,1.209217e-02,8.197577e-05,10.2
FRB20201124A_2021MayApr_0677,FRB20201124A,1021.002,1.568288e-02,3.566415e-04,9.1
FRB20201124A_2021MayApr_0677,FRB20201124A,1062.988,1.480243e-02,2.467251e-04,17.5
FRB20201124A_2021MayApr_0677,FRB20201124A,1104.98,1.282497e-02,1.327784e-04,25.2
FRB20201124A_2021MayApr_0677,FRB20201124A,1146.973,1.244573e-02,1.400958e-04,20.0
FRB20201124A_2021MayApr_0677,FRB20201124A,1188.96,1.222564e-02,2.499655e-04,10.2
FRB20201124A_2021MayApr_0677,FRB20201124A,1230.957,1.174772e-02,2.785134e-04,7.9
FRB20201124A_2021MayApr_0436,FRB20201124A,1020.995,1.341512e-02,2.571346e-05,55.4
FRB20201124A_2021MayApr_0436,FRB20201124A,1062.99,1.333402e-02,1.687388e-05,78.6
FRB20201124A_2021MayApr_0436,FRB20201124A,1104.98,1.306281e-02,1.364563e-05,90.1
FRB20201124A_2021MayApr_0436,FRB20201124A,1146.974,1.297894e-02,1.923447e-05,58.8
FRB20201124A_2021MayApr_0436,FRB20201124A,1188.961,1.307793e-02,3.856047e-05,25.5
FRB20201124A_2021MayApr_0436,FRB20201124A,1230.967,1.292370e-02,7.238558e-05,18.3
FRB20201124A_2021MayApr_0436,FRB20201124A,1272.943,1.214096e-02,1.073890e-04,14.2
FRB20201124A_2021MayApr_0436,FRB20201124A,1314.941,1.209759e-02,9.764834e-05,12.6
FRB20201124A_2021MayApr_0156,FRB20201124A,1020.995,1.392156e-02,2.553137e-04,11.4
FRB20201124A_2021MayApr_0156,FRB20201124A,1062.989,1.332779e-02,7.427640e-05,29.8
FRB20201124A_2021MayApr_0156,FRB20201124A,1104.986,1.298835e-02,4.824906e-05,36.7
FRB20201124A_2021MayApr_0156,FRB20201124A,1146.974,1.276551e-02,2.869105e-05,56.5
FRB20201124A_2021MayApr_0156,FRB20201124A,1188.962,1.240425e-02,6.136627e-05,23.2
FRB20201124A_2021MayApr_0156,FRB20201124A,1230.959,1.221339e-02,4.310354e-05,28.5
FRB20201124A_2021MayApr_0156,FRB20201124A,1272.954,1.221644e-02,1.080343e-04,9.1
FRB20201124A_2021MayApr_0156,FRB20201124A,1314.941,1.195213e-02,8.940633e-05,12.6
FRB20201124A_2021MayApr_0799,FRB20201124A,1146.972,1.303930e-02,2.067099e-04,5.7
FRB20201124A_2021MayApr_0799,FRB20201124A,1188.956,1.315150e-02,1.856210e-04,5.8
FRB20201124A_2021MayApr_0799,FRB20201124A,1230.954,1.283284e-02,9.713275e-05,11.1
FRB20201124A_2021MayApr_0799,FRB20201124A,1272.956,1.277103e-02,8.387403e-05,16.4
FRB20201124A_2021MayApr_0799,FRB20201124A,1314.941,1.228377e-02,5.565201e-05,22.1
FRB20201124A_2021MayApr_0799,FRB20201124A,1356.445,1.237391e-02,5.725813e-05,23.2
FRB20201124A_2021MayApr_0799,FRB20201124A,1397.46,1.228232e-02,3.584212e-05,30.2
FRB20201124A_2021MayApr_0799,FRB20201124A,1438.477,1.223262e-02,3.262575e-05,28.6
FRB20201124A_2021MayApr_0799,FRB20201124A,1479.499,1.222865e-02,5.678260e-05,13.8
FRB20201124A_2021MayApr_0793,FRB20201124A,1146.972,1.420496e-02,9.599936e-05,7.2
FRB20201124A_2021MayApr_0793,FRB20201124A,1188.962,1.415685e-02,1.186882e-04,6.6
FRB20201124A_2021MayApr_0793,FRB20201124A,1230.952,1.429639e-02,5.719192e-05,10.3
FRB20201124A_2021MayApr_0793,FRB20201124A,1272.949,1.423922e-02,9.403849e-05,16.7
FRB20201124A_2021MayApr_0793,FRB20201124A,1314.941,1.233631e-02,3.525127e-05,29.3
FRB20201124A_2021MayApr_0793,FRB20201124A,1356.445,1.237941e-02,1.071810e-05,82.5
FRB20201124A_2021MayApr_0793,FRB20201124A,1397.47,1.215465e-02,2.374337e-06,248.4
FRB20201124A_2021MayApr_0793,FRB20201124A,1438.463,1.220533e-02,1.459159e-06,336.9
FRB20201124A_2021MayApr_0793,FRB20201124A,1479.478,1.224079e-02,2.579071e-06,171.5
FRB20201124A_2021MayApr_0739,FRB20201124A,1020.997,1.307626e-02,4.193615e-05,37.5
FRB20201124A_2021MayApr_0739,FRB20201124A,1062.985,1.296999e-02,2.284779e-05,60.2
FRB20201124A_2021MayApr_0739,FRB20201124A,1104.981,1.277762e-02,2.684081e-05,51.3
FRB20201124A_2021MayApr_0739,FRB20201124A,1146.975,1.275324e-02,4.438313e-05,28.8
FRB20201124A_2021MayApr_0739,FRB20201124A,1188.959,1.292496e-02,8.822223e-05,12.3
FRB20201124A_2021MayApr_0739,FRB20201124A,1230.96,1.262435e-02,8.705223e-05,9.6
FRB20201124A_2021MayApr_0778,FRB20201124A,1020.997,1.588231e-02,1.421174e-04,8.6
FRB20201124A_2021MayApr_0778,FRB20201124A,1062.988,1.601462e-02,9.952151e-05,10.9
FRB20201124A_2021MayApr_0778,FRB20201124A,1104.981,1.586460e-02,1.011446e-04,9.2
FRB20201124A_2021MayApr_0778,FRB20201124A,1146.982,1.563387e-02,8.166689e-05,7.8
FRB20201124A_2021MayApr_0778,FRB20201124A,1230.959,1.258716e-02,2.469132e-05,27.9
FRB20201124A_2021MayApr_0778,FRB20201124A,1272.956,1.262929e-02,1.046823e-05,65.7
FRB20201124A_2021MayApr_0778,FRB20201124A,1314.941,1.275739e-02,8.164408e-06,78.3
FRB20201124A_2021MayApr_0778,FRB20201124A,1356.445,1.281865e-02,9.042334e-06,92.4
FRB20201124A_2021MayApr_0778,FRB20201124A,1397.46,1.281206e-02,1.688624e-05,64.0
FRB20201124A_2021MayApr_0778,FRB20201124A,1438.477,1.274463e-02,4.290809e-05,28.6
FRB20201124A_2021MayApr_0778,FRB20201124A,1479.484,1.239155e-02,2.394120e-04,5.5
FRB20201124A_2021MayApr_1058,FRB20201124A,1021.001,1.189180e-02,1.498761e-05,36.1
FRB20201124A_2021MayApr_1058,FRB20201124A,1062.986,1.202279e-02,6.397255e-06,84.5
FRB20201124A_2021MayApr_1058,FRB20201124A,1104.98,1.208899e-02,6.918775e-06,63.9
FRB20201124A_2021MayApr_1058,FRB20201124A,1146.972,1.216039e-02,7.428385e-06,59.6
FRB20201124A_2021MayApr_1058,FRB20201124A,1188.959,1.225966e-02,1.458368e-05,30.3
FRB20201124A_2021MayApr_1058,FRB20201124A,1230.958,1.229806e-02,5.203524e-05,7.6
FRB20201124A_2021MayApr_0420,FRB20201124A,1020.998,1.421496e-02,5.980393e-05,34.5
FRB20201124A_2021MayApr_0420,FRB20201124A,1062.985,1.346898e-02,5.155500e-05,41.0
FRB20201124A_2021MayApr_0420,FRB20201124A,1104.979,1.293237e-02,4.056765e-05,41.2
FRB20201124A_2021MayApr_0420,FRB20201124A,1146.968,1.297515e-02,5.331351e-05,29.5
FRB20201124A_2021MayApr_0420,FRB20201124A,1188.96,1.204206e-02,1.425233e-04,9.3
FRB20201124A_2021MayApr_0420,FRB20201124A,1230.959,1.219547e-02,7.762088e-05,18.4
FRB20201124A_2021MayApr_0420,FRB20201124A,1272.949,1.243599e-02,1.291127e-04,7.6
FRB20201124A_2021MayApr_0420,FRB20201124A,1314.947,1.194242e-02,9.134252e-05,14.0
FRB20201124A_2021MayApr_0420,FRB20201124A,1356.445,1.183945e-02,1.317899e-04,8.2
FRB20201124A_2021MayApr_1839,FRB20201124A,1104.988,1.406290e-02,2.502165e-04,5.7
FRB20201124A_2021MayApr_1839,FRB20201124A,1146.972,1.387022e-02,1.961541e-04,7.8
FRB20201124A_2021MayApr_1839,FRB20201124A,1188.963,1.290441e-02,2.268085e-04,6.3
FRB20201124A_2021MayApr_1839,FRB20201124A,1230.964,1.282474e-02,9.119907e-05,15.6
FRB20201124A_2021MayApr_1839,FRB20201124A,1272.946,1.249333e-02,1.004892e-04,14.2
FRB20201124A_2021MayApr_1839,FRB20201124A,1314.941,1.217580e-02,2.480420e-05,53.5
FRB20201124A_2021MayApr_1839,FRB20201124A,1356.445,1.206514e-02,2.628240e-05,48.6
FRB20201124A_2021MayApr_1839,FRB20201124A,1397.465,1.199296e-02,2.653334e-05,42.6
FRB20201124A_2021MayApr_1839,FRB20201124A,1438.476,1.194116e-02,3.351769e-05,44.0
FRB20201124A_2021MayApr_1839,FRB20201124A,1479.495,1.180138e-02,1.217953e-04,14.5
FRB20201124A_2021MayApr_1516,FRB20201124A,1230.964,1.342643e-02,1.781038e-04,8.0
FRB20201124A_2021MayApr_1516,FRB20201124A,1272.944,1.268565e-02,1.577126e-04,6.9
FRB20201124A_2021MayApr_1516,FRB20201124A,1314.941,1.278547e-02,1.155860e-04,12.8
FRB20201124A_2021MayApr_1516,FRB20201124A,1356.445,1.279914e-02,1.029614e-04,11.9
FRB20201124A_2021MayApr_1516,FRB20201124A,1397.46,1.263179e-02,6.606977e-05,20.1
FRB20201124A_2021MayApr_1516,FRB20201124A,1438.476,1.250768e-02,8.703364e-05,19.2
FRB20201124A_2021MayApr_1516,FRB20201124A,1479.485,1.267901e-02,8.052239e-05,21.4
FRB20201124A_2021MayApr_1313,FRB20201124A,1146.976,1.208836e-02,2.952079e-05,8.3
FRB20201124A_2021MayApr_1313,FRB20201124A,1188.942,1.213609e-02,5.233279e-05,8.5
FRB20201124A_2021MayApr_1313,FRB20201124A,1230.966,1.237852e-02,4.951879e-05,12.9
FRB20201124A_2021MayApr_1313,FRB20201124A,1272.951,1.213944e-02,9.929716e-05,6.4
FRB20201124A_2021MayApr_1313,FRB20201124A,1314.941,1.242124e-02,3.336322e-05,16.2
FRB20201124A_2021MayApr_1493,FRB20201124A,1021.0,1.372452e-02,2.016559e-05,117.0
FRB20201124A_2021MayApr_1493,FRB20201124A,1062.997,1.194753e-02,1.211292e-05,170.4
FRB20201124A_2021MayApr_1493,FRB20201124A,1104.974,1.206937e-02,5.943310e-06,181.9
FRB20201124A_2021MayApr_1493,FRB20201124A,1146.974,1.214961e-02,5.921299e-06,166.0
FRB20201124A_2021MayApr_1493,FRB20201124A,1188.951,1.223412e-02,1.830740e-05,53.7
FRB20201124A_2021MayApr_1493,FRB20201124A,1230.966,1.234925e-02,3.186111e-05,29.3
FRB20201124A_2021MayApr_1493,FRB20201124A,1272.947,1.242166e-02,1.908613e-04,5.7
FRB20201124A_2021MayApr_0574,FRB20201124A,1062.988,1.360008e-02,9.967550e-05,11.3
FRB20201124A_2021MayApr_0574,FRB20201124A,1104.987,1.345687e-02,5.573303e-05,23.8
FRB20201124A_2021MayApr_0574,FRB20201124A,1146.966,1.334804e-02,3.583219e-05,34.3
FRB20201124A_2021MayApr_0574,FRB20201124A,1188.949,1.303878e-02,5.574405e-05,17.6
FRB20201124A_2021MayApr_0574,FRB20201124A,1230.966,1.288239e-02,1.273266e-05,88.8
FRB20201124A_2021MayApr_0574,FRB20201124A,1272.961,1.282520e-02,1.895298e-05,59.6
FRB20201124A_2021MayApr_0574,FRB20201124A,1314.941,1.265684e-02,1.509347e-05,74.9
FRB20201124A_2021MayApr_0574,FRB20201124A,1356.445,1.243588e-02,1.714442e-05,71.7
FRB20201124A_2021MayApr_0574,FRB20201124A,1397.46,1.219882e-02,1.014092e-05,106.6
FRB20201124A_2021MayApr_0574,FRB20201124A,1438.477,1.212780e-02,2.143889e-05,52.7
FRB20201124A_2021MayApr_0574,FRB20201124A,1479.498,1.183827e-02,5.771817e-05,17.0
FRB20201124A_2021MayApr_1297,FRB20201124A,1021.001,1.381852e-02,3.434463e-05,80.1
FRB20201124A_2021MayApr_1297,FRB20201124A,1062.989,1.328063e-02,1.531917e-05,138.0
FRB20201124A_2021MayApr_1297,FRB20201124A,1104.972,1.283335e-02,7.620341e-06,180.6
FRB20201124A_2021MayApr_1297,FRB20201124A,1146.965,1.259151e-02,8.134401e-06,145.0
FRB20201124A_2021MayApr_1297,FRB20201124A,1188.953,1.245727e-02,5.944493e-05,19.0
FRB20201124A_2021MayApr_1297,FRB20201124A,1230.965,1.248588e-02,7.369962e-05,14.7
FRB20201124A_2021MayApr_0140,FRB20201124A,1020.996,1.475126e-02,1.271844e-04,16.2
FRB20201124A_2021MayApr_0140,FRB20201124A,1062.988,1.440254e-02,6.490006e-05,33.3
FRB20201124A_2021MayApr_0140,FRB20201124A,1104.979,1.327134e-02,4.131742e-05,59.5
FRB20201124A_2021MayApr_0140,FRB20201124A,1146.982,1.310655e-02,2.003226e-05,120.2
FRB20201124A_2021MayApr_0140,FRB20201124A,1188.968,1.278040e-02,3.235237e-05,69.9
FRB20201124A_2021MayApr_0140,FRB20201124A,1230.958,1.232311e-02,1.996492e-05,91.1
FRB20201124A_2021MayApr_0140,FRB20201124A,1272.954,1.216891e-02,1.986441e-05,74.2
FRB20201124A_2021MayApr_0140,FRB20201124A,1314.941,1.209023e-02,1.682814e-05,73.0
FRB20201124A_2021MayApr_0140,FRB20201124A,1356.449,1.209571e-02,1.092993e-05,107.9
FRB20201124A_2021MayApr_0140,FRB20201124A,1397.46,1.218851e-02,3.696379e-05,30.6
FRB20201124A_2021MayApr_0140,FRB20201124A,1438.477,1.208786e-02,1.261177e-04,7.4
FRB20201124A_2021MayApr_0499,FRB20201124A,1314.941,1.251982e-02,1.594490e-04,6.5
FRB20201124A_2021MayApr_0499,FRB20201124A,1356.445,1.248924e-02,2.176597e-04,5.6
FRB20201124A_2021MayApr_0499,FRB20201124A,1397.46,1.254290e-02,1.080717e-04,9.1
FRB20201124A_2021MayApr_0499,FRB20201124A,1438.477,1.237243e-02,1.338340e-04,7.3
FRB20201124A_2021MayApr_0499,FRB20201124A,1479.499,1.236221e-02,1.527757e-04,7.4
FRB20201124A_2021MayApr_0326,FRB20201124A,1020.994,1.399506e-02,1.428891e-04,23.0
FRB20201124A_2021MayApr_0326,FRB20201124A,1062.988,1.271342e-02,5.770230e-05,44.3
FRB20201124A_2021MayApr_0326,FRB20201124A,1104.98,1.199629e-02,5.048778e-05,33.1
FRB20201124A_2021MayApr_0326,FRB20201124A,1146.966,1.199899e-02,1.110227e-04,12.4
FRB20201124A_2021MayApr_0326,FRB20201124A,1188.958,1.214354e-02,1.250937e-04,5.5
FRB20201124A_2021MayApr_0560,FRB20201124A,1020.998,1.390818e-02,1.488182e-05,72.7
FRB20201124A_2021MayApr_0560,FRB20201124A,1062.999,1.392808e-02,6.926296e-06,170.3
FRB20201124A_2021MayApr_0560,FRB20201124A,1104.997,1.409130e-02,7.619245e-06,264.5
FRB20201124A_2021MayApr_0560,FRB20201124A,1146.978,1.277939e-02,1.384335e-05,181.1
FRB20201124A_2021MayApr_0560,FRB20201124A,1188.951,1.278350e-02,2.722716e-05,61.4
FRB20201124A_2021MayApr_0560,FRB20201124A,1230.969,1.207617e-02,1.006478e-05,151.4
FRB20201124A_2021MayApr_0560,FRB20201124A,1272.948,1.204150e-02,1.604289e-05,85.8
FRB20201124A_2021MayApr_0560,FRB20201124A,1314.941,1.212689e-02,1.903165e-05,59.4
FRB20201124A_2021MayApr_0560,FRB20201124A,1356.445,1.217747e-02,8.052223e-05,12.8
FRB20201124A_2021MayApr_0560,FRB20201124A,1397.46,1.213256e-02,1.450067e-04,7.8
FRB20201124A_2021MayApr_0050,FRB20201124A,1020.997,1.198555e-02,2.396019e-05,32.8
FRB20201124A_2021MayApr_0050,FRB20201124A,1062.988,1.213018e-02,1.052510e-05,70.0
FRB20201124A_2021MayApr_0050,FRB20201124A,1104.979,1.217457e-02,8.747402e-06,84.3
FRB20201124A_2021MayApr_0050,FRB20201124A,1146.972,1.214792e-02,8.054047e-06,91.5
FRB20201124A_2021MayApr_0050,FRB20201124A,1188.963,1.227781e-02,1.726906e-05,37.0
FRB20201124A_2021MayApr_0050,FRB20201124A,1230.956,1.220066e-02,4.183083e-05,16.5
FRB20201124A_2021MayApr_0050,FRB20201124A,1272.943,1.234060e-02,5.979906e-05,9.9
FRB20201124A_2021MayApr_0050,FRB20201124A,1314.941,1.223815e-02,1.045305e-04,6.1
FRB20201124A_2021MayApr_1026,FRB20201124A,1062.988,5.743795e-03,2.059935e-04,9.1
FRB20201124A_2021MayApr_1026,FRB20201124A,1104.979,5.272421e-03,4.966497e-05,25.7
FRB20201124A_2021MayApr_1026,FRB20201124A,1146.972,5.227538e-03,3.089728e-05,38.2
FRB20201124A_2021MayApr_1026,FRB20201124A,1188.968,5.094240e-03,3.033446e-05,34.0
FRB20201124A_2021MayApr_1026,FRB20201124A,1230.955,5.153680e-03,4.678496e-05,20.0
FRB20201124A_2021MayApr_1026,FRB20201124A,1272.943,4.929988e-03,1.324185e-04,7.8
FRB20201124A_2021MayApr_0004,FRB20201124A,1020.997,1.409299e-02,5.489793e-05,27.8
FRB20201124A_2021MayApr_0004,FRB20201124A,1062.988,1.400447e-02,2.324011e-05,67.7
FRB20201124A_2021MayApr_0004,FRB20201124A,1104.98,1.370196e-02,2.126555e-05,80.9
FRB20201124A_2021MayApr_0004,FRB20201124A,1146.974,1.352928e-02,1.985985e-05,111.4
FRB20201124A_2021MayApr_0004,FRB20201124A,1188.963,1.336101e-02,3.237167e-05,82.0
FRB20201124A_2021MayApr_0004,FRB20201124A,1230.968,1.214322e-02,1.932172e-05,122.1
FRB20201124A_2021MayApr_0004,FRB20201124A,1272.954,1.189869e-02,2.482133e-05,67.3
FRB20201124A_2021MayApr_0004,FRB20201124A,1314.95,1.190037e-02,7.169600e-06,246.8
FRB20201124A_2021MayApr_0004,FRB20201124A,1356.448,1.172357e-02,1.087679e-05,176.2
FRB20201124A_2021MayApr_0004,FRB20201124A,1397.46,1.155630e-02,2.089217e-05,89.4
FRB20201124A_2021MayApr_0004,FRB20201124A,1438.477,1.120619e-02,3.037517e-05,59.9
FRB20201124A_2021MayApr_0004,FRB20201124A,1479.49,1.091114e-02,8.350350e-05,19.4
FRB20201124A_2021MayApr_0519,FRB20201124A,1020.996,1.227434e-02,1.097082e-04,20.6
FRB20201124A_2021MayApr_0519,FRB20201124A,1062.988,1.239607e-02,2.873650e-05,42.8
FRB20201124A_2021MayApr_0519,FRB20201124A,1104.981,1.248451e-02,2.539296e-05,50.3
FRB20201124A_2021MayApr_0519,FRB20201124A,1146.972,1.261005e-02,2.461053e-05,51.9
FRB20201124A_2021MayApr_0519,FRB20201124A,1188.949,1.205338e-02,1.307631e-04,8.6
FRB20201124A_2021MayApr_0519,FRB20201124A,1230.957,1.268375e-02,1.637355e-04,6.0
FRB20201124A_2021MayApr_0859,FRB20201124A,1314.942,1.244174e-02,6.387129e-05,10.8
FRB20201124A_2021MayApr_0859,FRB20201124A,1356.445,1.245409e-02,3.127127e-05,23.6
FRB20201124A_2021MayApr_0859,FRB20201124A,1397.46,1.248873e-02,1.132943e-05,56.4
FRB20201124A_2021MayApr_0859,FRB20201124A,1438.477,1.244430e-02,1.083051e-05,59.0
FRB20201124A_2021MayApr_0859,FRB20201124A,1479.48,1.249379e-02,1.453395e-05,40.6
FRB20201124A_2021MayApr_1240,FRB20201124A,1021.001,1.376172e-02,8.144828e-05,11.5
FRB20201124A_2021MayApr_1240,FRB20201124A,1062.986,1.372259e-02,9.472499e-05,10.4
FRB20201124A_2021MayApr_1240,FRB20201124A,1104.993,1.233689e-02,2.135891e-04,8.3
FRB20201124A_2021MayApr_1240,FRB20201124A,1146.972,1.243174e-02,2.023725e-04,6.1
FRB20201124A_2021MayApr_1240,FRB20201124A,1188.955,1.219934e-02,1.186435e-04,7.5
FRB20201124A_2021MayApr_1100,FRB20201124A,1020.996,1.352234e-02,5.083289e-05,30.0
FRB20201124A_2021MayApr_1100,FRB20201124A,1062.988,1.325891e-02,3.530647e-05,40.4
FRB20201124A_2021MayApr_1100,FRB20201124A,1104.968,1.316288e-02,4.290642e-05,35.5
FRB20201124A_2021MayApr_1100,FRB20201124A,1146.975,1.307113e-02,6.342518e-05,27.9
FRB20201124A_2021MayApr_1100,FRB20201124A,1188.96,1.203503e-02,6.744681e-05,21.9
FRB20201124A_2021MayApr_1100,FRB20201124A,1230.957,1.215068e-02,3.679849e-05,26.7
FRB20201124A_2021MayApr_1100,FRB20201124A,1272.943,1.212994e-02,9.318290e-05,11.1
FRB20201124A_2021MayApr_1100,FRB20201124A,1314.941,1.210389e-02,1.365848e-04,6.1
FRB20201124A_2021MayApr_0098,FRB20201124A,1104.978,1.376414e-02,5.255595e-04,7.7
FRB20201124A_2021MayApr_0098,FRB20201124A,1146.971,1.317522e-02,1.245827e-04,22.1
FRB20201124A_2021MayApr_0098,FRB20201124A,1188.955,1.269032e-02,1.591856e-04,20.4
FRB20201124A_2021MayApr_0098,FRB20201124A,1230.957,1.199481e-02,1.607966e-04,19.6
FRB20201124A_2021MayApr_0098,FRB20201124A,1272.943,1.150850e-02,1.708217e-04,15.5
FRB20201124A_2021MayApr_0098,FRB20201124A,1314.941,1.135897e-02,2.593649e-04,8.5
FRB20201124A_2021MayApr_0098,FRB20201124A,1356.445,1.145252e-02,2.180395e-04,7.9
FRB20201124A_2021MayApr_0308,FRB20201124A,1146.965,1.341057e-02,1.447920e-04,6.1
FRB20201124A_2021MayApr_0308,FRB20201124A,1188.963,1.322289e-02,1.160029e-04,7.2
FRB20201124A_2021MayApr_0308,FRB20201124A,1230.962,1.314080e-02,7.042052e-05,11.2
FRB20201124A_2021MayApr_0308,FRB20201124A,1272.936,1.321375e-02,7.594463e-05,7.8
FRB20201124A_2021MayApr_0308,FRB20201124A,1314.941,1.322202e-02,6.960572e-05,10.6
FRB20201124A_2021MayApr_1682,FRB20201124A,1146.973,1.370978e-02,1.376967e-04,11.1
FRB20201124A_2021MayApr_1682,FRB20201124A,1188.974,1.332636e-02,8.436515e-05,16.9
FRB20201124A_2021MayApr_1682,FRB20201124A,1230.956,1.327509e-02,5.652733e-05,23.5
FRB20201124A_2021MayApr_1682,FRB20201124A,1272.964,1.331461e-02,3.554921e-05,31.8
FRB20201124A_2021MayApr_1682,FRB20201124A,1314.939,1.330954e-02,2.082980e-05,54.3
FRB20201124A_2021MayApr_1682,FRB20201124A,1356.442,1.325375e-02,6.513592e-05,25.7
FRB20201124A_2021MayApr_1682,FRB20201124A,1397.46,1.327140e-02,1.654705e-04,17.8
FRB20201124A_2021MayApr_1682,FRB20201124A,1438.476,1.135937e-02,1.574636e-04,12.8
FRB20201124A_2021MayApr_0051,FRB20201124A,1021.004,1.406279e-02,2.262883e-04,21.3
FRB20201124A_2021MayApr_0051,FRB20201124A,1062.989,1.426750e-02,2.625958e-05,97.3
FRB20201124A_2021MayApr_0051,FRB20201124A,1104.985,1.435474e-02,9.988785e-06,211.6
FRB20201124A_2021MayApr_0051,FRB20201124A,1146.983,1.434342e-02,1.953140e-05,108.2
FRB20201124A_2021MayApr_0051,FRB20201124A,1188.955,1.430684e-02,8.330496e-05,36.6
FRB20201124A_2021MayApr_0051,FRB20201124A,1230.961,1.111531e-02,1.843810e-04,17.6
FRB20201124A_2021MayApr_0051,FRB20201124A,1272.946,1.127321e-02,1.744834e-04,8.5
FRB20201124A_2021MayApr_0576,FRB20201124A,1020.996,1.358331e-02,1.536740e-04,8.3
FRB20201124A_2021MayApr_0576,FRB20201124A,1062.988,1.350035e-02,3.968904e-05,32.2
FRB20201124A_2021MayApr_0576,FRB20201124A,1104.976,1.347607e-02,5.722406e-05,29.2
FRB20201124A_2021MayApr_0576,FRB20201124A,1146.971,1.357361e-02,2.838729e-05,64.1
FRB20201124A_2021MayApr_0576,FRB20201124A,1188.952,1.278076e-02,9.655677e-05,17.3
FRB20201124A_2021MayApr_0576,FRB20201124A,1230.968,1.251227e-02,3.141930e-05,54.8
FRB20201124A_2021MayApr_0576,FRB20201124A,1272.95,1.261907e-02,5.021765e-05,27.4
FRB20201124A_2021MayApr_0576,FRB20201124A,1314.941,1.258528e-02,7.726547e-05,15.9
FRB20201124A_2021MayApr_0576,FRB20201124A,1356.445,1.228640e-02,1.221455e-04,9.7
FRB20201124A_2021MayApr_0576,FRB20201124A,1397.46,1.175997e-02,7.717342e-05,13.4
FRB20201124A_2021MayApr_0576,FRB20201124A,1438.477,1.149685e-02,9.988548e-05,8.4
FRB20201124A_2021MayApr_0200,FRB20201124A,1062.988,1.391619e-02,1.634506e-04,9.3
FRB20201124A_2021MayApr_0200,FRB20201124A,1104.979,1.220400e-02,9.154905e-05,18.8
FRB20201124A_2021MayApr_0200,FRB20201124A,1146.972,1.248382e-02,4.635366e-05,29.7
FRB20201124A_2021MayApr_0200,FRB20201124A,1188.968,1.215458e-02,8.589100e-05,13.2
FRB20201124A_2021MayApr_0200,FRB20201124A,1230.962,1.224150e-02,8.697557e-05,10.7
FRB20201124A_2021MayApr_0200,FRB20201124A,1272.934,1.229443e-02,1.037905e-04,7.6
FRB20201124A_2021MayApr_1764,FRB20201124A,1314.941,1.229082e-02,7.552273e-05,9.1
FRB20201124A_2021MayApr_1764,FRB20201124A,1356.445,1.240150e-02,8.697635e-05,10.7
FRB20201124A_2021MayApr_1764,FRB20201124A,1397.46,1.244225e-02,3.835881e-05,17.9
FRB20201124A_2021MayApr_1764,FRB20201124A,1438.476,1.240152e-02,2.461708e-05,24.0
FRB20201124A_2021MayApr_1764,FRB20201124A,1479.495,1.238334e-02,3.450984e-05,18.5
FRB20201124A_2021MayApr_1028,FRB20201124A,1020.994,1.419653e-02,5.045105e-05,36.0
FRB20201124A_2021MayApr_1028,FRB20201124A,1062.988,1.337987e-02,5.285735e-05,45.6
FRB20201124A_2021MayApr_1028,FRB20201124A,1104.979,1.307748e-02,3.816846e-05,59.2
FRB20201124A_2021MayApr_1028,FRB20201124A,1146.972,1.283949e-02,6.537453e-05,36.1
FRB20201124A_2021MayApr_1028,FRB20201124A,1188.967,1.313052e-02,1.664152e-04,14.2
FRB20201124A_2021MayApr_1028,FRB20201124A,1230.958,1.150128e-02,3.982443e-04,5.6
FRB20201124A_2021MayApr_1487,FRB20201124A,1020.994,1.438411e-02,1.368559e-04,11.5
FRB20201124A_2021MayApr_1487,FRB20201124A,1062.989,1.391900e-02,1.431318e-04,13.4
FRB20201124A_2021MayApr_1487,FRB20201124A,1104.977,1.376043e-02,1.328869e-04,12.2
FRB20201124A_2021MayApr_1487,FRB20201124A,1146.975,1.323610e-02,2.415508e-04,8.5
FRB20201124A_2021MayApr_1487,FRB20201124A,1188.967,1.243374e-02,1.604924e-04,9.2
FRB20201124A_2021MayApr_1487,FRB20201124A,1230.958,1.214302e-02,6.604216e-05,17.9
FRB20201124A_2021MayApr_1487,FRB20201124A,1272.944,1.213184e-02,1.347747e-04,6.9
FRB20201124A_2021MayApr_1487,FRB20201124A,1314.941,1.192637e-02,1.035577e-04,8.5
FRB20201124A_2021MayApr_1487,FRB20201124A,1397.46,1.165234e-02,9.493712e-05,5.7
FRB20201124A_2021MayApr_0927,FRB20201124A,1146.969,1.381534e-02,1.348751e-04,8.7
FRB20201124A_2021MayApr_0927,FRB20201124A,1188.953,1.322261e-02,1.130436e-04,7.8
FRB20201124A_2021MayApr_0927,FRB20201124A,1230.966,1.341839e-02,1.575259e-04,11.9
FRB20201124A_2021MayApr_0927,FRB20201124A,1272.948,1.273371e-02,1.572373e-04,13.4
FRB20201124A_2021MayApr_0927,FRB20201124A,1314.941,1.213324e-02,5.619401e-05,30.6
FRB20201124A_2021MayApr_0927,FRB20201124A,1356.445,1.209782e-02,3.431760e-05,43.0
FRB20201124A_2021MayApr_0927,FRB20201124A,1397.46,1.213765e-02,2.379495e-05,53.7
FRB20201124A_2021MayApr_0927,FRB20201124A,1438.477,1.204297e-02,3.327976e-05,42.8
FRB20201124A_2021MayApr_0927,FRB20201124A,1479.483,1.214354e-02,1.774437e-04,7.5
FRB20201124A_2021MayApr_0464,FRB20201124A,1104.986,1.277056e-02,1.114539e-04,7.9
FRB20201124A_2021MayApr_0464,FRB20201124A,1146.972,1.263870e-02,3.872443e-05,20.3
FRB20201124A_2021MayApr_0464,FRB20201124A,1188.988,1.268529e-02,6.013934e-05,14.7
FRB20201124A_2021MayApr_0464,FRB20201124A,1230.955,1.262986e-02,2.916048e-05,33.7
FRB20201124A_2021MayApr_0464,FRB20201124A,1272.948,1.273336e-02,4.624057e-05,20.2
FRB20201124A_2021MayApr_0464,FRB20201124A,1314.941,1.239816e-02,4.986297e-05,19.7
FRB20201124A_2021MayApr_0464,FRB20201124A,1356.445,1.248238e-02,5.478756e-05,17.0
FRB20201124A_2021MayApr_0464,FRB20201124A,1438.477,1.081464e-02,1.404596e-04,5.6
FRB20201124A_2021MayApr_0580,FRB20201124A,1020.997,1.461258e-02,1.152030e-04,12.4
FRB20201124A_2021MayApr_0580,FRB20201124A,1062.989,1.424943e-02,1.605414e-04,14.4
FRB20201124A_2021MayApr_0580,FRB20201124A,1104.98,1.322113e-02,9.335844e-05,21.6
FRB20201124A_2021MayApr_0580,FRB20201124A,1146.972,1.308071e-02,3.664899e-05,41.6
FRB20201124A_2021MayApr_0580,FRB20201124A,1188.957,1.313248e-02,4.376751e-05,28.1
FRB20201124A_2021MayApr_0580,FRB20201124A,1230.959,1.302177e-02,2.240574e-05,59.2
FRB20201124A_2021MayApr_0580,FRB20201124A,1272.948,1.281912e-02,2.689804e-05,51.2
FRB20201124A_2021MayApr_0580,FRB20201124A,1314.941,1.258497e-02,3.896752e-05,37.8
FRB20201124A_2021MayApr_0580,FRB20201124A,1356.445,1.242820e-02,3.085588e-05,43.0
FRB20201124A_2021MayApr_0580,FRB20201124A,1397.462,1.210814e-02,1.385193e-05,92.3
FRB20201124A_2021MayApr_0580,FRB20201124A,1438.477,1.193120e-02,3.009953e-05,37.6
FRB20201124A_2021MayApr_0580,FRB20201124A,1479.49,1.195840e-02,8.705987e-05,13.0
FRB20201124A_2021MayApr_0407,FRB20201124A,1020.997,1.384398e-02,7.118054e-05,15.9
FRB20201124A_2021MayApr_0407,FRB20201124A,1062.988,1.376945e-02,6.262655e-05,21.2
FRB20201124A_2021MayApr_0407,FRB20201124A,1104.979,1.370736e-02,6.049956e-05,23.6
FRB20201124A_2021MayApr_0407,FRB20201124A,1146.976,1.324719e-02,9.199328e-05,14.4
FRB20201124A_2021MayApr_0407,FRB20201124A,1188.952,1.302170e-02,1.593460e-04,7.4
FRB20201124A_2021MayApr_0407,FRB20201124A,1230.964,1.195462e-02,1.277123e-04,7.7
FRB20201124A_2021MayApr_0407,FRB20201124A,1272.949,1.180020e-02,5.398576e-05,9.1
FRB20201124A_2021MayApr_0407,FRB20201124A,1314.941,1.184065e-02,1.222400e-04,8.0
FRB20201124A_2021MayApr_0407,FRB20201124A,1356.445,1.184503e-02,1.672562e-04,8.5
FRB20201124A_2021MayApr_0407,FRB20201124A,1397.46,1.077433e-02,1.633404e-04,6.3
FRB20201124A_2021MayApr_1652,FRB20201124A,1020.997,1.229364e-02,1.774255e-04,12.2
FRB20201124A_2021MayApr_1652,FRB20201124A,1062.988,1.355652e-02,3.180502e-04,12.8
FRB20201124A_2021MayApr_1652,FRB20201124A,1104.977,1.361590e-02,7.994661e-05,27.1
FRB20201124A_2021MayApr_1652,FRB20201124A,1146.975,1.299294e-02,1.143820e-04,18.9
FRB20201124A_2021MayApr_1652,FRB20201124A,1188.953,1.267237e-02,2.981814e-04,7.3
FRB20201124A_2021MayApr_1652,FRB20201124A,1230.946,1.169333e-02,2.440410e-04,6.6
FRB20201124A_2021MayApr_0199,FRB20201124A,1020.991,1.448333e-02,1.624598e-04,8.2
FRB20201124A_2021MayApr_0199,FRB20201124A,1062.989,1.358537e-02,1.731250e-04,10.2
FRB20201124A_2021MayApr_0199,FRB20201124A,1104.981,1.352498e-02,7.455990e-05,15.2
FRB20201124A_2021MayApr_0199,FRB20201124A,1146.973,1.331540e-02,1.750583e-05,44.9
FRB20201124A_2021MayApr_0199,FRB20201124A,1188.955,1.337295e-02,1.670214e-05,38.3
FRB20201124A_2021MayApr_0199,FRB20201124A,1230.962,1.332935e-02,1.172467e-05,62.9
FRB20201124A_2021MayApr_0199,FRB20201124A,1272.942,1.200954e-02,3.655713e-05,39.0
FRB20201124A_2021MayApr_0199,FRB20201124A,1314.944,1.200603e-02,1.315257e-05,56.1
FRB20201124A_2021MayApr_0199,FRB20201124A,1356.445,1.205723e-02,1.233122e-05,63.8
FRB20201124A_2021MayApr_0199,FRB20201124A,1397.46,1.214337e-02,4.723132e-05,20.8
FRB20201124A_2021MayApr_0552,FRB20201124A,1020.997,1.345882e-02,3.281731e-05,35.9
FRB20201124A_2021MayApr_0552,FRB20201124A,1062.988,1.320230e-02,2.747118e-05,44.7
FRB20201124A_2021MayApr_0552,FRB20201124A,1104.982,1.312735e-02,2.120213e-05,83.5
FRB20201124A_2021MayApr_0552,FRB20201124A,1146.972,1.215521e-02,2.553911e-05,53.9
FRB20201124A_2021MayApr_0552,FRB20201124A,1188.96,1.223606e-02,9.118394e-06,53.9
FRB20201124A_2021MayApr_0552,FRB20201124A,1230.957,1.227890e-02,1.458664e-05,30.3
FRB20201124A_2021MayApr_0552,FRB20201124A,1272.946,1.232859e-02,6.020779e-05,8.2
FRB20201124A_2021MayApr_0552,FRB20201124A,1314.941,1.232551e-02,2.302196e-05,14.9
FRB20201124A_2021MayApr_0898,FRB20201124A,1020.997,1.352579e-02,4.735402e-05,27.0
FRB20201124A_2021MayApr_0898,FRB20201124A,1062.987,1.301481e-02,5.078877e-05,28.1
FRB20201124A_2021MayApr_0898,FRB20201124A,1104.986,1.272520e-02,7.119752e-05,17.3
FRB20201124A_2021MayApr_0898,FRB20201124A,1146.976,1.257726e-02,3.230495e-05,28.9
FRB20201124A_2021MayApr_0898,FRB20201124A,1188.96,1.229028e-02,9.437557e-05,6.2
FRB20201124A_2021MayApr_0546,FRB20201124A,1020.997,1.476104e-02,1.361528e-04,13.7
FRB20201124A_2021MayApr_0546,FRB20201124A,1062.988,1.434192e-02,3.066256e-04,10.7
FRB20201124A_2021MayApr_0546,FRB20201124A,1104.976,1.243303e-02,8.244403e-05,26.2
FRB20201124A_2021MayApr_0546,FRB20201124A,1146.975,1.200403e-02,1.739127e-04,10.2
FRB20201124A_2021MayApr_0546,FRB20201124A,1188.957,1.193237e-02,2.110674e-04,7.5
FRB20201124A_2021MayApr_0546,FRB20201124A,1230.961,1.179709e-02,2.275387e-04,6.0
FRB20201124A_2021MayApr_1582,FRB20201124A,1020.997,1.479469e-02,2.089449e-04,8.0
FRB20201124A_2021MayApr_1582,FRB20201124A,1062.988,1.441233e-02,2.377006e-04,10.3
FRB20201124A_2021MayApr_1582,FRB20201124A,1104.978,1.391223e-02,1.369823e-04,15.8
FRB20201124A_2021MayApr_1582,FRB20201124A,1146.972,1.366062e-02,1.055465e-04,25.1
FRB20201124A_2021MayApr_1582,FRB20201124A,1188.981,1.247499e-02,1.855542e-04,18.3
FRB20201124A_2021MayApr_1582,FRB20201124A,1230.951,1.139399e-02,7.409587e-05,31.8
FRB20201124A_2021MayApr_1582,FRB20201124A,1272.956,1.155966e-02,5.268068e-05,28.9
FRB20201124A_2021MayApr_1582,FRB20201124A,1314.941,1.150927e-02,2.964223e-05,41.5
FRB20201124A_2021MayApr_1582,FRB20201124A,1356.445,1.157870e-02,2.319369e-05,46.6
FRB20201124A_2021MayApr_1582,FRB20201124A,1397.46,1.154896e-02,2.599073e-05,34.0
FRB20201124A_2021MayApr_1582,FRB20201124A,1438.476,1.150064e-02,1.035470e-04,7.1
FRB20201124A_2021MayApr_1605,FRB20201124A,1020.997,1.272384e-02,1.245039e-04,7.9
FRB20201124A_2021MayApr_1605,FRB20201124A,1062.988,1.278537e-02,4.911640e-05,23.0
FRB20201124A_2021MayApr_1605,FRB20201124A,1104.979,1.278434e-02,3.443078e-05,32.8
FRB20201124A_2021MayApr_1605,FRB20201124A,1146.972,1.287504e-02,3.287200e-05,31.4
FRB20201124A_2021MayApr_1605,FRB20201124A,1188.967,1.277102e-02,3.780047e-05,23.4
FRB20201124A_2021MayApr_1605,FRB20201124A,1230.962,1.273345e-02,6.392938e-05,13.8
FRB20201124A_2021MayApr_1605,FRB20201124A,1272.954,1.268002e-02,1.361866e-04,6.5
FRB20201124A_2021MayApr_1291,FRB20201124A,1020.997,1.248024e-02,2.847396e-05,32.8
FRB20201124A_2021MayApr_1291,FRB20201124A,1062.986,1.257284e-02,2.413126e-05,40.7
FRB20201124A_2021MayApr_1291,FRB20201124A,1104.98,1.237370e-02,2.726503e-05,39.7
FRB20201124A_2021MayApr_1291,FRB20201124A,1146.978,1.220245e-02,7.479221e-05,12.5
FRB20201124A_2021MayApr_1291,FRB20201124A,1188.966,1.223369e-02,7.332277e-05,6.0
FRB20201124A_2021MayApr_0676,FRB20201124A,1021.003,1.280237e-02,1.016508e-04,20.3
FRB20201124A_2021MayApr_0676,FRB20201124A,1062.99,1.278578e-02,1.048139e-05,98.5
FRB20201124A_2021MayApr_0676,FRB20201124A,1104.984,1.275033e-02,1.565302e-05,65.9
FRB20201124A_2021MayApr_0676,FRB20201124A,1146.969,1.283955e-02,1.874334e-05,55.1
FRB20201124A_2021MayApr_0676,FRB20201124A,1188.972,1.272798e-02,6.462585e-05,16.7
FRB20201124A_2021MayApr_0676,FRB20201124A,1230.961,1.263474e-02,1.117108e-04,9.7
FRB20201124A_2021MayApr_1014,FRB20201124A,1062.988,1.341123e-02,2.126161e-04,6.0
FRB20201124A_2021MayApr_1014,FRB20201124A,1104.977,1.322885e-02,1.316290e-04,9.0
FRB20201124A_2021MayApr_1014,FRB20201124A,1146.972,1.321361e-02,1.065594e-04,15.7
FRB20201124A_2021MayApr_1014,FRB20201124A,1188.982,1.299296e-02,7.498745e-05,22.9
FRB20201124A_2021MayApr_1014,FRB20201124A,1230.958,1.225179e-02,8.268462e-05,19.6
FRB20201124A_2021MayApr_1014,FRB20201124A,1272.948,1.219912e-02,3.754304e-05,31.4
FRB20201124A_2021MayApr_1014,FRB20201124A,1314.941,1.216598e-02,3.736959e-05,26.3
FRB20201124A_2021MayApr_1014,FRB20201124A,1356.445,1.223916e-02,4.213026e-05,21.0
FRB20201124A_2021MayApr_1014,FRB20201124A,1397.46,1.233683e-02,6.181367e-05,13.5
FRB20201124A_2021MayApr_1014,FRB20201124A,1438.477,1.223909e-02,8.572382e-05,9.2
FRB20201124A_2021MayApr_1688,FRB20201124A,1020.997,1.357766e-02,5.984823e-05,31.2
FRB20201124A_2021MayApr_1688,FRB20201124A,1062.989,1.325595e-02,4.403159e-05,42.4
FRB20201124A_2021MayApr_1688,FRB20201124A,1104.984,1.301544e-02,4.202684e-05,43.3
FRB20201124A_2021MayApr_1688,FRB20201124A,1146.972,1.268038e-02,3.150343e-05,56.2
FRB20201124A_2021MayApr_1688,FRB20201124A,1188.969,1.233887e-02,1.062486e-04,14.3
FRB20201124A_2021MayApr_1688,FRB20201124A,1230.964,1.219321e-02,6.056760e-05,21.9
FRB20201124A_2021MayApr_1688,FRB20201124A,1314.942,1.200558e-02,7.729224e-05,15.9
FRB20201124A_2021MayApr_1688,FRB20201124A,1356.445,1.224214e-02,1.629268e-04,7.5
FRB20201124A_2021MayApr_0276,FRB20201124A,1104.974,1.332931e-02,2.351676e-04,6.5
FRB20201124A_2021MayApr_0276,FRB20201124A,1146.973,1.323951e-02,1.249102e-04,16.1
FRB20201124A_2021MayApr_0276,FRB20201124A,1188.959,1.303063e-02,1.299295e-04,15.1
FRB20201124A_2021MayApr_0276,FRB20201124A,1230.956,1.238320e-02,1.217691e-04,14.1
FRB20201124A_2021MayApr_0276,FRB20201124A,1272.957,1.228520e-02,1.767111e-04,6.1
FRB20201124A_2021MayApr_0214,FRB20201124A,1020.994,1.414720e-02,9.606002e-06,133.0
FRB20201124A_2021MayApr_0214,FRB20201124A,1062.992,1.410137e-02,5.463758e-06,215.9
FRB20201124A_2021MayApr_0214,FRB20201124A,1104.978,1.400609e-02,6.862961e-06,193.4
FRB20201124A_2021MayApr_0214,FRB20201124A,1146.968,1.369379e-02,1.398475e-05,126.5
FRB20201124A_2021MayApr_0214,FRB20201124A,1188.964,1.291022e-02,2.035443e-05,77.3
FRB20201124A_2021MayApr_0214,FRB20201124A,1230.961,1.282434e-02,2.513575e-05,68.4
FRB20201124A_2021MayApr_0214,FRB20201124A,1272.951,1.234158e-02,5.153172e-05,35.3
FRB20201124A_2021MayApr_0214,FRB20201124A,1314.941,1.227354e-02,2.011481e-05,83.1
FRB20201124A_2021MayApr_0214,FRB20201124A,1356.445,1.146320e-02,2.141706e-05,66.6
FRB20201124A_2021MayApr_0214,FRB20201124A,1397.46,1.150187e-02,4.290646e-05,29.8
FRB20201124A_2021MayApr_0214,FRB20201124A,1438.477,1.130892e-02,1.875501e-04,6.0
FRB20201124A_2021MayApr_0214,FRB20201124A,1479.482,1.135543e-02,1.083543e-04,6.4
FRB20201124A_2021MayApr_1593,FRB20201124A,1314.941,1.260967e-02,1.219578e-04,16.1
FRB20201124A_2021MayApr_1593,FRB20201124A,1356.44,1.237240e-02,5.867170e-05,35.2
FRB20201124A_2021MayApr_1593,FRB20201124A,1397.472,1.257925e-02,2.449986e-05,78.2
FRB20201124A_2021MayApr_1593,FRB20201124A,1438.471,1.205784e-02,1.790186e-05,115.3
FRB20201124A_2021MayApr_1593,FRB20201124A,1479.466,1.209127e-02,1.522795e-05,103.3
FRB20201124A_2021MayApr_0850,FRB20201124A,1020.997,1.313383e-02,1.614039e-05,79.2
FRB20201124A_2021MayApr_0850,FRB20201124A,1062.986,1.307833e-02,6.938289e-06,177.1
FRB20201124A_2021MayApr_0850,FRB20201124A,1104.991,1.292850e-02,6.841738e-06,179.6
FRB20201124A_2021MayApr_0850,FRB20201124A,1146.964,1.282727e-02,8.327408e-06,153.5
FRB20201124A_2021MayApr_0850,FRB20201124A,1188.959,1.268326e-02,2.138792e-05,59.8
FRB20201124A_2021MayApr_0850,FRB20201124A,1230.948,1.261156e-02,2.157331e-05,52.4
FRB20201124A_2021MayApr_0850,FRB20201124A,1272.957,1.249474e-02,1.969828e-05,52.4
FRB20201124A_2021MayApr_0850,FRB20201124A,1314.941,1.252807e-02,2.392955e-05,41.1
FRB20201124A_2021MayApr_0850,FRB20201124A,1356.445,1.257010e-02,6.841318e-05,15.1
FRB20201124A_2021MayApr_0850,FRB20201124A,1397.46,1.219333e-02,1.413973e-04,6.3
FRB20201124A_2021MayApr_1576,FRB20201124A,1021.014,3.830412e-02,1.719812e-04,15.1
FRB20201124A_2021MayApr_1576,FRB20201124A,1062.986,3.819868e-02,1.618685e-04,14.9
FRB20201124A_2021MayApr_1576,FRB20201124A,1104.978,3.790668e-02,1.781507e-04,14.3
FRB20201124A_2021MayApr_1576,FRB20201124A,1146.972,3.794083e-02,1.643847e-04,13.5
FRB20201124A_2021MayApr_1576,FRB20201124A,1188.972,3.720594e-02,2.026936e-04,8.7
FRB20201124A_2021MayApr_0218,FRB20201124A,1020.997,1.454844e-02,1.644714e-04,8.7
FRB20201124A_2021MayApr_0218,FRB20201124A,1062.988,1.350578e-02,1.914677e-04,9.8
FRB20201124A_2021MayApr_0218,FRB20201124A,1104.983,1.317234e-02,8.625272e-05,10.8
FRB20201124A_2021MayApr_0218,FRB20201124A,1146.972,1.293380e-02,1.237278e-04,7.5
FRB20201124A_2021MayApr_0218,FRB20201124A,1314.941,1.136001e-02,8.181002e-05,6.6
FRB20201124A_2021MayApr_0878,FRB20201124A,1021.008,1.288564e-02,5.943687e-05,11.6
FRB20201124A_2021MayApr_0878,FRB20201124A,1062.989,1.301328e-02,3.204265e-05,32.2
FRB20201124A_2021MayApr_0878,FRB20201124A,1104.981,1.303130e-02,1.709461e-05,60.4
FRB20201124A_2021MayApr_0878,FRB20201124A,1146.972,1.266660e-02,1.218862e-05,76.6
FRB20201124A_2021MayApr_0878,FRB20201124A,1188.961,1.264716e-02,9.991541e-06,73.8
FRB20201124A_2021MayApr_0878,FRB20201124A,1230.965,1.272782e-02,7.757720e-06,76.0
FRB20201124A_2021MayApr_0878,FRB20201124A,1272.95,1.272810e-02,1.111462e-05,75.2
FRB20201124A_2021MayApr_0878,FRB20201124A,1314.941,1.276468e-02,1.128471e-05,82.8
FRB20201124A_2021MayApr_0878,FRB20201124A,1356.445,1.263214e-02,1.723506e-05,57.0
FRB20201124A_2021MayApr_0878,FRB20201124A,1397.461,1.248661e-02,1.177258e-05,79.3
FRB20201124A_2021MayApr_0878,FRB20201124A,1438.477,1.258407e-02,1.812539e-05,46.1
FRB20201124A_2021MayApr_0878,FRB20201124A,1479.503,1.254642e-02,1.260912e-04,8.6
FRB20201124A_2021MayApr_0488,FRB20201124A,1020.991,9.079250e-03,3.381365e-05,68.3
FRB20201124A_2021MayApr_0488,FRB20201124A,1063.001,8.929618e-03,9.151282e-06,198.7
FRB20201124A_2021MayApr_0488,FRB20201124A,1104.973,8.927559e-03,1.011997e-05,184.6
FRB20201124A_2021MayApr_0488,FRB20201124A,1146.972,8.151803e-03,1.048398e-05,168.8
FRB20201124A_2021MayApr_0488,FRB20201124A,1188.957,8.305244e-03,3.676094e-05,42.8
FRB20201124A_2021MayApr_0488,FRB20201124A,1230.961,8.125852e-03,5.000040e-05,26.5
FRB20201124A_2021MayApr_0227,FRB20201124A,1021.002,1.590555e-02,3.455468e-05,52.6
FRB20201124A_2021MayApr_0227,FRB20201124A,1062.988,1.588723e-02,1.769203e-05,138.9
FRB20201124A_2021MayApr_0227,FRB20201124A,1104.98,1.459011e-02,2.500294e-05,102.2
FRB20201124A_2021MayApr_0227,FRB20201124A,1146.972,1.264184e-02,4.302225e-05,46.8
FRB20201124A_2021MayApr_0227,FRB20201124A,1188.964,1.273187e-02,5.224683e-05,17.9
FRB20201124A_2021MayApr_0227,FRB20201124A,1230.964,1.272979e-02,3.239315e-05,30.3
FRB20201124A_2021MayApr_0227,FRB20201124A,1272.947,1.267673e-02,7.540360e-05,13.7
FRB20201124A_2021MayApr_0227,FRB20201124A,1314.941,1.258947e-02,3.065563e-05,32.1
FRB20201124A_2021MayApr_0227,FRB20201124A,1356.445,1.235677e-02,1.108449e-04,8.9
FRB20201124A_2021MayApr_1485,FRB20201124A,1020.995,1.185391e-02,2.420495e-05,40.6
FRB20201124A_2021MayApr_1485,FRB20201124A,1062.988,1.198800e-02,8.732763e-06,56.3
FRB20201124A_2021MayApr_1485,FRB20201124A,1104.976,1.212004e-02,1.200589e-05,36.8
FRB20201124A_2021MayApr_1485,FRB20201124A,1146.972,1.219921e-02,2.328985e-05,16.9
FRB20201124A_2021MayApr_1485,FRB20201124A,1188.976,8.469915e-03,5.224706e-05,8.5
FRB20201124A_2021MayApr_1485,FRB20201124A,1230.966,8.594805e-03,2.940377e-05,13.4
FRB20201124A_2021MayApr_1485,FRB20201124A,1314.944,8.708207e-03,2.777889e-05,7.1
FRB20201124A_2021MayApr_1425,FRB20201124A,1020.991,1.380976e-02,1.960909e-04,7.3
FRB20201124A_2021MayApr_1425,FRB20201124A,1062.99,1.337295e-02,1.115743e-04,14.1
FRB20201124A_2021MayApr_1425,FRB20201124A,1104.99,1.311653e-02,1.220132e-04,12.1
FRB20201124A_2021MayApr_1425,FRB20201124A,1146.974,1.264711e-02,7.332471e-05,22.1
FRB20201124A_2021MayApr_1425,FRB20201124A,1188.953,1.248761e-02,1.128926e-04,8.7
FRB20201124A_2021MayApr_1425,FRB20201124A,1230.957,1.240039e-02,1.072279e-04,11.0
FRB20201124A_2021MayApr_1031,FRB20201124A,1146.973,1.288174e-02,9.739821e-05,8.6
FRB20201124A_2021MayApr_1031,FRB20201124A,1188.955,1.256033e-02,8.773606e-05,10.1
FRB20201124A_2021MayApr_1031,FRB20201124A,1230.957,1.267774e-02,3.054989e-05,24.1
FRB20201124A_2021MayApr_1031,FRB20201124A,1272.952,1.277206e-02,3.224063e-05,22.9
FRB20201124A_2021MayApr_1031,FRB20201124A,1314.941,1.269459e-02,2.602313e-05,30.2
FRB20201124A_2021MayApr_1031,FRB20201124A,1356.445,1.257362e-02,3.905961e-05,23.9
FRB20201124A_2021MayApr_1031,FRB20201124A,1397.46,1.257925e-02,2.444807e-05,42.2
FRB20201124A_2021MayApr_1031,FRB20201124A,1438.477,1.074212e-02,5.921605e-05,39.8
FRB20201124A_2021MayApr_1031,FRB20201124A,1479.489,1.071284e-02,4.027805e-05,29.3
FRB20201124A_2021MayApr_1623,FRB20201124A,1020.991,1.555651e-02,5.183730e-04,7.6
FRB20201124A_2021MayApr_1623,FRB20201124A,1062.988,1.293032e-02,1.698031e-05,60.8
FRB20201124A_2021MayApr_1623,FRB20201124A,1104.983,1.297441e-02,2.467312e-05,43.8
FRB20201124A_2021MayApr_1623,FRB20201124A,1146.972,1.269286e-02,2.186579e-05,47.2
FRB20201124A_2021MayApr_1623,FRB20201124A,1188.963,1.264699e-02,8.054755e-05,12.2
FRB20201124A_2021MayApr_1623,FRB20201124A,1230.949,1.278106e-02,7.984610e-05,11.7
FRB20201124A_2021MayApr_1623,FRB20201124A,1272.946,1.302442e-02,2.469567e-05,6.0
FRB20201124A_2021MayApr_1316,FRB20201124A,1020.988,1.662993e-02,5.147868e-05,35.3
FRB20201124A_2021MayApr_1316,FRB20201124A,1062.986,1.680708e-02,4.988454e-05,37.4
FRB20201124A_2021MayApr_1316,FRB20201124A,1104.976,1.679850e-02,1.239864e-04,16.7
FRB20201124A_2021MayApr_1316,FRB20201124A,1146.972,1.278879e-02,2.184956e-04,6.5
FRB20201124A_2021MayApr_1316,FRB20201124A,1188.947,1.277268e-02,1.526955e-04,6.4
FRB20201124A_2021MayApr_0337,FRB20201124A,1104.987,1.332502e-02,9.501892e-05,10.9
FRB20201124A_2021MayApr_0337,FRB20201124A,1146.974,1.363311e-02,1.267933e-04,9.7
FRB20201124A_2021MayApr_0337,FRB20201124A,1188.961,1.341428e-02,1.073712e-04,9.2
FRB20201124A_2021MayApr_0337,FRB20201124A,1230.957,1.180060e-02,1.256890e-04,12.9
FRB20201124A_2021MayApr_0337,FRB20201124A,1272.935,1.175401e-02,5.463907e-05,9.9
FRB20201124A_2021MayApr_0337,FRB20201124A,1314.941,1.197101e-02,2.228250e-05,30.9
FRB20201124A_2021MayApr_0337,FRB20201124A,1356.445,1.192770e-02,4.875048e-05,13.1
FRB20201124A_2021MayApr_0337,FRB20201124A,1397.46,1.190573e-02,1.217492e-04,5.7
FRB20201124A_2021MayApr_0661,FRB20201124A,1146.974,1.236674e-02,1.360146e-04,7.2
FRB20201124A_2021MayApr_0661,FRB20201124A,1188.964,1.223083e-02,6.025507e-05,13.1
FRB20201124A_2021MayApr_0661,FRB20201124A,1230.976,1.228547e-02,3.215517e-05,24.5
FRB20201124A_2021MayApr_0661,FRB20201124A,1272.942,1.241596e-02,2.076128e-05,40.2
FRB20201124A_2021MayApr_0661,FRB20201124A,1314.941,1.238137e-02,3.211646e-05,23.0
FRB20201124A_2021MayApr_0661,FRB20201124A,1356.45,1.239618e-02,3.484018e-05,21.2
FRB20201124A_2021MayApr_0661,FRB20201124A,1397.46,1.253641e-02,5.455611e-05,12.6
FRB20201124A_2021MayApr_0661,FRB20201124A,1438.477,1.243634e-02,1.025930e-04,7.7
FRB20201124A_2021MayApr_1675,FRB20201124A,1062.988,1.435575e-02,1.492676e-04,7.2
FRB20201124A_2021MayApr_1675,FRB20201124A,1104.974,1.327459e-02,1.913823e-04,10.5
FRB20201124A_2021MayApr_1675,FRB20201124A,1146.972,1.319256e-02,1.048104e-04,13.6
FRB20201124A_2021MayApr_1675,FRB20201124A,1230.955,1.164375e-02,1.630826e-04,9.9
FRB20201124A_2021MayApr_1675,FRB20201124A,1272.94,1.150863e-02,7.950782e-05,14.8
FRB20201124A_2021MayApr_1675,FRB20201124A,1314.942,1.145980e-02,5.238268e-05,16.0
FRB20201124A_2021MayApr_1675,FRB20201124A,1356.44,1.149907e-02,9.050436e-05,9.8
FRB20201124A_2021MayApr_1675,FRB20201124A,1397.46,1.154766e-02,1.575722e-04,5.6
FRB20201124A_2021MayApr_0194,FRB20201124A,1020.984,1.470824e-02,1.148764e-04,5.6
FRB20201124A_2021MayApr_0194,FRB20201124A,1062.988,1.366327e-02,2.922198e-04,7.6
FRB20201124A_2021MayApr_0194,FRB20201124A,1104.981,1.342552e-02,2.136402e-04,8.7
FRB20201124A_2021MayApr_0194,FRB20201124A,1146.973,1.317887e-02,6.777234e-05,19.6
FRB20201124A_2021MayApr_0194,FRB20201124A,1188.971,1.341519e-02,1.288218e-04,9.9
FRB20201124A_2021MayApr_0194,FRB20201124A,1230.955,1.293146e-02,6.965440e-05,24.7
FRB20201124A_2021MayApr_0194,FRB20201124A,1272.944,1.239555e-02,1.245417e-04,17.8
FRB20201124A_2021MayApr_0194,FRB20201124A,1314.94,1.146443e-02,5.149843e-05,38.2
FRB20201124A_2021MayApr_0194,FRB20201124A,1356.445,1.134934e-02,1.389452e-05,95.5
FRB20201124A_2021MayApr_0194,FRB20201124A,1397.46,1.125772e-02,1.384786e-05,78.1
FRB20201124A_2021MayApr_0194,FRB20201124A,1438.477,1.130532e-02,1.851969e-05,42.5
FRB20201124A_2021MayApr_0194,FRB20201124A,1479.496,1.122250e-02,1.395348e-05,52.8
FRB20201124A_2021MayApr_0838,FRB20201124A,1020.99,1.309593e-02,9.291902e-05,13.8
FRB20201124A_2021MayApr_0838,FRB20201124A,1062.988,1.315203e-02,3.755762e-05,26.2
FRB20201124A_2021MayApr_0838,FRB20201124A,1104.978,1.302956e-02,3.267631e-05,27.1
FRB20201124A_2021MayApr_0838,FRB20201124A,1146.97,1.293497e-02,1.587442e-05,49.5
FRB20201124A_2021MayApr_0838,FRB20201124A,1188.949,1.298138e-02,3.821320e-05,21.9
FRB20201124A_2021MayApr_0838,FRB20201124A,1230.966,1.294668e-02,2.781016e-05,38.9
FRB20201124A_2021MayApr_0838,FRB20201124A,1272.936,1.271985e-02,8.242729e-05,11.9
FRB20201124A_2021MayApr_0838,FRB20201124A,1314.941,1.235154e-02,6.594352e-05,17.1
FRB20201124A_2021MayApr_0838,FRB20201124A,1356.445,1.252996e-02,7.174497e-05,13.0
FRB20201124A_2021MayApr_0838,FRB20201124A,1397.46,1.237675e-02,1.293268e-04,8.7
FRB20201124A_2021MayApr_0640,FRB20201124A,1314.941,1.243801e-02,7.670071e-05,11.5
FRB20201124A_2021MayApr_0640,FRB20201124A,1356.445,1.239247e-02,3.549845e-05,26.3
FRB20201124A_2021MayApr_0640,FRB20201124A,1397.46,1.253319e-02,3.171048e-05,27.9
FRB20201124A_2021MayApr_0640,FRB20201124A,1438.477,1.246570e-02,3.030015e-05,27.6
FRB20201124A_2021MayApr_0640,FRB20201124A,1479.5,1.237198e-02,7.936808e-05,10.5
FRB20201124A_2021MayApr_1087,FRB20201124A,1020.996,1.336340e-02,7.476767e-05,17.1
FRB20201124A_2021MayApr_1087,FRB20201124A,1062.989,1.322427e-02,5.906176e-05,22.5
FRB20201124A_2021MayApr_1087,FRB20201124A,1104.966,1.297364e-02,5.037083e-05,27.3
FRB20201124A_2021MayApr_1087,FRB20201124A,1146.974,1.298057e-02,5.131660e-05,22.0
FRB20201124A_2021MayApr_1087,FRB20201124A,1188.965,1.284943e-02,7.219971e-05,15.7
FRB20201124A_2021MayApr_1087,FRB20201124A,1230.96,1.278068e-02,4.951491e-05,23.8
FRB20201124A_2021MayApr_1087,FRB20201124A,1272.95,1.277281e-02,1.370568e-04,10.0
FRB20201124A_2021MayApr_1087,FRB20201124A,1314.941,1.228683e-02,1.193610e-04,11.5
FRB20201124A_2021MayApr_1087,FRB20201124A,1356.445,1.258249e-02,2.023209e-04,5.8
FRB20201124A_2021MayApr_1266,FRB20201124A,1230.965,1.337673e-02,6.814655e-05,19.5
FRB20201124A_2021MayApr_1266,FRB20201124A,1272.945,1.349890e-02,1.197722e-04,10.7
FRB20201124A_2021MayApr_1266,FRB20201124A,1314.941,1.318926e-02,7.983934e-05,19.1
FRB20201124A_2021MayApr_1266,FRB20201124A,1356.445,1.306826e-02,7.490160e-05,30.8
FRB20201124A_2021MayApr_1266,FRB20201124A,1397.46,1.166720e-02,4.341155e-05,43.0
FRB20201124A_2021MayApr_1266,FRB20201124A,1438.476,1.157455e-02,2.353580e-05,54.3
FRB20201124A_2021MayApr_1266,FRB20201124A,1479.487,1.140711e-02,1.815798e-05,56.8
FRB20201124A_2021MayApr_1304,FRB20201124A,1020.995,1.463873e-02,8.476876e-05,15.7
FRB20201124A_2021MayApr_1304,FRB20201124A,1062.986,1.462955e-02,4.165376e-05,37.8
FRB20201124A_2021MayApr_1304,FRB20201124A,1104.991,1.470131e-02,4.147983e-05,87.7
FRB20201124A_2021MayApr_1304,FRB20201124A,1146.984,1.210758e-02,1.811976e-05,187.2
FRB20201124A_2021MayApr_1304,FRB20201124A,1188.965,1.209971e-02,1.637065e-05,129.1
FRB20201124A_2021MayApr_1304,FRB20201124A,1230.94,1.159964e-02,9.037059e-06,190.4
FRB20201124A_2021MayApr_1304,FRB20201124A,1272.953,1.164585e-02,1.834000e-05,75.0
FRB20201124A_2021MayApr_1304,FRB20201124A,1314.941,1.148835e-02,2.068179e-05,59.4
FRB20201124A_2021MayApr_1304,FRB20201124A,1356.445,1.135232e-02,1.261046e-04,9.0
FRB20201124A_2021MayApr_0527,FRB20201124A,1020.996,1.503398e-02,4.635240e-04,6.3
FRB20201124A_2021MayApr_0527,FRB20201124A,1062.985,1.443433e-02,1.420730e-04,19.7
FRB20201124A_2021MayApr_0527,FRB20201124A,1104.976,1.346769e-02,4.422114e-05,56.7
FRB20201124A_2021MayApr_0527,FRB20201124A,1146.979,1.310695e-02,2.371786e-05,107.8
FRB20201124A_2021MayApr_0527,FRB20201124A,1188.959,1.277482e-02,4.809098e-05,45.0
FRB20201124A_2021MayApr_0527,FRB20201124A,1230.963,1.237170e-02,1.972247e-05,89.7
FRB20201124A_2021MayApr_0527,FRB20201124A,1272.946,1.186217e-02,2.644654e-05,61.3
FRB20201124A_2021MayApr_0527,FRB20201124A,1314.941,1.179388e-02,2.984169e-05,52.7
FRB20201124A_2021MayApr_0527,FRB20201124A,1356.445,1.173485e-02,1.023539e-04,12.0
FRB20201124A_2021MayApr_0493,FRB20201124A,1230.96,1.312623e-02,2.301802e-04,9.2
FRB20201124A_2021MayApr_0493,FRB20201124A,1272.95,1.259990e-02,1.218318e-04,16.5
FRB20201124A_2021MayApr_0493,FRB20201124A,1314.941,1.219317e-02,4.825321e-05,37.7
FRB20201124A_2021MayApr_0493,FRB20201124A,1356.445,1.234720e-02,4.963957e-05,39.6
FRB20201124A_2021MayApr_0493,FRB20201124A,1397.46,1.200404e-02,2.861618e-05,73.9
FRB20201124A_2021MayApr_0493,FRB20201124A,1438.477,1.109848e-02,4.253987e-05,43.9
FRB20201124A_2021MayApr_0493,FRB20201124A,1479.479,1.125748e-02,5.008583e-05,30.4
FRB20201124A_2021MayApr_0618,FRB20201124A,1020.997,1.366883e-02,1.978913e-05,64.6
FRB20201124A_2021MayApr_0618,FRB20201124A,1062.988,1.362280e-02,2.014104e-05,90.3
FRB20201124A_2021MayApr_0618,FRB20201124A,1104.98,1.283611e-02,3.604194e-05,49.1
FRB20201124A_2021MayApr_0618,FRB20201124A,1146.972,1.277475e-02,7.355982e-05,22.1
FRB20201124A_2021MayApr_0618,FRB20201124A,1188.958,1.195113e-02,8.380231e-05,17.0
FRB20201124A_2021MayApr_0618,FRB20201124A,1230.966,1.209599e-02,3.758505e-05,14.4
FRB20201124A_2021MayApr_0618,FRB20201124A,1272.95,1.207381e-02,4.954308e-05,15.9
FRB20201124A_2021MayApr_0618,FRB20201124A,1314.941,1.189870e-02,8.470649e-05,9.9
FRB20201124A_2021MayApr_0618,FRB20201124A,1356.445,1.223062e-02,1.446976e-04,5.8
FRB20201124A_2021MayApr_1492,FRB20201124A,1230.959,1.320692e-02,2.104737e-04,6.3
FRB20201124A_2021MayApr_1492,FRB20201124A,1314.941,1.252865e-02,3.985532e-05,14.8
FRB20201124A_2021MayApr_1492,FRB20201124A,1356.445,1.254518e-02,3.017817e-05,24.4
FRB20201124A_2021MayApr_1492,FRB20201124A,1397.466,1.242899e-02,8.462417e-05,7.0
FRB20201124A_2021MayApr_1492,FRB20201124A,1479.489,1.209483e-02,1.351005e-04,5.8
FRB20201124A_2021MayApr_1344,FRB20201124A,1104.981,1.410255e-02,3.941006e-04,8.5
FRB20201124A_2021MayApr_1344,FRB20201124A,1146.967,1.224460e-02,6.477717e-05,27.3
FRB20201124A_2021MayApr_1344,FRB20201124A,1188.949,1.219402e-02,3.312924e-05,22.3
FRB20201124A_2021MayApr_1344,FRB20201124A,1230.97,1.242350e-02,8.857133e-06,105.4
FRB20201124A_2021MayApr_1344,FRB20201124A,1272.936,1.244084e-02,3.787689e-05,19.5
FRB20201124A_2021MayApr_1344,FRB20201124A,1314.94,1.253421e-02,7.010801e-06,119.2
FRB20201124A_2021MayApr_1344,FRB20201124A,1356.445,1.249267e-02,1.290324e-05,60.9
FRB20201124A_2021MayApr_1344,FRB20201124A,1397.46,1.262573e-02,7.573397e-05,16.9
FRB20201124A_2021MayApr_1344,FRB20201124A,1438.476,1.173630e-02,1.791705e-04,8.0
FRB20201124A_2021MayApr_1109,FRB20201124A,1021.006,1.199741e-02,5.929079e-05,16.6
FRB20201124A_2021MayApr_1109,FRB20201124A,1062.988,1.205107e-02,3.100105e-05,25.4
FRB20201124A_2021MayApr_1109,FRB20201124A,1104.98,1.212795e-02,2.419261e-05,30.5
FRB20201124A_2021MayApr_1109,FRB20201124A,1146.973,1.220381e-02,2.996814e-05,21.3
FRB20201124A_2021MayApr_1109,FRB20201124A,1188.949,1.223607e-02,5.069860e-05,12.6
FRB20201124A_2021MayApr_1109,FRB20201124A,1230.957,1.209870e-02,9.272787e-05,5.8
FRB20201124A_2021MayApr_1577,FRB20201124A,1021.014,3.830412e-02,1.719812e-04,15.1
FRB20201124A_2021MayApr_1577,FRB20201124A,1062.986,3.819868e-02,1.618685e-04,14.9
FRB20201124A_2021MayApr_1577,FRB20201124A,1104.978,3.790668e-02,1.781507e-04,14.3
FRB20201124A_2021MayApr_1577,FRB20201124A,1146.972,3.794083e-02,1.643847e-04,13.5
FRB20201124A_2021MayApr_1577,FRB20201124A,1188.972,3.720594e-02,2.026936e-04,8.7
FRB20201124A_2021MayApr_0714,FRB20201124A,1188.984,1.385538e-02,1.545207e-04,7.6
FRB20201124A_2021MayApr_0714,FRB20201124A,1230.956,1.385709e-02,4.313729e-05,26.2
FRB20201124A_2021MayApr_0714,FRB20201124A,1272.962,1.381515e-02,3.044550e-05,40.4
FRB20201124A_2021MayApr_0714,FRB20201124A,1314.941,1.382701e-02,3.612408e-05,66.7
FRB20201124A_2021MayApr_0714,FRB20201124A,1356.445,1.156728e-02,3.359202e-05,108.3
FRB20201124A_2021MayApr_0714,FRB20201124A,1397.465,1.092656e-02,1.682341e-05,111.0
FRB20201124A_2021MayApr_0714,FRB20201124A,1438.471,1.096574e-02,8.229902e-06,167.2
FRB20201124A_2021MayApr_0714,FRB20201124A,1479.489,1.095178e-02,6.594244e-06,201.3
FRB20201124A_2021MayApr_0830,FRB20201124A,1020.996,1.411837e-02,1.192007e-05,57.7
FRB20201124A_2021MayApr_0830,FRB20201124A,1062.988,1.421630e-02,1.470910e-05,56.8
FRB20201124A_2021MayApr_0830,FRB20201124A,1104.98,1.431144e-02,5.669877e-05,15.6
FRB20201124A_2021MayApr_0830,FRB20201124A,1146.971,1.106000e-02,3.083671e-05,23.9
FRB20201124A_2021MayApr_0830,FRB20201124A,1188.952,1.110313e-02,2.282619e-05,17.2
FRB20201124A_2021MayApr_0830,FRB20201124A,1230.961,1.119236e-02,1.566526e-05,25.1
FRB20201124A_2021MayApr_0830,FRB20201124A,1314.941,1.126305e-02,3.466646e-05,11.3
FRB20201124A_2021MayApr_1317,FRB20201124A,1020.988,1.662993e-02,5.147868e-05,35.3
FRB20201124A_2021MayApr_1317,FRB20201124A,1062.986,1.680708e-02,4.988454e-05,37.4
FRB20201124A_2021MayApr_1317,FRB20201124A,1104.976,1.679850e-02,1.239864e-04,16.7
FRB20201124A_2021MayApr_1317,FRB20201124A,1146.972,1.278879e-02,2.184956e-04,6.5
FRB20201124A_2021MayApr_1317,FRB20201124A,1188.947,1.277268e-02,1.526955e-04,6.4
FRB20201124A_2021MayApr_1060,FRB20201124A,1062.986,1.338227e-02,9.203464e-05,12.3
FRB20201124A_2021MayApr_1060,FRB20201124A,1104.98,1.340558e-02,5.302969e-05,20.4
FRB20201124A_2021MayApr_1060,FRB20201124A,1146.972,1.340167e-02,2.519387e-05,46.8
FRB20201124A_2021MayApr_1060,FRB20201124A,1188.958,1.335017e-02,6.252701e-05,21.2
FRB20201124A_2021MayApr_1060,FRB20201124A,1230.95,1.342343e-02,3.519660e-05,41.9
FRB20201124A_2021MayApr_1060,FRB20201124A,1272.936,1.307908e-02,5.807377e-05,36.4
FRB20201124A_2021MayApr_1060,FRB20201124A,1314.939,1.180251e-02,2.057043e-05,93.2
FRB20201124A_2021MayApr_1060,FRB20201124A,1356.445,1.187619e-02,1.174171e-05,104.7
FRB20201124A_2021MayApr_1060,FRB20201124A,1397.443,1.180413e-02,1.140237e-05,86.2
FRB20201124A_2021MayApr_1060,FRB20201124A,1438.483,1.181194e-02,1.014430e-05,87.2
FRB20201124A_2021MayApr_1060,FRB20201124A,1479.48,1.184822e-02,1.494457e-05,52.6
FRB20201124A_2021MayApr_1841,FRB20201124A,1021.003,1.193169e-02,2.581757e-06,133.3
FRB20201124A_2021MayApr_1841,FRB20201124A,1062.988,1.205150e-02,6.990009e-06,70.3
FRB20201124A_2021MayApr_1841,FRB20201124A,1104.967,1.218020e-02,8.987166e-06,32.8
FRB20201124A_2021MayApr_1841,FRB20201124A,1146.969,1.228755e-02,9.302393e-06,31.7
FRB20201124A_2021MayApr_1841,FRB20201124A,1188.962,1.234373e-02,2.914481e-05,6.7
FRB20201124A_2021MayApr_0857,FRB20201124A,1314.949,1.261860e-02,4.907758e-05,13.0
FRB20201124A_2021MayApr_0857,FRB20201124A,1356.445,1.261983e-02,3.237419e-05,21.3
FRB20201124A_2021MayApr_0857,FRB20201124A,1397.46,1.265205e-02,2.146344e-05,36.6
FRB20201124A_2021MayApr_0857,FRB20201124A,1438.477,1.271083e-02,1.841405e-05,42.7
FRB20201124A_2021MayApr_0857,FRB20201124A,1479.489,1.276956e-02,3.169807e-05,23.3
FRB20201124A_2021MayApr_1371,FRB20201124A,1230.957,1.283693e-02,1.444786e-04,7.8
FRB20201124A_2021MayApr_1371,FRB20201124A,1272.953,1.262754e-02,2.833894e-05,31.2
FRB20201124A_2021MayApr_1371,FRB20201124A,1314.941,1.256172e-02,8.143879e-06,78.5
FRB20201124A_2021MayApr_1371,FRB20201124A,1356.446,1.257316e-02,1.970311e-06,274.4
FRB20201124A_2021MayApr_1371,FRB20201124A,1397.458,1.259072e-02,2.149225e-06,274.4
FRB20201124A_2021MayApr_1371,FRB20201124A,1438.468,1.258998e-02,3.661222e-06,228.2
FRB20201124A_2021MayApr_1371,FRB20201124A,1479.474,1.262732e-02,2.457366e-05,56.0
FRB20201124A_2021MayApr_0112,FRB20201124A,1020.995,1.474742e-02,2.043096e-04,9.6
FRB20201124A_2021MayApr_0112,FRB20201124A,1062.988,1.282903e-02,5.468770e-05,29.7
FRB20201124A_2021MayApr_0112,FRB20201124A,1104.964,1.282682e-02,1.740210e-05,76.3
FRB20201124A_2021MayApr_0112,FRB20201124A,1146.968,1.268434e-02,1.080438e-05,113.7
FRB20201124A_2021MayApr_0112,FRB20201124A,1188.944,1.258826e-02,2.113115e-05,51.2
FRB20201124A_2021MayApr_0112,FRB20201124A,1230.982,1.269976e-02,3.660073e-05,26.9
FRB20201124A_2021MayApr_0112,FRB20201124A,1272.952,1.253824e-02,3.167641e-05,24.8
FRB20201124A_2021MayApr_0112,FRB20201124A,1314.941,1.278545e-02,8.065502e-05,8.5
FRB20201124A_2021MayApr_0919,FRB20201124A,1104.981,1.223634e-02,8.715477e-05,9.6
FRB20201124A_2021MayApr_0919,FRB20201124A,1146.972,1.236386e-02,6.363587e-05,10.8
FRB20201124A_2021MayApr_0919,FRB20201124A,1188.96,1.263800e-02,1.113276e-04,7.9
FRB20201124A_2021MayApr_0919,FRB20201124A,1230.947,1.259158e-02,1.449333e-04,6.4
FRB20201124A_2021MayApr_0919,FRB20201124A,1272.953,1.283333e-02,1.250168e-04,5.9
FRB20201124A_2021MayApr_0919,FRB20201124A,1314.941,1.252963e-02,7.158368e-05,11.7
FRB20201124A_2021MayApr_0601,FRB20201124A,1146.972,2.615664e-02,1.683688e-04,9.0
FRB20201124A_2021MayApr_0601,FRB20201124A,1188.972,2.580028e-02,6.833456e-05,20.1
FRB20201124A_2021MayApr_0601,FRB20201124A,1230.949,2.590303e-02,4.336267e-05,37.4
FRB20201124A_2021MayApr_0601,FRB20201124A,1272.947,2.581749e-02,3.320134e-05,57.7
FRB20201124A_2021MayApr_0601,FRB20201124A,1314.942,2.499121e-02,2.356108e-05,79.3
FRB20201124A_2021MayApr_0601,FRB20201124A,1356.445,2.502196e-02,1.771373e-05,99.9
FRB20201124A_2021MayApr_0601,FRB20201124A,1397.46,2.441266e-02,1.868869e-05,105.2
FRB20201124A_2021MayApr_0601,FRB20201124A,1438.477,2.380957e-02,1.029825e-05,143.2
FRB20201124A_2021MayApr_0601,FRB20201124A,1479.489,2.379382e-02,1.392121e-05,74.1
FRB20201124A_2021MayApr_1186,FRB20201124A,1020.992,1.378177e-02,1.404041e-05,91.0
FRB20201124A_2021MayApr_1186,FRB20201124A,1062.989,1.395537e-02,1.564799e-05,91.1
FRB20201124A_2021MayApr_1186,FRB20201124A,1104.979,1.336186e-02,2.853741e-05,68.9
FRB20201124A_2021MayApr_1186,FRB20201124A,1146.972,1.325366e-02,7.135809e-05,29.6
FRB20201124A_2021MayApr_1186,FRB20201124A,1188.966,1.259099e-02,8.538436e-05,14.4
FRB20201124A_2021MayApr_1186,FRB20201124A,1230.965,1.243236e-02,1.159690e-04,13.1
FRB20201124A_2021MayApr_1186,FRB20201124A,1272.957,1.252943e-02,1.625116e-04,9.4
FRB20201124A_2021MayApr_1186,FRB20201124A,1314.941,1.204542e-02,1.927549e-04,8.4
FRB20201124A_2021MayApr_1186,FRB20201124A,1356.445,1.168460e-02,2.101227e-04,8.4
FRB20201124A_2021MayApr_1727,FRB20201124A,1020.991,1.385830e-02,9.890540e-05,19.4
FRB20201124A_2021MayApr_1727,FRB20201124A,1062.988,1.317885e-02,8.014155e-05,23.9
FRB20201124A_2021MayApr_1727,FRB20201124A,1104.988,1.282732e-02,7.845904e-05,25.1
FRB20201124A_2021MayApr_1727,FRB20201124A,1146.977,1.271546e-02,4.882643e-05,31.2
FRB20201124A_2021MayApr_1727,FRB20201124A,1188.954,1.248937e-02,8.104816e-05,19.4
FRB20201124A_2021MayApr_1727,FRB20201124A,1230.968,1.213951e-02,1.340947e-04,11.7
FRB20201124A_2021MayApr_1727,FRB20201124A,1272.95,1.179472e-02,1.754038e-04,9.2
FRB20201124A_2021MayApr_1727,FRB20201124A,1314.941,1.150832e-02,1.132697e-04,9.5
FRB20201124A_2021MayApr_1727,FRB20201124A,1356.445,1.140937e-02,1.693980e-04,7.3
FRB20201124A_2021MayApr_1239,FRB20201124A,1020.994,1.446099e-02,5.228986e-05,47.9
FRB20201124A_2021MayApr_1239,FRB20201124A,1062.986,1.282111e-02,1.591370e-05,80.3
FRB20201124A_2021MayApr_1239,FRB20201124A,1104.977,1.259187e-02,1.273765e-05,84.9
FRB20201124A_2021MayApr_1239,FRB20201124A,1146.972,1.252883e-02,2.220982e-05,37.6
FRB20201124A_2021MayApr_1239,FRB20201124A,1188.961,1.257152e-02,6.589903e-05,12.7
FRB20201124A_2021MayApr_1099,FRB20201124A,1020.984,1.341592e-02,6.567504e-05,30.7
FRB20201124A_2021MayApr_1099,FRB20201124A,1062.988,1.317900e-02,4.285702e-05,39.0
FRB20201124A_2021MayApr_1099,FRB20201124A,1104.979,1.293941e-02,3.922661e-05,38.8
FRB20201124A_2021MayApr_1099,FRB20201124A,1146.972,1.262962e-02,5.495872e-05,25.9
FRB20201124A_2021MayApr_1099,FRB20201124A,1188.964,1.199741e-02,8.934527e-05,13.2
FRB20201124A_2021MayApr_1099,FRB20201124A,1230.957,1.215125e-02,1.446549e-04,7.8
FRB20201124A_2021MayApr_0486,FRB20201124A,1314.94,1.977103e-02,7.038214e-05,11.2
FRB20201124A_2021MayApr_0486,FRB20201124A,1356.45,1.982510e-02,2.752967e-05,26.8
FRB20201124A_2021MayApr_0486,FRB20201124A,1397.46,1.987146e-02,1.403194e-05,49.0
FRB20201124A_2021MayApr_0486,FRB20201124A,1438.477,1.991477e-02,1.024049e-05,62.4
FRB20201124A_2021MayApr_0486,FRB20201124A,1479.489,1.994144e-02,1.678347e-05,32.2
FRB20201124A_2021MayApr_1101,FRB20201124A,1020.995,1.439640e-02,2.500133e-04,12.0
FRB20201124A_2021MayApr_1101,FRB20201124A,1062.988,1.377135e-02,1.479355e-04,16.9
FRB20201124A_2021MayApr_1101,FRB20201124A,1104.969,1.303928e-02,8.960145e-05,24.7
FRB20201124A_2021MayApr_1101,FRB20201124A,1146.974,1.253534e-02,6.935021e-05,27.6
FRB20201124A_2021MayApr_1101,FRB20201124A,1188.964,1.223180e-02,8.027361e-05,20.8
FRB20201124A_2021MayApr_1101,FRB20201124A,1230.956,1.209831e-02,9.300013e-05,17.4
FRB20201124A_2021MayApr_1101,FRB20201124A,1272.951,1.229293e-02,1.127055e-04,10.9
FRB20201124A_2021MayApr_1499,FRB20201124A,1314.941,1.327711e-02,6.048107e-05,21.1
FRB20201124A_2021MayApr_1499,FRB20201124A,1356.445,1.326915e-02,5.878779e-05,24.2
FRB20201124A_2021MayApr_1499,FRB20201124A,1397.46,1.205395e-02,5.939695e-05,26.5
FRB20201124A_2021MayApr_1499,FRB20201124A,1438.476,1.195355e-02,2.427193e-05,46.6
FRB20201124A_2021MayApr_1499,FRB20201124A,1479.492,1.207635e-02,4.512253e-05,17.4
FRB20201124A_2021MayApr_0817,FRB20201124A,1062.988,1.395802e-02,1.534747e-04,6.4
FRB20201124A_2021MayApr_0817,FRB20201124A,1104.98,1.376415e-02,1.614767e-04,9.1
FRB20201124A_2021MayApr_0817,FRB20201124A,1146.972,1.390833e-02,8.333904e-05,17.1
FRB20201124A_2021MayApr_0817,FRB20201124A,1188.965,1.330134e-02,1.013595e-04,17.9
FRB20201124A_2021MayApr_0817,FRB20201124A,1230.968,1.252705e-02,6.758876e-05,26.9
FRB20201124A_2021MayApr_0817,FRB20201124A,1272.947,1.238807e-02,4.015814e-05,28.2
FRB20201124A_2021MayApr_0817,FRB20201124A,1314.942,1.244573e-02,1.702949e-05,60.6
FRB20201124A_2021MayApr_0817,FRB20201124A,1356.443,1.243405e-02,2.770613e-05,44.4
FRB20201124A_2021MayApr_0817,FRB20201124A,1397.461,1.245555e-02,6.362534e-05,24.7
FRB20201124A_2021MayApr_0817,FRB20201124A,1438.477,1.164294e-02,1.406492e-04,11.2
FRB20201124A_2021MayApr_0817,FRB20201124A,1479.465,1.169692e-02,2.335377e-04,6.5
FRB20201124A_2021MayApr_0549,FRB20201124A,1104.98,1.337335e-02,1.176554e-04,11.7
FRB20201124A_2021MayApr_0549,FRB20201124A,1146.972,1.258574e-02,1.067446e-04,11.5
FRB20201124A_2021MayApr_0549,FRB20201124A,1188.951,1.281199e-02,6.235816e-05,16.6
FRB20201124A_2021MayApr_0549,FRB20201124A,1230.959,1.263797e-02,5.228689e-05,16.0
FRB20201124A_2021MayApr_0549,FRB20201124A,1272.942,1.274930e-02,5.901245e-05,10.8
FRB20201124A_2021MayApr_0549,FRB20201124A,1314.941,1.276104e-02,2.537210e-05,42.6
FRB20201124A_2021MayApr_0549,FRB20201124A,1356.445,1.269693e-02,8.265164e-05,12.5
FRB20201124A_2021MayApr_0549,FRB20201124A,1397.46,1.218754e-02,1.447226e-04,6.1
FRB20201124A_2021MayApr_0549,FRB20201124A,1438.477,1.214566e-02,9.781236e-05,10.1
FRB20201124A_2021MayApr_0129,FRB20201124A,1020.995,1.326774e-02,2.693736e-04,6.8
FRB20201124A_2021MayApr_0129,FRB20201124A,1062.986,1.336917e-02,8.056021e-05,26.8
FRB20201124A_2021MayApr_0129,FRB20201124A,1104.974,1.287466e-02,3.416683e-05,57.5
FRB20201124A_2021MayApr_0129,FRB20201124A,1146.95,1.247894e-02,2.997547e-05,60.7
FRB20201124A_2021MayApr_0129,FRB20201124A,1188.956,1.267930e-02,1.013769e-04,14.1
FRB20201124A_2021MayApr_0129,FRB20201124A,1230.959,1.185031e-02,6.350456e-05,21.7
