obsid,name,mjd_start,exposure_s
0020180102,PSR_B0833-45,57941.0583217593,6918.0
0020180103,PSR_B0833-45,57942.0228125,10070.0
0020180104,PSR_B0833-45,57942.9874421296,8588.70558646321
0020180105,PSR_B0833-45,57945.4406134259,1429.0
0020180106,PSR_B0833-45,57946.0828703704,1318.0
0020180107,PSR_B0833-45,57947.0453125,2158.0
0020180108,PSR_B0833-45,57948.2002199074,1221.51739259064
1020180101,PSR_B0833-45,57953.9960648148,187.713040798903
1020180102,PSR_B0833-45,57954.1888888889,896.0
1020180103,PSR_B0833-45,57955.0893518518,1534.0
1020180104,PSR_B0833-45,57956.0541666667,6510.76042364538
1020180105,PSR_B0833-45,57957.0189814815,4854.0
1020180106,PSR_B0833-45,57957.9990509259,1399.0
1020180107,PSR_B0833-45,57959.2011574074,2230.0
1020180108,PSR_B0833-45,57960.1028587963,981.0
1020180109,PSR_B0833-45,57962.0988425926,1225.0
1020180110,PSR_B0833-45,57963.0797916667,2479.0
1020180111,PSR_B0833-45,57964.0349537037,96.0
1020180112,PSR_B0833-45,57968.7292361111,239.0
1020180113,PSR_B0833-45,57969.3015277778,608.0
1020180114,PSR_B0833-45,57970.1453703704,460.0
1020180115,PSR_B0833-45,57971.1743055556,834.0
1020180116,PSR_B0833-45,57972.0203356482,2258.0
1020180117,PSR_B0833-45,57973.0996064815,4969.76037365198
1020180118,PSR_B0833-45,57974.0048611111,4112.0
1020180119,PSR_B0833-45,57975.23125,4902.52185484767
1020180120,PSR_B0833-45,57976.2605439815,3429.7601724416
1020180121,PSR_B0833-45,57977.0347569444,2722.76039934158
1020180122,PSR_B0833-45,57978.0636342593,426.0
1020180123,PSR_B0833-45,57979.491412037,152.0
1020180124,PSR_B0833-45,57980.1955555556,40.0
1020180125,PSR_B0833-45,57981.5242824074,5.0
1020180126,PSR_B0833-45,58042.4100694444,1679.0
1020180127,PSR_B0833-45,58046.5354166667,1527.0
1020180128,PSR_B0833-45,58049.1074074074,543.0
1020180129,PSR_B0833-45,58050.079837963,2095.0
1020180130,PSR_B0833-45,58051.1074074074,2124.0
1020180131,PSR_B0833-45,58052.4032407407,2868.0
1020180132,PSR_B0833-45,58053.1075925926,1761.0
1020180133,PSR_B0833-45,58075.3381944444,83.0
1020180134,PSR_B0833-45,58076.8822916667,83.0
1020180135,PSR_B0833-45,58077.70625,190.0
1020180136,PSR_B0833-45,58097.1282407407,381.0
1020180137,PSR_B0833-45,58098.1578703704,865.0
1020180138,PSR_B0833-45,58099.0583333333,1101.0
1020180139,PSR_B0833-45,58100.0231481481,568.0
1020180140,PSR_B0833-45,58101.1164351852,393.0
1020180141,PSR_B0833-45,58102.5506944444,994.0
1020180142,PSR_B0833-45,58102.9999537037,414.0
1020180143,PSR_B0833-45,58104.0803240741,646.0
1020180144,PSR_B0833-45,58105.3675925926,196.0
1020180145,PSR_B0833-45,58106.0877314815,1022.0
1020180146,PSR_B0833-45,58107.1671296296,742.0
1020180147,PSR_B0833-45,58108.7710185185,724.0
1020180148,PSR_B0833-45,58109.1580555556,830.0
1020180149,PSR_B0833-45,58112.7618055556,402.0
1020180150,PSR_B0833-45,58115.0136574074,457.0
1020180151,PSR_B0833-45,58116.4270833333,614.0
1020180152,PSR_B0833-45,58117.0094444444,835.0
1020180153,PSR_B0833-45,58118.1640046296,1990.0
1020180154,PSR_B0833-45,58119.0027314815,2493.95685733855
1020180155,PSR_B0833-45,58120.0288888889,1718.0
1020180156,PSR_B0833-45,58121.0641550926,2557.74890452623
1020180157,PSR_B0833-45,58122.0931018519,1550.0
1020180158,PSR_B0833-45,58123.3140509259,1523.0
1020180159,PSR_B0833-45,58126.0798611111,778.0
1020180160,PSR_B0833-45,58127.1824074074,122.0
1020180161,PSR_B0833-45,58165.2138078704,552.0
1020180162,PSR_B0833-45,58166.1840277778,1471.0
1020180163,PSR_B0833-45,58167.2229166667,401.0
1020180164,PSR_B0833-45,58168.1881944444,1611.0
1020180165,PSR_B0833-45,58169.2054976852,1904.0
1020180166,PSR_B0833-45,58170.16875,2604.0
1020180167,PSR_B0833-45,58173.1256944444,2710.0
1020180168,PSR_B0833-45,58174.0277777778,3799.0
1020180169,PSR_B0833-45,58175.057349537,4751.0
1020180170,PSR_B0833-45,58176.2829976852,1654.0
1020180171,PSR_B0833-45,58177.2681134259,140.0
1020180172,PSR_B0833-45,58178.8536921296,0.0
1020180173,PSR_B0833-45,58179.7546180556,0.0
1020180174,PSR_B0833-45,58184.3196759259,2.49691224098206
1020180175,PSR_B0833-45,58185.4228472222,21.5428965389729
1020180176,PSR_B0833-45,58186.1312847222,38.0
1020180177,PSR_B0833-45,58187.1703125,2047.21795584261
1020180178,PSR_B0833-45,58188.0703703704,434.0
1020180179,PSR_B0833-45,58189.4837037037,1002.0
1020180180,PSR_B0833-45,58189.9995717593,1790.0
1020180181,PSR_B0833-45,58191.9346064815,101.0
1020180182,PSR_B0833-45,58192.1246759259,2776.0
1020180183,PSR_B0833-45,58193.0954513889,451.0
1020180184,PSR_B0833-45,58201.2648148148,0.0
1020180185,PSR_B0833-45,58202.1415162037,1081.0
1020180186,PSR_B0833-45,58203.0476851852,336.0
1020180187,PSR_B0833-45,58204.7217013889,0.0
1020180188,PSR_B0833-45,58230.4710648148,52.0
1020180189,PSR_B0833-45,58231.504849537,47.0
1020180190,PSR_B0833-45,58232.1643518519,270.0
1020180191,PSR_B0833-45,58234.8571759259,0.0
1020180192,PSR_B0833-45,58235.0502314815,88.0
1020180193,PSR_B0833-45,58239.9377314815,16.0
1020180194,PSR_B0833-45,58240.0612615741,213.0
1020180195,PSR_B0833-45,58241.7405092593,0.0
1020180196,PSR_B0833-45,58242.7050925926,0.0
1020180197,PSR_B0833-45,58246.1729166667,110.0
1020180198,PSR_B0833-45,58253.1986111111,2365.0
1020180199,PSR_B0833-45,58270.898599537,223.0
1020180201,PSR_B0833-45,58271.0273148148,211.0
1020180202,PSR_B0833-45,58272.4402777778,1662.0
1020180203,PSR_B0833-45,58275.9744791667,0.0
1020180204,PSR_B0833-45,58276.1645833333,12.0
1020180205,PSR_B0833-45,58277.1298611111,0.0
1020180206,PSR_B0833-45,58278.0951388889,0.0
1020180207,PSR_B0833-45,58284.3032291667,96.0
1020180208,PSR_B0833-45,58287.0016203704,0.0
1020180209,PSR_B0833-45,58289.7747106481,590.0
1020180210,PSR_B0833-45,58290.2746064815,23.0
1020180211,PSR_B0833-45,58299.3405208333,40.0
1020180212,PSR_B0833-45,58301.4027777778,198.0
1020180213,PSR_B0833-45,58302.7599537037,0.0
1020180214,PSR_B0833-45,58304.2297569444,745.0
1020180215,PSR_B0833-45,58305.2591898148,5213.19184479117
1020180216,PSR_B0833-45,58306.0330902778,1872.81268855929
1020180217,PSR_B0833-45,58307.3824074074,1423.65209525824
1020180218,PSR_B0833-45,58310.0885069444,2017.55384379625
1020180219,PSR_B0833-45,58312.7907291667,2601.0
1020180220,PSR_B0833-45,58313.1751967593,1664.0
1020180221,PSR_B0833-45,58314.7189814815,176.0
1020180222,PSR_B0833-45,58315.2344907407,2250.0
1020180223,PSR_B0833-45,58316.2650462963,2044.75150942802
1020180224,PSR_B0833-45,58317.4884259259,1062.0
1020180225,PSR_B0833-45,58318.4537037037,0.0
1020180226,PSR_B0833-45,58319.0326388889,1836.0
1020180227,PSR_B0833-45,58320.1465277778,1031.0
1020180228,PSR_B0833-45,58321.0469907407,3770.0
1020180229,PSR_B0833-45,58321.9921296296,5923.0
1020180230,PSR_B0833-45,58325.1418981481,4109.0
1020180231,PSR_B0833-45,58326.0449074074,2760.0
1020180232,PSR_B0833-45,58327.3981481481,2682.0
1020180233,PSR_B0833-45,58328.2356481481,2939.0
1020180234,PSR_B0833-45,58329.0083333333,1080.0
1020180235,PSR_B0833-45,58330.5541666667,941.0
1020180236,PSR_B0833-45,58332.9962847222,849.0
1020180237,PSR_B0833-45,58334.8564814815,596.0
1020180238,PSR_B0833-45,58335.2486111111,323.0
1020180239,PSR_B0833-45,58336.0849537037,593.643867790699
1020180240,PSR_B0833-45,58337.0534722222,2311.0
1020180241,PSR_B0833-45,58338.4706018519,2128.0
1020180242,PSR_B0833-45,58339.4347222222,2228.0
1020180243,PSR_B0833-45,58340.0166666667,7667.0
1020180244,PSR_B0833-45,58341.0467361111,5007.0
1020180245,PSR_B0833-45,58342.0787037037,4639.0
1020180246,PSR_B0833-45,58343.0456018519,525.0
1020180247,PSR_B0833-45,58359.2143518518,0.0
1020180248,PSR_B0833-45,58360.0506944444,0.0
1020180249,PSR_B0833-45,58362.0430555556,249.0
1020180250,PSR_B0833-45,58364.8731365741,302.0
1020180251,PSR_B0833-45,58368.5518518519,919.0
1020180252,PSR_B0833-45,58385.9166666667,956.0
1020180253,PSR_B0833-45,58386.0407407407,3783.82498815656
1020180254,PSR_B0833-45,58388.2356481481,1452.0
1020180255,PSR_B0833-45,58389.3284722222,0.0
1020180256,PSR_B0833-45,58390.2907407407,2787.0
1020180257,PSR_B0833-45,58391.1935185185,3435.0
1020180258,PSR_B0833-45,58392.030787037,1131.0
1020180259,PSR_B0833-45,58393.1252314815,1877.0
1020180260,PSR_B0833-45,58394.0261574074,3963.0
1020180261,PSR_B0833-45,58395.0560185185,1137.0
1020180262,PSR_B0833-45,58402.0923611111,2758.0
1020180263,PSR_B0833-45,58403.4967592593,909.0
1020180264,PSR_B0833-45,58411.5263888889,2226.0
1020180265,PSR_B0833-45,58414.4906365741,1917.0
1020180266,PSR_B0833-45,58415.2012731481,1319.0
1020180267,PSR_B0833-45,58417.3912037037,958.0
1020180268,PSR_B0833-45,58422.3359143519,2384.0
1020180269,PSR_B0833-45,58424.5254861111,431.0
1020180270,PSR_B0833-45,58430.6070717593,0.0
1020180271,PSR_B0833-45,58432.4030092593,682.0
1020180272,PSR_B0833-45,58433.6277546296,1481.0
1020180273,PSR_B0833-45,58434.0136342593,2107.0
1020180274,PSR_B0833-45,58435.0421064815,5278.0
1020180275,PSR_B0833-45,58436.0060069444,3339.0
1020180276,PSR_B0833-45,58437.1636574074,22.0
1020180277,PSR_B0833-45,58438.1935185185,3711.0
1020180278,PSR_B0833-45,58457.8990625,57.0
1020180279,PSR_B0833-45,58458.087025463,411.0
1020180280,PSR_B0833-45,58459.055787037,165.0
1020180281,PSR_B0833-45,58460.0219907407,4640.0
1020180282,PSR_B0833-45,58461.0527662037,5803.0
1020180283,PSR_B0833-45,58462.0114351852,3726.0
1020180284,PSR_B0833-45,58463.1708333333,2968.0
1020180285,PSR_B0833-45,58463.9991203704,4949.0
1020180286,PSR_B0833-45,58466.3240740741,5629.0
1020180287,PSR_B0833-45,58467.0293981481,807.0
1020180288,PSR_B0833-45,58470.7459143518,2226.03571370244
1020180289,PSR_B0833-45,58474.7592592593,1584.0
1020180290,PSR_B0833-45,58475.0115740741,1390.0
1020180291,PSR_B0833-45,58479.1136574074,976.0
1020180292,PSR_B0833-45,58480.079375,686.0
1020180293,PSR_B0833-45,58481.2555439815,312.0
1020180294,PSR_B0833-45,58482.1358564815,517.0
1020180295,PSR_B0833-45,58483.3624884259,709.0
1020180296,PSR_B0833-45,58488.6412037037,3607.0
1020180297,PSR_B0833-45,58489.4771296296,2673.0
1020180298,PSR_B0833-45,58489.9943634259,5774.0
1020180299,PSR_B0833-45,58492.2498842593,1390.0
1020180301,PSR_B0833-45,58493.3928240741,0.0
1020180302,PSR_B0833-45,58518.9272106482,795.247402310371
1020180303,PSR_B0833-45,58519.0418055556,6496.0
1020180304,PSR_B0833-45,58520.3291435185,3430.0
1020180305,PSR_B0833-45,58521.2303472222,3762.0
1020180306,PSR_B0833-45,58522.067662037,217.0
1020180307,PSR_B0833-45,58527.6787037037,951.855098187923
1020180308,PSR_B0833-45,58528.3732986111,3875.0
1020180309,PSR_B0833-45,58531.5272800926,2586.0
1020180310,PSR_B0833-45,58533.7164351852,93.0
1020180311,PSR_B0833-45,58535.0703587963,1577.0
1020180312,PSR_B0833-45,58537.1923611111,871.0
1020180313,PSR_B0833-45,58538.8018402778,94.0
1020180314,PSR_B0833-45,58538.9948148148,2863.31544914842
1020180315,PSR_B0833-45,58540.5372685185,1073.0
1020180316,PSR_B0833-45,58541.2511574074,4188.0
1020180317,PSR_B0833-45,58542.0856365741,3980.0
1020180318,PSR_B0833-45,58543.1178240741,7657.0
2020180301,PSR_B0833-45,58544.0210648148,3954.0
2020180302,PSR_B0833-45,58545.0534722222,399.0
2020180303,PSR_B0833-45,58547.6310185185,274.0
2020180304,PSR_B0833-45,58548.0194097222,248.0
2020180305,PSR_B0833-45,58549.6273148148,255.0
2020180306,PSR_B0833-45,58550.2699074074,449.0
2020180307,PSR_B0833-45,58553.2386574074,1098.0
2020180308,PSR_B0833-45,58556.7289351852,1239.0
2020180309,PSR_B0833-45,58562.4951273148,1405.0
2020180310,PSR_B0833-45,58575.6777777778,4682.0
2020180311,PSR_B0833-45,58583.9701388889,930.0
2020180312,PSR_B0833-45,58584.0360416667,2847.0
2020180313,PSR_B0833-45,58586.8688541667,1628.0
2020180314,PSR_B0833-45,58586.9975694444,492.0
2020180315,PSR_B0833-45,58591.762337963,1753.0
2020180316,PSR_B0833-45,58592.0201157407,1181.0
2020180317,PSR_B0833-45,58602.5962962963,710.0
2020180318,PSR_B0833-45,58609.4878703704,1371.0
2020180319,PSR_B0833-45,58610.2530092593,34.0
2020180320,PSR_B0833-45,58612.1187037037,1536.0
2020180321,PSR_B0833-45,58614.1171296296,7.0
2020180322,PSR_B0833-45,58626.0242939815,1366.0
2020180323,PSR_B0833-45,58627.2599537037,2852.0
2020180324,PSR_B0833-45,58628.0217592593,1285.0
2020180325,PSR_B0833-45,58629.6323958333,5038.0
2020180326,PSR_B0833-45,58630.1604166667,10234.0
2020180327,PSR_B0833-45,58632.01875,1887.0
2020180328,PSR_B0833-45,58634.6672800926,3940.0
2020180329,PSR_B0833-45,58663.8826388889,718.0
2020180330,PSR_B0833-45,58664.2048611111,3671.0
2020180331,PSR_B0833-45,58665.1726851852,1322.0
2020180332,PSR_B0833-45,58666.0092592593,6164.0
2020180333,PSR_B0833-45,58667.0416666667,4824.0
2020180334,PSR_B0833-45,58668.199537037,6376.0
2020180335,PSR_B0833-45,58669.0409027778,8840.0
2020180336,PSR_B0833-45,58670.005787037,10453.0
2020180337,PSR_B0833-45,58671.0451388889,7646.0
2020180338,PSR_B0833-45,58673.5536805556,4134.0
2020180339,PSR_B0833-45,58674.0057638889,5141.0
2020180340,PSR_B0833-45,58675.2275462963,2736.92236632109
2020180341,PSR_B0833-45,58676.004375,2024.0
2020180342,PSR_B0833-45,58677.8114236111,618.0
2020180343,PSR_B0833-45,58680.4097222222,446.0
2020180344,PSR_B0833-45,58686.3178240741,224.0
2020180345,PSR_B0833-45,58687.0914351852,14.0
2020180346,PSR_B0833-45,58688.7747685185,0.0
2020180347,PSR_B0833-45,58689.0326388889,0.0
2020180348,PSR_B0833-45,58690.062037037,0.0
2020180349,PSR_B0833-45,58691.03125,0.0
2020180350,PSR_B0833-45,58693.4335648148,0.0
2020180351,PSR_B0833-45,58694.0619212963,0.0
2020180352,PSR_B0833-45,58696.0717592593,2.0
2020180353,PSR_B0833-45,58697.5395833333,43.0
2020180354,PSR_B0833-45,58698.187037037,371.0
2020180355,PSR_B0833-45,58699.1543981481,174.0
2020180356,PSR_B0833-45,58700.0611111111,105.0
2020180357,PSR_B0833-45,58701.0933101852,1.0
2020180358,PSR_B0833-45,58701.9947222222,0.0
2020180359,PSR_B0833-45,58703.0274884259,0.0
2020180360,PSR_B0833-45,58703.9951388889,0.0
2020180361,PSR_B0833-45,58705.1577893519,0.0
2020180362,PSR_B0833-45,58723.03625,0.0
2020180363,PSR_B0833-45,58724.8479166667,0.0
2020180364,PSR_B0833-45,58725.1060185185,0.0
2020180365,PSR_B0833-45,58728.6430787037,0.0
2020180366,PSR_B0833-45,58729.0940972222,0.0
2020180367,PSR_B0833-45,58730.6413425926,0.0
2020180368,PSR_B0833-45,58731.2833333333,0.0
2020180369,PSR_B0833-45,58731.9928240741,0.0
2020180370,PSR_B0833-45,58733.1101851852,0.0
2020180371,PSR_B0833-45,58742.955787037,0.0
2020180372,PSR_B0833-45,58743.0203703704,0.0
2020180373,PSR_B0833-45,58744.1187384259,0.0
2020180374,PSR_B0833-45,58745.1518518518,0.0
2020180375,PSR_B0833-45,58746.1224537037,0.0
2020180376,PSR_B0833-45,58747.2833333333,0.0
2020180377,PSR_B0833-45,58748.2516203704,0.0
2020180378,PSR_B0833-45,58749.2185185185,161.0
2020180379,PSR_B0833-45,58750.3138888889,0.0
2020180380,PSR_B0833-45,58753.212962963,0.0
2020180381,PSR_B0833-45,58754.4584490741,0.0
2020180382,PSR_B0833-45,58757.8618055556,221.0
2020180383,PSR_B0833-45,58758.0585648148,55.0
2020180384,PSR_B0833-45,58759.0261574074,183.0
2020180385,PSR_B0833-45,58777.799537037,747.0
2020180386,PSR_B0833-45,58779.1564814815,730.0
2020180387,PSR_B0833-45,58800.7207638889,698.0
2020180388,PSR_B0833-45,58801.1084953704,609.0
2020180389,PSR_B0833-45,58802.3345717593,414.0
2020180390,PSR_B0833-45,58803.3024768519,270.0
2020180391,PSR_B0833-45,58804.6592824074,1853.0
2020180392,PSR_B0833-45,58805.1098032407,2425.0
2020180393,PSR_B0833-45,58806.400462963,0.0
2020180394,PSR_B0833-45,58823.2333333333,0.0
2020180395,PSR_B0833-45,58824.4740740741,0.0
2020180396,PSR_B0833-45,58826.9916666667,227.0
2020180397,PSR_B0833-45,58827.2425810185,1054.0
2020180398,PSR_B0833-45,58829.0452662037,781.0
2020180399,PSR_B0833-45,58842.4536805556,210.0
2020180401,PSR_B0833-45,58843.034224537,610.0
2020180402,PSR_B0833-45,58844.1921064815,1617.0
2020180403,PSR_B0833-45,58845.4858564815,1792.0
2020180404,PSR_B0833-45,58846.0022916667,3998.0
2020180405,PSR_B0833-45,58847.2928125,769.0
2020180406,PSR_B0833-45,58868.8002314815,752.0
2020180407,PSR_B0833-45,58872.7400462963,1534.0
2020180408,PSR_B0833-45,58876.8858796296,253.0
2020180409,PSR_B0833-45,58879.5800925926,525.0
2020180410,PSR_B0833-45,58881.0854166667,1115.0
2020180411,PSR_B0833-45,58882.0555555556,1380.0
2020180412,PSR_B0833-45,58890.1027777778,480.0
2020180413,PSR_B0833-45,58891.1351851852,1516.0
2020180414,PSR_B0833-45,58894.2937384259,397.0
2020180415,PSR_B0833-45,58895.2618055556,212.0
2020180416,PSR_B0833-45,58905.6509259259,706.0
2020180417,PSR_B0833-45,58906.4893518519,840.0
2020180418,PSR_B0833-45,58907.9756944444,513.0
3020180401,PSR_B0833-45,58952.9312384259,456.0
3020180402,PSR_B0833-45,58957.2559953704,286.0
3020180403,PSR_B0833-45,58992.9657407407,186.0
3020180404,PSR_B0833-45,58993.8048611111,149.0
3020180405,PSR_B0833-45,58995.8027777778,598.0
3020180406,PSR_B0833-45,58996.8340277778,708.0
3020180407,PSR_B0833-45,58997.15625,2836.0
3020180408,PSR_B0833-45,58998.5030092593,4443.0
3020180409,PSR_B0833-45,58999.0835648148,7400.0
3020180410,PSR_B0833-45,59000.1162037037,1473.0
3020180411,PSR_B0833-45,59001.5995601852,617.0
3020180412,PSR_B0833-45,59002.2441782407,0.0
3020180413,PSR_B0833-45,59027.7523148148,380.0
3020180414,PSR_B0833-45,59029.1705902778,2491.0
3020180415,PSR_B0833-45,59030.4594907407,1140.0
3020180416,PSR_B0833-45,59031.8803125,1316.0
3020180417,PSR_B0833-45,59032.0747569444,5136.0
3020180418,PSR_B0833-45,59033.168287037,772.0
3020180419,PSR_B0833-45,59034.5907291667,220.0
3020180420,PSR_B0833-45,59038.7266203704,340.0
3020180421,PSR_B0833-45,59046.4846875,823.0
3020180422,PSR_B0833-45,59049.1368055556,161.0
3020180423,PSR_B0833-45,59052.3395833333,0.0
3020180424,PSR_B0833-45,59060.3405092593,0.0
3020180425,PSR_B0833-45,59061.8275462963,41.0
3020180426,PSR_B0833-45,59064.0925925926,0.0
3020180427,PSR_B0833-45,59065.1252314815,180.0
3020180428,PSR_B0833-45,59066.0955671296,0.0
3020180429,PSR_B0833-45,59067.1289351852,0.0
3020180430,PSR_B0833-45,59107.3539351852,0.0
3020180431,PSR_B0833-45,59111.7393171296,443.0
3020180432,PSR_B0833-45,59114.6439699074,613.0
3020180433,PSR_B0833-45,59115.5674074074,0.0
3020180434,PSR_B0833-45,59116.3423726852,0.0
3020180435,PSR_B0833-45,59118.3405555556,0.0
3020180436,PSR_B0833-45,59119.7474537037,1689.0
3020180437,PSR_B0833-45,59120.0229513889,795.0
3020180438,PSR_B0833-45,59120.9913657407,149.0
3020180439,PSR_B0833-45,59124.791400463,0.0
3020180440,PSR_B0833-45,59127.2965277778,1058.0
3020180441,PSR_B0833-45,59129.3261574074,0.0
3020180442,PSR_B0833-45,59159.6074074074,92.0
3020180443,PSR_B0833-45,59161.2186111111,386.0
3020180444,PSR_B0833-45,59162.0571643518,1035.0
3020180445,PSR_B0833-45,59165.7321759259,823.0
3020180446,PSR_B0833-45,59165.9914351852,5842.0
3020180447,PSR_B0833-45,59167.218287037,1469.0
3020180448,PSR_B0833-45,59168.0618055556,3386.0
3020180449,PSR_B0833-45,59184.7032291667,2824.0
3020180450,PSR_B0833-45,59185.0312152778,664.0
3020180451,PSR_B0833-45,59186.0118055556,888.0
3020180452,PSR_B0833-45,59187.4277546296,1278.0
3020180453,PSR_B0833-45,59188.1425925926,788.0
3020180454,PSR_B0833-45,59190.2131944444,360.0
3020180455,PSR_B0833-45,59191.1157407407,333.0
3020180456,PSR_B0833-45,59192.9814814815,389.0
3020180457,PSR_B0833-45,59206.9759259259,0.0
3020180458,PSR_B0833-45,59207.1696759259,1578.0
3020180459,PSR_B0833-45,59208.0069444444,620.0
3020180460,PSR_B0833-45,59209.2358796296,2843.0
3020180461,PSR_B0833-45,59210.9784722222,0.0
3020180462,PSR_B0833-45,59212.0756944444,423.0
3020180463,PSR_B0833-45,59245.2904976852,2987.0
3020180464,PSR_B0833-45,59246.0039351852,641.0
3020180465,PSR_B0833-45,59267.0874074074,788.0
4020180401,PSR_B0833-45,59313.593287037,1837.0
4020180402,PSR_B0833-45,59314.0449074074,3554.0
4020180403,PSR_B0833-45,59315.0141203704,2818.0
4020180404,PSR_B0833-45,59316.0474537037,1119.0
4020180405,PSR_B0833-45,59317.9835648148,255.0
4020180406,PSR_B0833-45,59318.2428240741,309.0
4020180407,PSR_B0833-45,59319.8555555556,150.0
4020180408,PSR_B0833-45,59320.1136574074,194.0
4020180409,PSR_B0833-45,59330.3774421296,0.0
4020180410,PSR_B0833-45,59334.0099537037,192.0
4020180411,PSR_B0833-45,59356.3465277778,197.0
4020180412,PSR_B0833-45,59357.1027777778,704.0
4020180413,PSR_B0833-45,59358.0030092593,340.0
4020180414,PSR_B0833-45,59362.3284722222,187.0
4020180415,PSR_B0833-45,59363.941400463,0.0
4020180416,PSR_B0833-45,59366.5259259259,0.0
4020180417,PSR_B0833-45,59368.1407407407,3.0
4020180418,PSR_B0833-45,59390.3034606481,983.0
4020180419,PSR_B0833-45,59391.087037037,320.0
4020180420,PSR_B0833-45,59392.3777777778,879.0
4020180421,PSR_B0833-45,59393.1436921296,4303.0
4020180422,PSR_B0833-45,59397.6616782407,1864.0
4020180423,PSR_B0833-45,59398.0509027778,3452.0
4020180424,PSR_B0833-45,59400.1784722222,1962.0
4020180425,PSR_B0833-45,59401.5344907407,139.0
4020180426,PSR_B0833-45,59402.375,402.0
4020180427,PSR_B0833-45,59415.0476851852,0.0
4020180429,PSR_B0833-45,59424.606712963,259.0
4020180430,PSR_B0833-45,59425.8122685185,282.0
4020180431,PSR_B0833-45,59426.5256944444,584.0
4020180432,PSR_B0833-45,59429.4356481481,1303.0
4020180433,PSR_B0833-45,59449.85625,481.0
4020180434,PSR_B0833-45,59450.05,4363.0
4020180435,PSR_B0833-45,59451.0173726852,3282.0
4020180436,PSR_B0833-45,59455.0833333333,2406.0
4020180437,PSR_B0833-45,59456.5030092593,800.0
4020180438,PSR_B0833-45,59458.4386574074,1605.0
4020180439,PSR_B0833-45,59467.7996759259,573.0
4020180440,PSR_B0833-45,59468.0581018518,2207.0
4020180441,PSR_B0833-45,59470.0574074074,3028.0
4020180442,PSR_B0833-45,59471.0268518518,1649.0
4020180443,PSR_B0833-45,59472.2549421296,1891.0
4020180444,PSR_B0833-45,59475.3520717593,332.0
4020180445,PSR_B0833-45,59475.9974652778,8950.0
4020180446,PSR_B0833-45,59481.2483796296,608.0
4020180447,PSR_B0833-45,59487.3814930556,0.0
4020180448,PSR_B0833-45,59494.0939930556,729.0
4020180449,PSR_B0833-45,59499.0465277778,0.0
4020180450,PSR_B0833-45,59505.837037037,2605.0
4020180451,PSR_B0833-45,59506.0305555556,1881.0
4020180452,PSR_B0833-45,59524.519849537,2655.0
4020180453,PSR_B0833-45,59525.099537037,1670.0
4020180454,PSR_B0833-45,59526.3906828704,1915.0
4020180455,PSR_B0833-45,59527.100462963,5292.0
4020180456,PSR_B0833-45,59528.2606481481,1669.0
4020180457,PSR_B0833-45,59548.0916666667,354.0
4020180458,PSR_B0833-45,59549.6488425926,181.0
4020180459,PSR_B0833-45,59550.0319444444,531.0
4020180460,PSR_B0833-45,59551.0627314815,1423.0
4020180461,PSR_B0833-45,59552.0300810185,3271.0
4020180462,PSR_B0833-45,59553.1270486111,1810.0
4020180463,PSR_B0833-45,59555.3949074074,56.0
4020180464,PSR_B0833-45,59557.5152777778,363.0
4020180465,PSR_B0833-45,59562.7956018519,361.0
4020180466,PSR_B0833-45,59573.1270833333,245.0
4020180467,PSR_B0833-45,59574.0300925926,1214.0
4020180468,PSR_B0833-45,59609.3662037037,0.0
4020180469,PSR_B0833-45,59622.5842592593,1166.0
4020180470,PSR_B0833-45,59627.3,392.0
5020180401,PSR_B0833-45,59677.319212963,357.0
5020180402,PSR_B0833-45,59681.9548611111,436.0
5020180403,PSR_B0833-45,59682.01875,4258.0
5020180404,PSR_B0833-45,59690.2771875,0.0
5020180405,PSR_B0833-45,59691.2409722222,0.0
5020180406,PSR_B0833-45,59692.7265277778,0.0
5020180407,PSR_B0833-45,59693.0493055556,557.0
5020180408,PSR_B0833-45,59694.0173611111,1198.0
5020180409,PSR_B0833-45,59697.048587963,728.0
5020180410,PSR_B0833-45,59703.7574074074,0.0
5020180411,PSR_B0833-45,59704.0803240741,1599.0
5020180412,PSR_B0833-45,59714.4203703704,338.0
5020180413,PSR_B0833-45,59724.4069444444,57.0
5020180414,PSR_B0833-45,59725.0523148148,560.0
5020180415,PSR_B0833-45,59726.9908912037,4443.0
5020180416,PSR_B0833-45,59729.9627546296,208.0
5020180417,PSR_B0833-45,59753.4618287037,0.0
5020180418,PSR_B0833-45,59754.8164814815,363.0
5020180419,PSR_B0833-45,59755.3974537037,267.0
5020180420,PSR_B0833-45,59757.7193287037,513.0
5020180421,PSR_B0833-45,59759.3323148148,4668.0
5020180422,PSR_B0833-45,59760.0381944444,1951.07802268863
5020180423,PSR_B0833-45,59764.4944097222,1995.0
5020180424,PSR_B0833-45,59765.2052893518,775.0
5020180425,PSR_B0833-45,59779.137037037,248.0
5020180426,PSR_B0833-45,59780.042349537,49.0
5020180427,PSR_B0833-45,59783.9773148148,58.0
5020180428,PSR_B0833-45,59784.0418981481,455.0
5020180429,PSR_B0833-45,59785.9768518519,147.0
5020180430,PSR_B0833-45,59786.2393171296,480.0
5020180431,PSR_B0833-45,59787.6571759259,713.0
5020180432,PSR_B0833-45,59788.8212152778,1238.0
5020180433,PSR_B0833-45,59789.0104166667,1686.0
5020180434,PSR_B0833-45,59790.0425925926,314.0
5020180435,PSR_B0833-45,59793.4659722222,121.0
5020180436,PSR_B0833-45,59794.0460648148,3195.0
5020180437,PSR_B0833-45,59814.9043981481,97.0
5020180438,PSR_B0833-45,59818.3184953704,12.0
5020180439,PSR_B0833-45,59819.0285300926,38.0
5020180440,PSR_B0833-45,59820.6375,371.538889050484
5020180441,PSR_B0833-45,59821.5421643518,525.0
5020180442,PSR_B0833-45,59822.3793981482,38.5390241742134
5020180443,PSR_B0833-45,59824.4446296296,186.539131999016
5020180444,PSR_B0833-45,59827.0884027778,619.0
5020180445,PSR_B0833-45,59828.3781828704,611.0
5020180446,PSR_B0833-45,59833.1517708333,65.0
5020180447,PSR_B0833-45,59834.1832986111,119.0
5020180448,PSR_B0833-45,59835.5377199074,648.0
5020180449,PSR_B0833-45,59836.0539930556,1744.0
5020180450,PSR_B0833-45,59839.4715277778,509.0
5020180451,PSR_B0833-45,59850.8956018519,72.0
5020180452,PSR_B0833-45,59851.1534722222,86.0
5020180453,PSR_B0833-45,59857.3569675926,0.0
5020180454,PSR_B0833-45,59859.357662037,0.0
5020180455,PSR_B0833-45,59864.3717592593,216.0
5020180456,PSR_B0833-45,59871.48125,180.0
5020180457,PSR_B0833-45,59913.3141203704,0.0
5020180458,PSR_B0833-45,59914.3462962963,556.0
5020180459,PSR_B0833-45,59917.0597106482,529.0
5020180460,PSR_B0833-45,59919.0585648148,476.538183867931
5020180461,PSR_B0833-45,59922.1516203704,334.0
5020180462,PSR_B0833-45,59938.274537037,1022.0
5020180463,PSR_B0833-45,59972.7585648148,531.0
5020180464,PSR_B0833-45,59973.4078703704,959.0
5020180465,PSR_B0833-45,59994.4147106481,666.0
6020180401,PSR_B0833-45,60053.8770833333,0.0
6020180402,PSR_B0833-45,60055.6775578704,129.0
6020180403,PSR_B0833-45,60055.999537037,403.0
6020180404,PSR_B0833-45,60057.0298611111,0.0
6020180405,PSR_B0833-45,60058.1946643519,33.0
6020180406,PSR_B0833-45,60065.1157407407,161.0
6020180407,PSR_B0833-45,60088.2046296296,1054.99012815952
6020180408,PSR_B0833-45,60089.5490740741,0.0
6020180409,PSR_B0833-45,60090.3203703704,299.0
6020180410,PSR_B0833-45,60091.0307407407,645.0
6020180411,PSR_B0833-45,60092.0011921296,1155.99419867992
6020180412,PSR_B0833-45,60118.7824074074,0.539255619049072
6020180413,PSR_B0833-45,60121.2328703704,48.3867114186287
6020180414,PSR_B0833-45,60123.815150463,0.0
6020180415,PSR_B0833-45,60124.0086689815,264.617481231689
6020180416,PSR_B0833-45,60125.819212963,0.0
6020180417,PSR_B0833-45,60126.012962963,486.0
6020180418,PSR_B0833-45,60129.9417361111,273.0
6020180419,PSR_B0833-45,60135.9613425926,0.0
6020180420,PSR_B0833-45,60145.1681597222,47.5392673015594
6020180421,PSR_B0833-45,60146.200775463,0.0
6020180422,PSR_B0833-45,60147.0395833333,0.0
6020180423,PSR_B0833-45,60148.0722222222,0.0
6020180424,PSR_B0833-45,60149.0400462963,0.0
6020180425,PSR_B0833-45,60209.1266203704,317.0
6020180426,PSR_B0833-45,60216.5564930556,0.0
6020180427,PSR_B0833-45,60223.2736111111,400.0
6020180428,PSR_B0833-45,60224.3696759259,62.0
6020180429,PSR_B0833-45,60253.6784375,0.0
6020180430,PSR_B0833-45,60254.0008796296,0.0
6020180431,PSR_B0833-45,60255.356712963,0.0
6020180432,PSR_B0833-45,60255.9985763889,0.0
6020180433,PSR_B0833-45,60257.2236111111,1.07833755016327
6020180434,PSR_B0833-45,60258.0638310185,0.0
6020180435,PSR_B0833-45,60259.0316666667,321.0
6020180436,PSR_B0833-45,60259.9965277778,0.0
6020180437,PSR_B0833-45,60261.0298611111,0.0
6020180438,PSR_B0833-45,60262.0012847222,0.0
6020180439,PSR_B0833-45,60263.2969907407,0.0
6020180440,PSR_B0833-45,60274.8525925926,0.0
6020180441,PSR_B0833-45,60278.3344907407,0.0
6020180442,PSR_B0833-45,60280.7090277778,470.238637506962
6020180443,PSR_B0833-45,60281.0314814815,4499.23862826824
6020180444,PSR_B0833-45,60282.0094791667,1804.0
6020180445,PSR_B0833-45,60289.9301388889,44.0
6020180446,PSR_B0833-45,60295.9298611111,271.23847335577
6020180447,PSR_B0833-45,60299.0229050926,1162.0
6020180448,PSR_B0833-45,60301.0867939815,271.0
6020180449,PSR_B0833-45,60336.605787037,1624.23835039139
6020180450,PSR_B0833-45,60347.5643518519,1423.0
6020180451,PSR_B0833-45,60353.243287037,971.078253090382
6020180452,PSR_B0833-45,60360.2095717593,3638.0
7020180401,PSR_B0833-45,60412.8208680556,421.0
7020180402,PSR_B0833-45,60413.1425925926,444.539186418056
7020180403,PSR_B0833-45,60414.0428240741,514.0
7020180404,PSR_B0833-45,60415.4001273148,70.0
7020180405,PSR_B0833-45,60416.0451388889,2.0
7020180406,PSR_B0833-45,60417.0136342593,288.0
7020180407,PSR_B0833-45,60418.0465277778,0.0
7020180408,PSR_B0833-45,60420.2384375,0.0
7020180409,PSR_B0833-45,60421.6571643519,0.0
7020180410,PSR_B0833-45,60422.4956134259,114.0
7020180411,PSR_B0833-45,60426.1708449074,0.0
7020180412,PSR_B0833-45,60442.4946759259,1181.0
7020180413,PSR_B0833-45,60445.0125,1234.0
7020180414,PSR_B0833-45,60446.8798611111,1078.0
7020180415,PSR_B0833-45,60450.989837963,1.07832473516464
7020180416,PSR_B0833-45,60452.0213078704,0.0
7020180417,PSR_B0833-45,60452.9849537037,0.0
7020180418,PSR_B0833-45,60486.0930555556,511.228323698044
7020180419,PSR_B0833-45,60487.0034722222,54.0
7020180420,PSR_B0833-45,60490.6104166667,1.61743229627609
7020180421,PSR_B0833-45,60509.1943981481,1.61738735437393
7020180422,PSR_B0833-45,60510.0338425926,1.61754864454269
7020180423,PSR_B0833-45,60511.000462963,0.53906375169754
7020180424,PSR_B0833-45,60512.0298611111,813.998861312866
7020180425,PSR_B0833-45,60513.0011574074,698.0
7020180426,PSR_B0833-45,60514.0333333333,0.0
7020180427,PSR_B0833-45,60570.831712963,217.0
7020180428,PSR_B0833-45,60572.9604166667,175.0
7020180429,PSR_B0833-45,60574.8328703704,648.0
7020180430,PSR_B0833-45,60584.7270833333,0.0
7020180431,PSR_B0833-45,60585.0435185185,0.0
7020180432,PSR_B0833-45,60586.0115740741,0.0
7020180433,PSR_B0833-45,60587.0439814815,0.0
7020180434,PSR_B0833-45,60615.0608796296,0.0
7020180435,PSR_B0833-45,60616.0277777778,0.0
7020180436,PSR_B0833-45,60616.9946759259,0.0
7020180437,PSR_B0833-45,60618.0259259259,0.0
7020180438,PSR_B0833-45,60622.2835648148,0.0
7020180439,PSR_B0833-45,60626.4156481481,0.0
7020180440,PSR_B0833-45,60638.2233796296,0.0
7020180441,PSR_B0833-45,60640.9837962963,0.0
7020180442,PSR_B0833-45,60641.0483796296,0.0
7020180443,PSR_B0833-45,60642.1459027778,0.0
7020180444,PSR_B0833-45,60643.2439814815,0.0
7020180445,PSR_B0833-45,60644.1525462963,0.0
7020180446,PSR_B0833-45,60645.0574074074,0.0
7020180447,PSR_B0833-45,60646.1548611111,0.0
7020180448,PSR_B0833-45,60647.0578703704,0.0
7020180449,PSR_B0833-45,60650.71875,0.0
7020180450,PSR_B0833-45,60659.1673611111,0.0
7020180451,PSR_B0833-45,60698.3423611111,412.0
7020180452,PSR_B0833-45,60698.9944444444,0.0
7020180453,PSR_B0833-45,60700.3474537037,217.0
7020180454,PSR_B0833-45,60704.3287037037,236.0
7020180455,PSR_B0833-45,60707.5524421296,958.0
7020180456,PSR_B0833-45,60708.0044907407,299.0
7020180457,PSR_B0833-45,60719.1683796296,0.0
7020180458,PSR_B0833-45,60720.265150463,383.0
7020180459,PSR_B0833-45,60722.3415046296,545.0
8020180401,PSR_B0833-45,60772.8715277778,0.0
8020180402,PSR_B0833-45,60773.4543981481,0.0
8020180403,PSR_B0833-45,60784.6821759259,0.0
8020180404,PSR_B0833-45,60785.0030092593,0.0
8020180405,PSR_B0833-45,60786.034525463,0.0
8020180406,PSR_B0833-45,60787.0023611111,0.0
8020180407,PSR_B0833-45,60788.1707175926,0.0
8020180408,PSR_B0833-45,60807.34375,0.0
8020180409,PSR_B0833-45,60808.2456018518,0.0
8020180410,PSR_B0833-45,60812.3673611111,0.0
8020180411,PSR_B0833-45,60813.0127314815,0.0
8020180412,PSR_B0833-45,60814.1675925926,0.0
8020180413,PSR_B0833-45,60815.0097453704,0.0
8020180414,PSR_B0833-45,60816.0406018519,0.0
8020180415,PSR_B0833-45,60817.0096296296,0.0
