t_days,flux,flux_err
3.34998,1.03893,0.0724539
4.95844,1.03757,0.0837533
6.89568,0.658799,0.0489993
8.9021,0.841518,0.0530613
9.70266,0.864609,0.0587235
10.0284,0.2591,0.0187379
11.6449,34.782,2.19503
13.436,6.73721,0.456288
14.1797,7.63106,0.51524
16.3001,0.220256,0.0375878
17.7729,1.14244,0.0781752
20.777,1.13327,0.0708696
31.4568,0.884758,0.0617412
32.9373,0.4841,0.0415784
33.5962,2.1021,0.150489
35.6716,0.990934,0.0682829
36.6037,7.84254,0.62311
37.608,2.61079,0.178886
38.8775,1.34462,0.106313
40.6011,1.12794,0.078082
41.8539,0.782353,0.055556
42.9534,0.890044,0.0621346
43.8811,0.166989,0.0178659
45.7583,0.165035,0.0168241
47.2257,1.05003,0.0818283
49.2801,0.319667,0.0305898
51.3538,12.1236,0.898539
52.2319,7.00167,0.511324
53.969,0.764831,0.0569097
57.9626,0.371545,0.0343195
58.711,0.795297,0.0591242
60.3031,9.41808,0.783135
63.9055,0.411198,0.0389471
64.8395,1.20073,0.1072
68.378,0.511229,0.0427366
69.7811,0.202684,0.0170906
70.5138,1.23388,0.0982388
71.3818,0.668568,0.0502736
73.2839,7.41996,0.763507
74.7853,2.77286,0.262095
75.7907,1.06978,0.0888971
77.3318,0.183211,0.0178096
78.2554,0.501549,0.0415691
80.407,7.83869,0.669172
81.5781,0.165459,0.0163144
85.8791,0.165579,0.0158776
86.3317,0.436875,0.0412927
87.4142,0.175835,0.0156342
88.3339,0.617076,0.0518015
89.5509,0.490428,0.042552
91.1525,0.174002,0.0161963
92.6876,0.86189,0.0831468
94.8228,0.115501,0.0131472
95.1044,0.164991,0.0160346
97.1592,0.163328,0.0153957
98.7618,0.211707,0.0183203
99.028,0.473465,0.0424021
100.096,0.604071,0.0559348
101.764,0.569508,0.0526822
102.494,0.659262,0.0597392
107.033,0.15895,0.0183851
109.145,0.140222,0.0166516
112.447,19.3838,2.02021
113.916,0.141898,0.0164211
114.905,0.172359,0.016652
115.238,0.43605,0.0441875
116.11,8.04292,0.805129
118.292,8.35931,0.886164
119.306,0.0895093,0.0184824
121.045,0.39456,0.0408518
124.189,0.141346,0.0162809
125.383,9.5571,0.99521
126.183,0.117021,0.0130876
128.052,19.5285,1.75305
129.054,0.132458,0.0148591
131.338,6.91146,0.628025
133.34,0.170036,0.0158796
134.207,0.130123,0.015596
135.409,0.132169,0.0151769
140.078,0.173889,0.0162598
143.282,0.356519,0.0369557
144.269,0.115652,0.013711
145.471,0.13183,0.0147173
146.682,0.111357,0.0131931
147.347,0.149515,0.0150528
148.339,1.38234,0.127561
149.484,0.152777,0.0154508
152.155,0.523796,0.0565281
158.193,0.167696,0.016713
159.22,0.153415,0.0162166
160.088,0.107916,0.0126263
161.696,2.37242,0.162921
167.243,0.136984,0.0154713
168.167,0.0736059,0.0170534
169.375,0.110472,0.0129587
170.373,0.106582,0.0138104
173.238,0.495253,0.0554419
174.238,0.116028,0.0157215
176.656,0.105726,0.0122972
177.117,0.12707,0.0138218
180.207,0.115485,0.0154692
181.178,0.123882,0.0136115
182.915,0.110053,0.0137263
184.047,0.161305,0.0156293
185.526,0.170903,0.0296631
280.795,6.93236,0.759752
281.795,0.793486,0.097949
282.861,0.111294,0.0127232
283.333,0.073848,0.0133635
286.663,13.0596,1.84396
288.937,0.698416,0.0982774
289.993,0.0759759,0.00990468
293.928,0.105969,0.0124455
295.726,0.715379,0.0909691
298.942,0.0891371,0.0112366
299.134,6.0717,0.63725
300.074,0.0666285,0.0117984
303.875,0.101136,0.0135456
304.072,0.0848547,0.0116671
305.47,0.10696,0.0137431
306.065,0.0626885,0.00946653
308.203,0.0804464,0.0111372
309.138,0.0625313,0.0101936
310.272,0.111342,0.0135211
312.665,0.101305,0.0117656
313.332,0.114264,0.0218703
314.332,0.406051,0.0497006
315.867,0.148914,0.0162773
317.201,8.29854,0.976449
318.135,0.0995294,0.0116375
320.677,1.35175,0.129929
321.81,0.129231,0.0204119
322.614,0.115288,0.0126447
323.808,0.0925741,0.0111293
326.544,0.290434,0.0371385
332.672,0.131169,0.0138125
335.877,2.6489,0.28961
336.855,0.0985366,0.0118898
337.615,0.111753,0.0226404
338.75,0.109272,0.0178124
339.688,0.100555,0.0145474
343.744,0.267842,0.0317513
345.082,0.0846993,0.0109168
345.123,0.0903705,0.0101382
346.404,0.0852804,0.0115812
347.616,0.100992,0.0118185
349.676,0.0824164,0.0111982
351.151,0.0930133,0.0140967
352.413,0.078532,0.0109184
354.802,0.0995873,0.0115609
358.803,0.0731587,0.010489
360.803,0.454307,0.0473636
361.549,4.83411,0.503735
363.412,0.217639,0.031811
364.477,0.0987434,0.0126912
365.412,0.0858974,0.0116811
366.414,0.0903237,0.0118675
368.816,0.11131,0.0213356
370.338,0.0723475,0.0104617
371.483,0.909782,0.0959749
372.415,0.061323,0.010705
373.085,0.0756803,0.0108817
374.481,0.0773811,0.0100861
375.338,0.0763912,0.0101566
376.608,0.0803859,0.0110811
379.204,0.0892976,0.012189
380.271,0.0860886,0.012128
381.471,8.8265,1.12221
382.483,0.0858744,0.0106592
389.335,0.262369,0.0340019
393.599,0.0574708,0.010547
395.808,0.0621326,0.011429
397.539,0.35335,0.0408243
400.329,0.0797217,0.0105768
401.438,0.0610144,0.0087193
407.605,0.0829388,0.0104395
408.526,0.0760824,0.0105005
409.773,0.0999919,0.0119858
412.933,1.24049,0.137782
413.591,0.0720115,0.00949032
418.328,0.0920009,0.0127693
420.738,0.0676405,0.0106773
423.059,0.0690396,0.0104226
426.793,0.0750606,0.0105358
427.925,0.106718,0.0124105
429.663,0.11766,0.0172219
431.539,9.54578,1.28615
432.857,0.0562602,0.0104768
433.657,0.0633042,0.00977224
435.523,0.0809956,0.0101617
440.654,6.53734,0.860392
442.735,0.0941697,0.0208975
443.038,0.0551836,0.00968468
446.799,0.063123,0.00992352
447.798,0.354166,0.0439754
448.798,0.068599,0.0100859
450.796,7.04344,0.83082
452.791,0.0897367,0.0114559
453.86,6.05698,0.822158
454.719,0.0669869,0.0101573
455.718,0.0785537,0.0110415
457.312,0.076431,0.0101227
459.11,0.0450991,0.0088054
460.323,0.0725055,0.0110426
463.308,0.0969061,0.0123746
468.274,0.743354,0.0506019
468.575,0.0660215,0.0094385
471.44,4.44973,0.365296
473.109,0.685642,0.0787099
475.973,0.0713387,0.010871
476.779,0.0876201,0.0139182
479.64,0.453123,0.0597835
480.319,0.235105,0.029735
484.515,0.550172,0.0656721
485.445,0.293596,0.0381827
486.246,0.71631,0.085898
488.446,0.0543348,0.00850646
490.512,0.299326,0.0377682
492.165,0.0702029,0.0101302
495.629,0.058547,0.00908923
496.229,0.0679258,0.00922164
498.205,0.0686126,0.0102929
499.493,0.495824,0.0405725
500.292,0.313535,0.0396905
502.704,0.0505496,0.00961982
503.423,0.101135,0.0119357
504.357,0.0668732,0.0107324
505.422,0.0634447,0.01001
506.088,0.0811767,0.0125545
507.227,0.0517884,0.00874781
508.769,0.073749,0.0180085
509.704,0.0603816,0.0130503
511.7,0.0609471,0.00939836
513.365,0.276646,0.0391012
513.465,0.0568851,0.00713741
514.498,0.0607404,0.0090714
516.082,0.342995,0.0463665
525.359,0.0927346,0.0111346
526.547,0.0495669,0.00975395
529.344,0.0617532,0.00907535
531.75,0.328134,0.0444815
532.012,0.0790254,0.0106558
535.314,5.50435,0.651778
537.081,0.0501185,0.00892269
539.216,0.0710192,0.0125044
541.283,0.0636338,0.00951814
544.132,0.0767199,0.0108845
545.331,0.0559126,0.00889078
549.926,0.0737739,0.013048
550.129,0.0693722,0.0112388
646.018,0.0538919,0.0122841
647.022,0.08616,0.0269505
648.072,0.0588918,0.00999481
651.209,0.297134,0.0381178
654.063,0.085411,0.0208303
656.06,0.0318733,0.0092505
667.704,0.0761161,0.0115501
670.701,0.0720175,0.011434
673.106,0.0502644,0.00976818
676.836,0.0438716,0.0100868
679.89,0.0842491,0.0118969
681.89,0.0665078,0.00999825
687.277,0.128114,0.024136
691.608,0.0593921,0.0104146
692.736,0.1408,0.0250601
693.808,0.0525423,0.0138866
697.656,0.0621378,0.0115342
698.721,0.0483775,0.00997755
701.847,0.0800125,0.0122478
703.644,0.0800681,0.0127226
707.635,0.0539335,0.0109229
709.564,0.039413,0.0114629
710.569,0.0743211,0.0103293
714.701,0.0907545,0.0116522
716.816,0.0582859,0.00994581
717.89,0.0592765,0.0102846
718.48,0.0519048,0.0106398
722.472,0.0417645,0.00993827
723.27,0.438421,0.0526176
725.207,0.0484903,0.0109548
727.736,0.0619269,0.0103649
728.337,0.0479703,0.00969323
729.133,0.0475841,0.0102089
731.131,0.0315538,0.00965399
732.532,0.0682411,0.0112169
736.191,0.0615102,0.00927753
741.842,0.0484851,0.0092167
744.098,0.0627797,0.011343
745.096,0.0601221,0.0124561
750.622,0.0675294,0.0128216
752.755,0.0778742,0.0143966
753.485,0.0554157,0.0117566
754.023,0.0365022,0.00910567
770.444,0.0287793,0.0103517
771.509,0.0707895,0.0103737
772.235,0.0592035,0.0106917
774.774,0.0575699,0.0107653
777.828,0.0708715,0.0102239
778.365,0.0309513,0.00944885
779.754,0.0712811,0.0102963
780.082,0.0542061,0.0114606
782.945,0.0610337,0.0106389
786.399,0.0647517,0.0112666
788.471,0.0652436,0.0108895
792.125,0.0449846,0.0115502
795.717,0.0550648,0.0105318
798.511,0.0541187,0.0109333
799.575,0.0505651,0.0108855
800.576,0.0524184,0.0114082
802.614,0.0670369,0.0158328
808.528,0.0468732,0.0102919
809.827,0.0385836,0.00984391
812.718,0.0578325,0.00969892
814.974,0.0502917,0.0234378
817.331,0.0257968,0.0118964
824.329,0.053433,0.0105148
827.186,0.0484419,0.0104968
832.433,0.0385435,0.00994103
835.957,0.0397596,0.00932448
836.024,0.0495661,0.0106471
837.498,0.0607272,0.010643
840.492,0.0443165,0.00889227
841.688,0.0462058,0.0094287
842.672,0.0412294,0.0154514
844.141,0.0357024,0.00835194
846.267,0.0474179,0.0187572
854.257,0.0491181,0.00965102
856.11,0.017186,0.00957501
861.233,0.0593865,0.00963749
867.415,0.0316914,0.00975108
871.271,0.0358916,0.00951352
877.862,0.0642955,0.01366
879.188,0.0387719,0.00905606
882.179,0.0516749,0.00973603
886.334,0.0598909,0.00948111
887.308,0.0527612,0.00992183
890.768,0.0546119,0.010014
892.564,0.0305171,0.00822808
896.475,0.0631368,0.0111257
897.473,0.0341536,0.00921631
899.533,0.0444555,0.00922593
900.441,0.0518305,0.0101074
901.032,0.0468861,0.0122492
906.448,0.0639154,0.0151755
907.981,0.0565227,0.0105428
908.044,0.0560254,0.0106659
914.57,0.0680398,0.0145578
915.366,0.0552925,0.0107531
1130.34,1.80378,0.0853683
1147.23,10.6104,0.320815
1161.9,1.56881,0.0890436
1163.57,1.19512,0.0704829
1165.41,1.17786,0.076831
1196.39,0.0509889,0.00832189
1197.2,0.0331522,0.00833589
1210.41,0.0543429,0.00861782
1211.48,0.04797,0.00886706
1214.93,0.0486882,0.0138961
1215.53,0.061727,0.00899688
1220.58,0.0414158,0.00746031
1224.18,0.051778,0.00834235
1225.44,0.0548234,0.00855404
1228.1,0.0643684,0.0135959
1229.55,0.0249376,0.00958354
1234.07,0.0528523,0.00810252
1235.6,0.063734,0.00984117
1236.39,0.0507938,0.00833827
1238.39,0.071336,0.00972868
1239.38,0.0493033,0.00832784
1240.38,0.0844347,0.0151172
1244.1,0.0460081,0.00821643
1249.62,0.0558263,0.00869136
1252.69,0.0364658,0.00686228
1253.48,3.31444,0.479384
1256.47,0.0402159,0.00773067
1260.85,0.0464169,0.00942984
1263.12,0.0505261,0.00822898
1264.72,0.050364,0.0108993
1275.47,0.0549314,0.00928595
1277.53,0.0864073,0.0170597
1283.31,0.0468408,0.00762646
1381.9,0.0525976,0.0089305
1384.63,0.0605817,0.00885623
1398.25,0.0559787,0.00973921
1412.74,0.0113002,0.00939983
1417.12,0.0782445,0.0114672
1419.84,1.70018,0.195707
1424.69,0.0543582,0.0083588
1427.75,0.0444615,0.00756844
1431.47,0.030932,0.00815269
1438.49,0.0426003,0.00588699
1438.71,0.0506531,0.00923784
1439.32,0.0412277,0.0126286
1439.45,0.0586431,0.0139384
1439.7,0.0467947,0.0141318
1440.5,0.0742638,0.0221066
1441.04,0.0516353,0.0147011
1442.1,0.0278804,0.0109054
1443.97,0.0391909,0.0133515
1444.09,0.0559513,0.0124288
1444.23,0.0329413,0.0135991
1444.29,0.0129321,0.0066645
1445.02,0.0348654,0.0121497
1445.68,0.0474614,0.0141653
1445.83,0.0714833,0.0147967
1457.38,0.0442391,0.0082426
1458.18,0.0437392,0.00886099
1468.01,0.0378807,0.00894927
1484.61,0.050606,0.00858295
1488.33,0.0462811,0.0111257
1493.25,0.0543353,0.00919954
1495.23,0.0522866,0.00930055
1498.23,0.0603615,0.0100899
1499.3,0.0482446,0.00916609
1501.1,0.0466643,0.00944551
1502.02,0.0253337,0.0068794
1507.74,0.0584394,0.00919025
1513.12,0.0504435,0.00877321
1516.61,0.0576204,0.00996367
1518.5,0.0756782,0.00996893
1521.83,0.0363566,0.00913185
1523.88,0.0443781,0.00908816
1525.6,0.101219,0.0170635
1529.39,0.047521,0.00908028
1533.32,0.049888,0.00814378
1538.44,0.0566785,0.00933675
1543.29,0.0552244,0.00838784
1545.28,0.0298534,0.00914447
1562.88,0.0634025,0.00913653
1563.74,0.0284291,0.00923086
1568.59,0.054526,0.0085758
1572.11,0.0440965,0.00823035
1576.67,0.0519706,0.010967
1577.37,0.0523264,0.00813704
1578.23,0.0597897,0.00861016
1580.22,0.0555333,0.00845935
1582.48,0.055083,0.0103282
1591.25,0.0484399,0.00870037
1594.03,0.0382631,0.00704125
1595.56,0.115909,0.0196175
1599.41,0.0492566,0.00840512
1600.22,0.0667782,0.0089732
1604.06,0.0506036,0.0109113
1605.32,0.0472533,0.00842028
1606.53,0.0549815,0.00841991
1611.18,0.0476713,0.00790175
1619.22,0.0329814,0.00653113
1620.68,0.0493926,0.00819757
1623.27,0.0404618,0.00746734
1627.07,0.0564698,0.0101866
1628.32,0.0571228,0.00915863
1629.25,0.0439009,0.0091733
1633.25,0.0499759,0.00918167
1635.02,0.0497231,0.00954618
1636.62,0.0693425,0.015441
1638.15,0.0466796,0.00850711
1642.92,0.0564132,0.00983713
1645.11,0.0561034,0.00932152
1647.93,0.0510484,0.00798591
1649.06,0.0480721,0.0111001
1742.82,0.0873028,0.0142981
1743.82,0.0464325,0.00934348
1744.75,0.0433564,0.00887574
1747.07,0.0461118,0.00804144
1748.07,0.0242689,0.00822652
1752.16,0.0494285,0.00755294
1761.54,0.0452296,0.0100837
1763.47,0.0398537,0.00905247
1764.2,0.0351253,0.00814803
1767.46,0.0366172,0.00783793
1769.12,0.0421921,0.00863099
1772.17,0.0426823,0.0138068
1781.8,0.103939,0.0440965
1783.8,0.0493388,0.00794806
1791.64,0.0530274,0.0083542
1793.63,0.053336,0.00889197
1801.41,0.031321,0.00769868
1809.43,0.0517124,0.0121566
1815.21,0.0543898,0.00863698
1816.67,0.0427278,0.00810859
1817.4,0.0464659,0.00923308
1821.92,0.0272182,0.00980753
1823.25,0.0398819,0.00949836
1824.31,0.0222758,0.0070427
1833.74,0.0559748,0.00854286
1836.5,0.041781,0.00927326
1838.65,0.0394913,0.00983422
1841.92,0.0485248,0.00836644
1845.71,0.0482718,0.00869018
1849.32,0.0388532,0.00924343
1850.62,0.0424248,0.00929036
1851.62,0.0323499,0.00851352
1857.18,0.0570519,0.00903167
1861.64,0.0460773,0.00766189
1868.28,0.0578206,0.0175438
1869.41,0.0614479,0.00892812
1871.14,0.0379804,0.00714182
1873.54,0.059766,0.00871983
1876.51,0.0527044,0.00835158
1877.38,0.0215944,0.00873978
1878.81,0.0577344,0.00900823
1888.6,0.0514549,0.00871119
1889.81,0.0466429,0.00820523
1892.75,0.0310171,0.00781935
1893.39,0.0284648,0.00633385
1894.45,0.057836,0.0103442
1901.37,0.0590528,0.0207444
1902.62,0.0472597,0.00798758
1906.34,0.057193,0.0106461
1907.27,0.0521061,0.00834223
1911.26,0.0395778,0.00826949
1916.69,0.0473526,0.00797193
1918.75,0.0517123,0.00839463
1919.75,0.018752,0.00737529
1921.54,0.0626278,0.00911014
1924.41,0.0481869,0.00773666
1925.01,0.0517218,0.0106206
1926.67,0.0389286,0.00719199
1927.86,0.036215,0.00849823
1932.27,0.0312345,0.011764
1935.68,0.0616012,0.0122253
1938.36,0.044789,0.00888745
1942.81,0.122317,0.0150353
1944.8,0.0429715,0.0102139
1947.39,0.0474932,0.00809803
1952.56,0.0279599,0.0085846
1954.16,0.0294658,0.00834364
1955.42,0.0646834,0.0101881
1956.82,0.0377452,0.00788756
1958.4,0.0469557,0.0080364
1960.2,0.0479704,0.0104711
1962.39,0.0554029,0.00863401
1965.45,0.0493939,0.0079908
1966.05,0.0420719,0.00847889
1971.03,0.0529006,0.00819009
1973.02,0.0781495,0.013514
1976.07,0.0563636,0.00972932
1977.03,0.0627624,0.0157048
1978.07,0.0340291,0.00767941
1979.4,0.0444581,0.00774065
1980.66,0.063441,0.0112488
1984.64,0.0648467,0.00924555
1985.18,0.0446494,0.00786137
1986.2,0.0323169,0.00769624
1989.09,0.0491518,0.00783184
1992.48,0.0694984,0.00962539
1998.38,0.0506734,0.00903323
2004.46,0.0539396,0.00580522
2006.29,0.0476203,0.00865713
2008.35,0.0444586,0.00809452
2009.01,0.0608209,0.0088345
2014.19,0.0360441,0.00842359
2111.01,0.0233487,0.0074995
2112.6,0.0431544,0.0085224
2113.14,0.0538865,0.00903629
2127.28,0.0543692,0.0160967
2135.25,0.0726294,0.0168109
2137.65,0.0478413,0.00869559
2139.04,0.0588193,0.00904635
2149.66,0.0425456,0.00820041
2152.64,0.0619203,0.0100637
2156.11,0.0678793,0.0186005
2162.47,0.0662213,0.01493
2164.53,0.0745134,0.0131757
2170.45,0.0371644,0.00777475
2177.42,0.0501087,0.00890131
2178.48,0.0343329,0.00745683
2179.54,0.0334012,0.00908501
2180.21,0.0377355,0.00823626
2181.07,0.0399776,0.00740382
2183.19,0.0456921,0.00936455
2184.76,0.0495193,0.00790002
2198.6,0.0342046,0.00801255
2200.59,0.058449,0.0132169
2201.39,0.0668637,0.0160315
2202.52,0.0363216,0.019149
2203.92,0.0583948,0.00939879
2204.51,0.0738319,0.0210271
2207.36,0.186008,0.0171768
2212.27,0.181833,0.0269133
2215.93,0.0339512,0.00773387
2218.32,0.054377,0.0107952
2221.24,0.0305044,0.00918993
2227.3,0.0475577,0.00803216
2230.67,0.066594,0.00976507
2243.62,0.0394146,0.00738419
2245.41,0.0586154,0.00979815
2246.35,0.049927,0.0093836
2246.54,0.0285814,0.00680777
2247.35,0.0427024,0.00827233
2248.67,0.0449554,0.00766252
2249.74,0.0389167,0.0083899
2253.13,3.81765,0.529038
2259.57,0.0417627,0.0080113
2261.23,0.0431669,0.00609883
2263.15,0.0397894,0.0096442
2271.32,0.0403339,0.00824764
2272.38,0.043701,0.00907871
2277.36,0.0681301,0.00998376
2282.01,0.0486327,0.00996213
2286.39,0.0486222,0.0117463
2287.66,0.0473292,0.00818179
2288.65,0.165445,0.0246448
2292.5,0.144828,0.0131619
2293.59,0.0471166,0.0075499
2293.95,0.0419012,0.0138755
2304.91,0.0420144,0.007351
2305.08,0.0472419,0.00696932
2306.11,0.0474269,0.00958995
2307.85,0.0226968,0.0125447
2310.37,0.0330299,0.00787195
2311.29,0.0529683,0.00921248
2314.22,0.0492227,0.00939904
2330.42,0.0653399,0.0131777
2331.47,0.0318077,0.00859523
2332.34,0.0520694,0.00901439
2334.26,0.0393267,0.00727193
2336.99,0.0266537,0.00759652
2337.45,0.0614647,0.014993
2340.24,0.0659893,0.0114174
2346.49,0.0508839,0.00957198
2348.35,0.0480041,0.0150441
2352.47,0.0219401,0.00935638
2360.03,0.0456708,0.0088201
2361.36,0.0368811,0.00766446
2363.29,0.0448574,0.00751685
2366.47,0.0395093,0.00820567
2375.24,0.0319348,0.00722963
2376.16,0.0426191,0.00892471
2473.49,0.0284051,0.00805351
2476.41,0.0468571,0.00968686
2477.81,0.0484332,0.00797135
2478.87,0.0231937,0.0095938
2479.81,0.0454112,0.00822001
2484.65,0.0407866,0.00883779
2494.29,0.0622055,0.0121317
2495.21,0.0361384,0.0163456
2499.19,0.0370307,0.00822373
2500.92,0.0516211,0.0129822
2512.54,0.0408463,0.00978691
2516.72,0.0461242,0.00964836
2524.96,0.0824138,0.0183697
2527.41,0.0251004,0.00975449
2531.4,0.068383,0.0109334
2533.52,0.052235,0.0101384
2534.65,0.0705815,0.0119162
2536.75,0.0618102,0.0099084
2538.37,0.0294397,0.00889955
2544.14,0.0503875,0.00940981
2554.83,0.0604886,0.0109439
2555.96,0.041476,0.00939969
2558.81,0.0276385,0.00831652
2564.93,0.0302245,0.0112081
2566.45,0.0349399,0.0123375
2567.53,0.0446135,0.0114885
2570.97,0.0455683,0.0105724
2571.49,0.0155675,0.00837243
2573.53,0.0590884,0.010868
2574.81,0.0387867,0.0101734
2577.45,0.0678604,0.0125249
2584.84,0.0507133,0.0110565
2587.9,0.0621112,0.00890228
2592.48,0.0489486,0.0106071
2598.72,0.0492386,0.00987947
2599.05,0.0643969,0.0101158
2600.64,0.0464275,0.00902379
2603.63,0.0628549,0.0115424
2606.22,0.0296009,0.0102967
2613.26,0.0390711,0.00979905
2622.23,0.0847475,0.0177487
2625.95,0.03439,0.0151298
2628.34,0.0433547,0.0101685
2640.88,0.0424513,0.00960997
2643.74,0.0516889,0.00919721
2649.59,0.0398496,0.00841504
2656.45,0.0678099,0.012783
2658.28,0.0517048,0.00865475
2659.28,0.0391784,0.0104235
2662.33,0.0646567,0.00977582
2671.56,0.0400046,0.00886678
2674.08,0.0328988,0.0097443
2675.14,0.0873629,0.0134015
2676.21,0.0517463,0.0102425
2680.32,0.0490904,0.0100634
2687.29,0.168228,0.016493
2691.01,0.0379007,0.00922418
2693.67,0.0624026,0.00949666
2694.79,0.0296023,0.0100154
2695.66,0.0604058,0.00979234
2696.66,0.0617522,0.00946714
2697.05,0.03282,0.00895435
2701.76,0.0407312,0.00818407
2702.17,0.0340056,0.0069436
2708.54,0.0635623,0.010148
2711.06,0.0565573,0.0136804
2712.18,0.0386853,0.009234
2713.52,0.0508635,0.00917042
2714.31,0.0335073,0.00908497
2720.01,0.0511169,0.0228163
2726.99,0.0581091,0.00874832
2727.33,0.0441993,0.00988575
2730.85,0.0324976,0.00800701
2736.29,0.0295166,0.00865073
2847.41,0.0378185,0.00952042
2848.4,0.0501393,0.0117334
2856.3,0.0392724,0.00891073
2861.89,0.0580568,0.0138667
2864.67,0.0450303,0.00868738
2871.77,0.0587984,0.0138831
2878.95,0.0464001,0.00830677
2879.74,0.0356921,0.00823022
2885.65,0.0504853,0.00817934
2887.63,0.0348773,0.00827667
2893.28,0.0359188,0.00807927
2894.01,0.034788,0.00931188
2902.77,0.0448672,0.00929091
2905.7,0.0523562,0.0125591
2915.05,0.0543699,0.0100981
2916.99,0.0402759,0.00894479
2933.37,0.0340658,0.00783072
2936.49,0.0578831,0.0150905
2937.73,0.0378932,0.0079792
2939.82,0.0353627,0.0119893
2941.14,0.0296286,0.00770857
2943.46,0.045298,0.00923036
2945.66,0.0200752,0.0089316
2950.16,0.0648013,0.0111721
2954.68,0.0509895,0.00993014
2957.81,0.0871927,0.0146186
2963.77,0.0488432,0.00811227
2977.39,0.0400674,0.00850123
2983.76,0.0636967,0.0127448
2988.44,0.028574,0.0123311
2996.76,0.0486417,0.00976915
2999.42,0.0607978,0.0101154
3000.95,0.0449098,0.00802309
3001.89,0.0464379,0.00943918
3011.91,0.0458756,0.00853986
3015.56,0.0555205,0.0100484
3016.97,0.0600142,0.0161559
3017.88,0.0997382,0.0202849
3020.72,0.0359566,0.00978353
3022.35,0.0373212,0.00907125
3031.09,0.0506099,0.0111398
3037.51,0.0377373,0.00924797
3039.45,0.038571,0.00865667
3040.45,1.47248,0.139539
3041.83,0.0470083,0.00909404
3046.55,0.0416057,0.00847071
3052.33,0.0408722,0.00745023
3057.16,0.053655,0.00856982
3068.31,0.0230615,0.00828264
3069.31,0.0201285,0.00844644
3071.44,0.0275583,0.0085665
3072.57,0.0550131,0.00889488
3075.47,0.0258673,0.00814553
3082.45,0.0421648,0.00857781
3083.12,0.0325289,0.00887119
3084.96,0.0418675,0.00870439
3090.29,0.0506044,0.00881788
3094.46,0.050043,0.00961811
3096.46,0.052186,0.009682
3101.97,0.0530371,0.00958112
3103.43,0.0352079,0.00926688
3104.69,0.0557537,0.00958565
3109.26,0.0484606,0.00828929
3219.28,0.0580055,0.00895146
3223.06,0.044329,0.00946389
3227.84,0.038422,0.00702816
3230.5,0.0563796,0.00804184
3232.69,0.0498665,0.00958046
3234.94,0.048763,0.00831842
3240.58,0.0596321,0.00846087
3243.77,0.035457,0.0080393
3246.49,0.0269483,0.0101728
3250.34,0.0505727,0.0127235
3256.84,0.0210489,0.00771414
3258.36,0.0283609,0.00700592
3260.16,0.0171365,0.00635837
3262.88,0.0669141,0.0171389
3278.07,0.0326054,0.010796
3286.49,0.0259089,0.00681722
3288.48,0.0447022,0.0100044
3311.1,0.0385684,0.00908671
3312.56,0.0224229,0.00942532
3315.53,0.0475409,0.00967537
3319.58,0.0795954,0.0175408
3331.51,0.0332116,0.00967812
3332.58,0.0606226,0.00875644
3339.95,0.0472966,0.0101774
3349.82,0.0370208,0.0100501
3357.31,0.0397928,0.012415
3359.37,0.0545645,0.00866724
3367.4,0.0405758,0.01004
3370.44,0.0539167,0.0107313
3378.81,0.0484169,0.00741043
3380.33,0.0323055,0.00775729
3387.62,0.045695,0.00696827
3394.25,0.047296,0.00868564
3395.1,0.0368375,0.00889845
3398.16,0.0377389,0.00895239
3399.83,0.0238095,0.0122915
3402.41,0.0420797,0.00856932
3403.53,0.0574363,0.0121499
3404.52,0.036063,0.0120158
3406.51,0.0482493,0.00936689
3407.3,0.0590007,0.0143592
3412.29,0.0375688,0.00975275
3422.16,0.0514047,0.00941574
3423.22,0.0399689,0.00735436
3426.48,0.0402452,0.0075833
3427.59,0.0435781,0.00891374
3429.65,0.0343873,0.00964735
3430.94,0.0532923,0.0114053
3433.63,0.0378831,0.00912752
3435.36,0.0397145,0.00909683
3439.52,0.0603495,0.0123164
3441.05,0.032362,0.00772149
3447.95,0.0348107,0.00752213
3449.27,0.0533962,0.0100039
3451.52,0.05778,0.00943353
3452.84,0.0439814,0.00904027
3453.44,0.0507942,0.00971461
3457.49,0.0294798,0.00749272
3475.05,0.0421721,0.00913867
3570.26,0.0996681,0.0168375
3572.37,0.0428115,0.00834711
3587.07,0.0370698,0.00996383
3594.55,0.022921,0.00864137
3597.16,0.0489804,0.0082958
3597.73,0.0883063,0.0187576
3598.8,0.0577889,0.00982876
3605.47,0.0579648,0.0120278
3615.6,0.0508171,0.00830782
3626.93,0.0271842,0.00753513
3630.02,0.058574,0.00847409
3640.32,0.0513545,0.00711725
3642.63,0.0360346,0.00567917
3643.73,0.0418824,0.00884243
3648.74,0.0472694,0.00917756
3653.97,0.0381187,0.0079495
3660.2,0.0438269,0.00918346
3665.78,0.0756459,0.0143772
3668.6,0.0383291,0.00863656
3672.69,0.0318895,0.0111541
3675.53,0.0510526,0.00983876
3684.59,0.0794285,0.0176282
3692.52,0.0376305,0.00961531
3712.77,0.0368979,0.011127
3722.56,0.0423032,0.0104431
3729.82,0.423274,0.0354947
3738.82,0.0305825,0.0179387
3742.44,0.0475672,0.010726
3750.7,0.048247,0.009351
3761.35,0.0533963,0.00825273
3762.21,0.054597,0.0102031
3765.24,0.0355827,0.00798549
3768.32,0.0327502,0.00774543
3769.4,0.0712002,0.0122439
3778.39,0.0369756,0.00809908
3784.67,0.0617956,0.0114688
3786.72,0.0469937,0.011058
3793.31,0.0528011,0.00978346
3794.5,0.0402015,0.00745593
3796.39,0.0316949,0.00790356
3797.64,0.053361,0.0113467
3802.3,0.0426034,0.00935811
3805.15,0.0400497,0.017286
3809.17,0.0444278,0.00790849
3814.06,0.0709343,0.0107022
3815.24,0.0385256,0.00796278
3817.3,0.0485364,0.00963009
3831.24,0.0415217,0.00881582
3832.42,0.0485373,0.00984075
3939.18,0.0520017,0.00816727
3941.45,0.0596173,0.00962167
3956.47,0.0594803,0.00909975
3966.03,0.0532777,0.00859218
3969.33,0.0546951,0.00930469
3993.9,0.02654,0.00917925
3994.94,0.0740689,0.0251931
3998.85,0.058303,0.00924956
4005.75,0.0345575,0.0075874
4011.35,0.00363703,0.00554485
4021.08,0.0563622,0.0169255
4021.35,0.0509594,0.00696222
4023.59,0.0257685,0.00980634
4024.85,0.0475589,0.00973942
4027.01,0.0571503,0.0111538
4030.7,0.0449633,0.00849616
4031.75,0.0580765,0.0114098
4034.58,0.0253411,0.00688646
4038.73,0.0818891,0.0156935
4041.55,0.0444947,0.00964626
4042.67,0.0393788,0.00843415
4043.53,0.0527017,0.00977156
4078.25,0.0390052,0.00751882
4081.8,0.0341216,0.00979834
4083.58,0.0217066,0.00961006
4084.64,0.0463797,0.00945868
4087.52,0.0286816,0.0086879
4097.51,0.0616714,0.0103402
4102.18,0.0522038,0.0071245
4103.43,0.0602331,0.00994812
4104.27,0.0468726,0.0101825
4107.64,0.0496577,0.00896546
4110.06,0.0607634,0.0105684
4111.64,0.024186,0.011309
4113.47,0.0609274,0.0109487
4121.32,0.0492816,0.00958868
4122.41,0.0455713,0.0111633
4125.41,0.0551585,0.0124688
4129.38,0.0290387,0.00889604
4131.4,0.0324191,0.00966135
4134.31,0.0363881,0.00979612
4142.31,0.0355559,0.00985224
4146.5,0.060044,0.0150206
4148.21,0.0614863,0.0112799
4149.33,0.0340994,0.0118395
4159.24,0.0264776,0.0105164
4160.88,0.0268663,0.00848363
4164.16,0.039173,0.0116323
4168.03,0.0432926,0.00933702
4173.21,0.0578033,0.0102396
4175.58,0.0461404,0.00960183
4176.17,0.0367784,0.00801767
4179.17,0.0526244,0.00969423
4185.2,0.040476,0.0116894
4188.41,0.036986,0.00885939
4189.13,0.0404207,0.0103781
4191.17,0.0402211,0.00936051
4193.53,0.0394354,0.00738127
4196.14,0.0299545,0.00840967
4201.31,0.0523854,0.0112623
4202.31,0.0576551,0.0100901
