pulsar,jname,glitch_no,mjd,df_f,df_f_err,df1_f1,df1_f1_err,reference
J0007+7303,0007+7303,1,54953.0,554.0,1.0,1.0,0.1,"Abdo+2012 [ awd+12 ], also in Ray+2011 [ rkp+11 ]"
J0007+7303,0007+7303,2,55466.0,1260.0,,,,Belfore+2011 [ 3rd Fermi symp. ]
J0040-7335,0040-7335,1,59919.7,1.31,0.18,0.056,0.025,New. Also in Carli+24 [ cab+24 ]
J0040-7337,0040-7337,1,60013.13,1810.0,,7.0,,Carli+24 [ cab+24 ]
J0048-7317,0048-7317,1,59707.46,1950.0,,7.0,,Carli+24 [ cab+24 ]
4U_0142+61,0146+6145,1,51141.0,650.0,150.0,14.0,5.0,Morii+2005 [ mks05 ]
4U_0142+61,0146+6145,2,53809.0,1627.0,348.0,11.6,0.4,Gavriil et al. (2011) [ gdk11 ]
B0144+59,0147+5922,1,53682.0,0.056,0.003,-0.21,0.05,Yuan+2010 [ ywml10 ]
B0154+61,0157+6212,1,48512.0,4.0,1.0,-11.0,6.0,"Espinoza+2011 [ elsk11 ], also in Krawczyk+2003 [ klgj03 ]"
B0154+61,0157+6212,2,57116.0,0.74,0.09,,,New - our measurement
B0154+61,0157+6212,3,58283.0,2.6,0.3,,,Basu+2021 [ bsa+21 ]
J0205+6449,0205+6449,1,52555.0,340.0,110.0,5.0,1.0,Livingstone+2009 [ lrc+09 ]
J0205+6449,0205+6449,2,52920.0,3800.0,400.0,12.0,1.0,Livingstone+2009 [ lrc+09 ]
J0205+6449,0205+6449,3,54907.0,1761.0,7.0,12.0,2.0,Basu+2021 [ bsa+21 ]
J0205+6449,0205+6449,4,55719.0,126.0,5.0,3.0,1.0,Basu+2021 [ bsa+21 ]
J0205+6449,0205+6449,5,55836.0,2933.0,5.0,13.0,1.0,Basu+2021 [ bsa+21 ]
J0205+6449,0205+6449,6,56854.0,84.0,14.0,3.0,2.0,Basu+2021 [ bsa+21 ]
J0205+6449,0205+6449,7,57345.0,527.0,7.0,5.0,1.0,Basu+2021 [ bsa+21 ]
J0205+6449,0205+6449,8,57696.75,43.0,2.0,,,Basu+2021 [ bsa+21 ]
J0205+6449,0205+6449,9,58320.0,3140.0,50.0,20.0,3.0,Basu+2021 [ bsa+21 ]
J0215+6218,0215+6218,1,55965.0,0.06,0.04,,,Basu+2021 [ bsa+21 ]
B0355+54,0358+5413,1,46082.0,6.0,1.0,6.0,5.0,"Espinoza+2011 [ elsk11 ], also in Lyne (1987) [ lyn87 ]"
B0355+54,0358+5413,2,46470.0,4366.0,1.0,430.0,154.0,"Espinoza+2011 [ elsk11 ], also in Lyne (1987) [ lyn87 ]"
B0402+61,0406+6138,1,53041.0,0.62,0.04,0.5,0.1,Yuan+2010 [ ywml10 ]
B0410+69,0415+6954,1,57120.0,0.011,0.006,,,Basu+2021 [ bsa+21 ]
J0417+35,0417+35,1,57053.63,24.54,0.03,3.4,0.1,Basu+2021 [ bsa+21 ]
B0458+46,0502+4654,1,52616.0,0.33,0.02,0.7,0.2,Espinoza+2011 [ elsk11 ]
B0523+11,0525+1115,1,56010.4,0.312,0.002,0.6,0.2,Basu+2021 [ bsa+21 ]
B0525+21,0528+2200,1,42051.5,1.9,0.2,13.0,5.0,"Espinoza+2011 [ elsk11 ], also in Downs (1982) [ dow82 ]"
B0525+21,0528+2200,2,52296.0,2.3,0.2,7.0,2.0,"Janssen+2006 [ js06 ], also in Yuan+2010 [ ywml10 ]"
B0525+21,0528+2200,3,53379.0,0.2,0.1,,,Janssen+2006 [ js06 ]
B0525+21,0528+2200,4,53980.0,0.5,0.1,0.1,0.1,Yuan+2010 [ ywml10 ]
B0531+21,0534+2200,1,40491.8,7.2,0.4,0.44,0.04,"Espinoza+2011 [ elsk11 ], also in Lohsen (1981) [ loh81 ]"
B0531+21,0534+2200,2,41161.98,1.9,0.1,0.17,0.01,"Espinoza+2011 [ elsk11 ], also in Lohsen (1981) [ loh81 ]"
B0531+21,0534+2200,3,41250.32,2.1,0.1,0.11,0.01,"Espinoza+2011 [ elsk11 ], also in Lohsen (1981) [ loh81 ]"
B0531+21,0534+2200,4,42447.26,35.7,0.3,1.6,0.1,"Espinoza+2011 [ elsk11 ], also in Lohsen (1981) [ loh81 ]"
B0531+21,0534+2200,5,46663.69,6.0,1.0,0.5,0.1,"Espinoza+2011 [ elsk11 ], also in Lyne+1987 [ lp87 ]"
B0531+21,0534+2200,6,47767.504,81.0,0.4,3.4,0.1,"Espinoza+2011 [ elsk11 ], also in Lyne+1992 [ lsp92 ]"
B0531+21,0534+2200,7,48945.6,4.2,0.2,0.32,0.03,"Espinoza+2011 [ elsk11 ], also in Lyne+1993 [ lps93 ] Wong+2001 [ wbl01 ]"
B0531+21,0534+2200,8,50020.04,2.1,0.1,0.2,0.01,"Espinoza+2011 [ elsk11 ], also in Wong+2001 [ wbl01 ]"
B0531+21,0534+2200,9,50260.031,31.9,0.1,1.73,0.03,"Espinoza+2011 [ elsk11 ], also in Wong+2001 [ wbl01 ]"
B0531+21,0534+2200,10,50458.94,6.1,0.4,1.1,0.1,"Espinoza+2011 [ elsk11 ], also in Wong+2001 [ wbl01 ]"
B0531+21,0534+2200,11,50489.7,0.8,0.3,-0.2,0.1,"Espinoza+2011 [ elsk11 ], also in Wong+2001 [ wbl01 ]"
B0531+21,0534+2200,12,50812.59,6.2,0.2,0.62,0.04,"Espinoza+2011 [ elsk11 ], also in Wong+2001 [ wbl01 ]"
B0531+21,0534+2200,13,51452.02,6.8,0.2,0.7,0.1,"Espinoza+2011 [ elsk11 ], also in Wong+2001 [ wbl01 ]"
B0531+21,0534+2200,14,51740.656,25.1,0.3,2.9,0.1,Espinoza+2011 [ elsk11 ]
B0531+21,0534+2200,15,51804.75,3.5,0.1,0.53,0.03,Espinoza+2011 [ elsk11 ]
B0531+21,0534+2200,16,52084.072,22.6,0.1,2.07,0.03,Espinoza+2011 [ elsk11 ]
B0531+21,0534+2200,17,52146.758,8.9,0.1,0.57,0.01,Espinoza+2011 [ elsk11 ]
B0531+21,0534+2200,18,52498.257,3.4,0.1,0.7,0.02,Espinoza+2011 [ elsk11 ]
B0531+21,0534+2200,19,52587.2,1.7,0.1,0.5,0.1,Espinoza+2011 [ elsk11 ]
B0531+21,0534+2200,20,53067.078,214.0,1.0,6.2,0.2,Espinoza+2011 [ elsk11 ]
B0531+21,0534+2200,21,53254.109,4.9,0.1,0.2,0.1,Espinoza+2011 [ elsk11 ]
B0531+21,0534+2200,22,53331.17,2.8,0.2,0.7,0.1,Espinoza+2011 [ elsk11 ]
B0531+21,0534+2200,23,53970.19,21.8,0.2,3.1,0.1,Espinoza+2011 [ elsk11 ]
B0531+21,0534+2200,24,54580.38,4.7,0.1,0.2,0.1,Espinoza+2011 [ elsk11 ]
B0531+21,0534+2200,25,55875.49,39.0,4.0,0.23,0.02,Basu+2021 [ bsa+21 ]
B0531+21,0534+2200,26,57839.8,2.2,0.4,,,Basu+2021 [ bsa+21 ]
B0531+21,0534+2200,27,58064.555,516.37,0.1,6.969,0.021,Shaw+2018; also Basu+2019 [ bkj+19 ]
B0531+21,0534+2200,28,58237.357,4.08,0.22,0.46,0.11,Shaw+2018 (ATel #11625); also Basu+2019 [ bkj+19 ]
B0531+21,0534+2200,29,58470.7,2.3,0.6,,,Basu+2021 [ bsa+21 ]
B0531+21,0534+2200,30,58687.565,31.7,1.2,0.341,0.033,Shaw+2021 [ skl+21 ] Also in Shaw+2019 [ smk+19 ] and Grover+2024 [ gjs+24 ]
B0531+21,0534+2200,31,60872.9,2.33,0.09,0.43,0.04,Shaw+2025 [ bak+25 ]
B0531+21,0534+2200,32,60893.9,4.53,0.17,0.44,0.07,Shaw+2025b [ bak+25b ]
J0537-6910,0537-6910,1,51278.0,687.0,3.0,1.0,1.0,Antonopoulou+2018 [ aeka18 ] Also in Ferdman+2018 [ fagk18 ] and Middleditch+2006 [ mmw+06 ]
J0537-6910,0537-6910,2,51562.0,450.0,3.0,0.7,0.1,Antonopoulou+2018 [ aeka18 ] Also in Ferdman+2018 [ fagk18 ] and Middleditch+2006 [ mmw+06 ]
J0537-6910,0537-6910,3,51711.0,315.0,1.0,0.6,0.1,Antonopoulou+2018 [ aeka18 ] Also in Ferdman+2018 [ fagk18 ] and Middleditch+2006 [ mmw+06 ]
J0537-6910,0537-6910,4,51826.0,140.0,1.0,0.5,0.1,Antonopoulou+2018 [ aeka18 ] Also in Ferdman+2018 [ fagk18 ] and Middleditch+2006 [ mmw+06 ]
J0537-6910,0537-6910,5,51881.0,140.0,1.0,0.7,0.2,Antonopoulou+2018 [ aeka18 ] Also in Ferdman+2018 [ fagk18 ] and Middleditch+2006 [ mmw+06 ]
J0537-6910,0537-6910,6,51960.0,454.0,5.0,0.8,0.5,Antonopoulou+2018 [ aeka18 ] Also in Ferdman+2018 [ fagk18 ] and Middleditch+2006 [ mmw+06 ]
J0537-6910,0537-6910,7,52152.0,2.3,0.4,,,Antonopoulou+2018 [ aeka18 ] Also in Middleditch+2006 [ mmw+06 ]
J0537-6910,0537-6910,8,52170.0,184.0,1.0,0.8,0.2,Antonopoulou+2018 [ aeka18 ] Also in Ferdman+2018 [ fagk18 ] and Middleditch+2006 [ mmw+06 ]
J0537-6910,0537-6910,9,52241.0,426.0,1.0,0.2,0.1,Antonopoulou+2018 [ aeka18 ] Also in Ferdman+2018 [ fagk18 ] and Middleditch+2006 [ mmw+06 ]
J0537-6910,0537-6910,10,52378.0,168.0,1.0,0.4,0.1,Antonopoulou+2018 [ aeka18 ] Also in Ferdman+2018 [ fagk18 ] and Middleditch+2006 [ mmw+06 ]
J0537-6910,0537-6910,11,52453.0,218.0,1.0,0.4,0.2,Antonopoulou+2018 [ aeka18 ] Also in Ferdman+2018 [ fagk18 ] and Middleditch+2006 [ mmw+06 ]
J0537-6910,0537-6910,12,52545.0,420.0,2.0,0.5,0.2,Antonopoulou+2018 [ aeka18 ] Also in Ferdman+2018 [ fagk18 ] and Middleditch+2006 [ mmw+06 ]
J0537-6910,0537-6910,13,52731.0,146.0,3.0,0.6,0.1,Antonopoulou+2018 [ aeka18 ] Also in Ferdman+2018 [ fagk18 ] and Middleditch+2006 [ mmw+06 ]
J0537-6910,0537-6910,14,52807.0,255.0,3.0,0.6,0.3,Antonopoulou+2018 [ aeka18 ] Also in Ferdman+2018 [ fagk18 ] and Middleditch+2006 [ mmw+06 ]
J0537-6910,0537-6910,15,52886.0,234.6,0.3,0.44,0.05,Antonopoulou+2018 [ aeka18 ] Also in Ferdman+2018 [ fagk18 ] and Middleditch+2006 [ mmw+06 ]
J0537-6910,0537-6910,16,53014.0,338.0,1.0,0.7,0.1,Antonopoulou+2018 [ aeka18 ] Also in Ferdman+2018 [ fagk18 ] and Middleditch+2006 [ mmw+06 ]
J0537-6910,0537-6910,17,53125.5,17.0,1.0,0.4,0.3,Antonopoulou+2018 [ aeka18 ]
J0537-6910,0537-6910,18,53145.0,391.1,0.2,0.19,0.04,Antonopoulou+2018 [ aeka18 ] Also in Ferdman+2018 [ fagk18 ] and Middleditch+2006 [ mmw+06 ]
J0537-6910,0537-6910,19,53288.0,395.0,1.0,0.7,0.1,Antonopoulou+2018 [ aeka18 ] Also in Ferdman+2018 [ fagk18 ] and Middleditch+2006 [ mmw+06 ]
J0537-6910,0537-6910,20,53445.0,260.0,1.0,0.9,0.1,Antonopoulou+2018 [ aeka18 ] Also in Ferdman+2018 [ fagk18 ] and Middleditch+2006 [ mmw+06 ]
J0537-6910,0537-6910,21,53550.0,321.0,1.0,0.7,0.1,Antonopoulou+2018 [ aeka18 ] Also in Ferdman+2018 [ fagk18 ] and Middleditch+2006 [ mmw+06 ]
J0537-6910,0537-6910,22,53696.0,409.0,3.0,0.7,0.1,Antonopoulou+2018 [ aeka18 ] Also in Ferdman+2018 [ fagk18 ] and Middleditch+2006 [ mmw+06 ]
J0537-6910,0537-6910,23,53861.0,235.0,1.0,0.8,0.1,Antonopoulou+2018 [ aeka18 ] Also in Ferdman+2018 [ fagk18 ] and Middleditch+2006 [ mmw+06 ]
J0537-6910,0537-6910,24,53951.3,18.0,1.0,0.3,0.2,Antonopoulou+2018 [ aeka18 ] Also in Ferdman+2018 [ fagk18 ] and Middleditch+2006 [ mmw+06 ]
J0537-6910,0537-6910,25,53999.0,352.0,1.0,0.4,0.3,Antonopoulou+2018 [ aeka18 ] Also in Ferdman+2018 [ fagk18 ]
J0537-6910,0537-6910,26,54094.0,371.0,2.0,0.1,0.3,Antonopoulou+2018 [ aeka18 ] Also in Ferdman+2018 [ fagk18 ]
J0537-6910,0537-6910,27,54243.0,1.0,0.3,,,Antonopoulou+2018 [ aeka18 ]
J0537-6910,0537-6910,28,54271.0,488.0,1.0,0.8,0.2,Antonopoulou+2018 [ aeka18 ] Also in Ferdman+2018 [ fagk18 ]
J0537-6910,0537-6910,29,54448.0,239.0,1.0,0.8,0.2,Antonopoulou+2018 [ aeka18 ] Also in Ferdman+2018 [ fagk18 ]
J0537-6910,0537-6910,30,54538.0,114.0,1.0,0.5,0.3,Antonopoulou+2018 [ aeka18 ] Also in Ferdman+2018 [ fagk18 ]
J0537-6910,0537-6910,31,54578.0,147.0,1.0,0.0,1.0,Antonopoulou+2018 [ aeka18 ] Also in Ferdman+2018 [ fagk18 ]
J0537-6910,0537-6910,32,54639.0,128.7,0.5,0.4,0.2,Antonopoulou+2018 [ aeka18 ] Also in Ferdman+2018 [ fagk18 ]
J0537-6910,0537-6910,33,54712.0,105.0,1.0,0.5,0.3,Antonopoulou+2018 [ aeka18 ] Also in Ferdman+2018 [ fagk18 ]
J0537-6910,0537-6910,34,54767.0,362.0,1.0,0.6,0.1,Antonopoulou+2018 [ aeka18 ] Also in Ferdman+2018 [ fagk18 ]
J0537-6910,0537-6910,35,54895.0,341.0,1.0,0.5,0.1,Antonopoulou+2018 [ aeka18 ] Also in Ferdman+2018 [ fagk18 ]
J0537-6910,0537-6910,36,55043.0,217.0,0.5,0.8,0.1,Antonopoulou+2018 [ aeka18 ] Also in Ferdman+2018 [ fagk18 ]
J0537-6910,0537-6910,37,55184.0,209.0,1.0,1.1,0.1,Antonopoulou+2018 [ aeka18 ] Also in Ferdman+2018 [ fagk18 ]
J0537-6910,0537-6910,38,55280.0,549.0,3.0,0.3,0.3,Antonopoulou+2018 [ aeka18 ] Also in Ferdman+2018 [ fagk18 ]
J0537-6910,0537-6910,39,55451.0,169.0,1.0,0.4,0.1,Antonopoulou+2018 [ aeka18 ] Also in Ferdman+2018 [ fagk18 ]
J0537-6910,0537-6910,40,55519.0,122.0,1.0,0.4,0.3,Antonopoulou+2018 [ aeka18 ] Also in Ferdman+2018 [ fagk18 ]
J0537-6910,0537-6910,41,55552.0,8.0,2.0,-2.0,2.0,Antonopoulou+2018 [ aeka18 ] Also in Ferdman+2018 [ fagk18 ]
J0537-6910,0537-6910,42,55587.0,87.0,2.0,1.0,4.0,Antonopoulou+2018 [ aeka18 ] Also in Ferdman+2018 [ fagk18 ]
J0537-6910,0537-6910,43,55615.0,453.0,2.0,0.2,0.5,Antonopoulou+2018 [ aeka18 ] Also in Ferdman+2018 [ fagk18 ]
J0537-6910,0537-6910,44,55786.1,14.0,1.0,-0.2,0.2,Antonopoulou+2018 [ aeka18 ]
J0537-6910,0537-6910,45,55819.0,346.0,1.0,0.9,0.4,Antonopoulou+2018 [ aeka18 ] Also in Ferdman+2018 [ fagk18 ]
J0537-6910,0537-6910,46,58083.0,260.51,0.03,0.75,0.15,Ho+2020 [ hea+20 ]
J0537-6910,0537-6910,47,58152.0,581.94,0.1,0.8,0.15,Ho+2020 [ hea+20 ]
J0537-6910,0537-6910,48,58363.0,126.5,0.8,1.2,0.2,Ho+2020 [ hea+20 ]
J0537-6910,0537-6910,49,58424.0,409.0,5.0,1.0,0.5,Ho+2020 [ hea+20 ]
J0537-6910,0537-6910,50,58566.0,148.7,0.3,0.45,0.03,Ho+2020 [ hea+20 ]
J0537-6910,0537-6910,51,58637.0,435.92,0.16,0.43,0.02,Ho+2020 [ hea+20 ]
J0537-6910,0537-6910,52,58807.0,122.3,0.5,1.1,0.15,Ho+2020 [ hea+20 ]
J0537-6910,0537-6910,53,58868.0,387.84,2.08,1.14,0.295,Abbott+2021 [ aaa+21 ]
J0537-6910,0537-6910,54,58993.0,6.639,1.68,0.13,0.421,Abbott+2021 [ aaa+21 ]
J0537-6910,0537-6910,55,59049.0,136.59,0.501,0.671,0.235,Abbott+2021 [ aaa+21 ]
J0537-6910,0537-6910,56,59103.0,546.81,7.2,0.681,0.706,Ho+2022 [ hke+22 ]
J0537-6910,0537-6910,57,59285.0,127.17,0.129,0.47,0.015,Ho+2022 [ hke+22 ]
J0537-6910,0537-6910,58,59351.0,198.25,0.549,0.395,0.11,Ho+2022 [ hke+22 ]
J0537-6910,0537-6910,59,59454.0,268.24,0.162,0.856,0.02,Ho+2022 [ hke+22 ]
J0537-6910,0537-6910,60,59522.0,356.67,0.194,0.305,0.015,New - also in Ho+2022 [ hke+22 ]
J0537-6910,0537-6910,61,59692.0,94.272,0.226,0.43,0.03,New
J0537-6910,0537-6910,62,59741.0,249.46,0.259,0.641,0.045,New
J0537-6910,0537-6910,63,59886.0,393.84,0.0808,0.886,0.01,New
J0537-6910,0537-6910,64,60028.0,549.77,0.646,0.5,0.045,New
J0537-6910,0537-6910,65,60223.0,341.38,0.145,0.525,0.02,New
B0540-69,0540-6919,1,51335.0,1.4,0.2,0.133,0.002,Livingstone+2005 [ lkg05 ]
B0559-05,0601-0527,1,51665.2,0.2,0.1,-0.7,0.1,Espinoza+2011 [ elsk11 ]
B0559-05,0601-0527,2,54347.0,0.05,0.01,0.2,0.2,Basu+2021 [ bsa+21 ]
J0611+1436,0611+1436,1,55818.0,5575.4,0.8,,,Basu+2021 [ bsa+21 ]
J0625+10,0625+10,1,55203.0,0.33,0.05,,,Basu+2021 [ bsa+21 ]
J0625+10,0625+10,2,57676.0,1.17,0.06,0.9,0.2,Basu+2021 [ bsa+21 ]
J0625+10,0625+10,3,58488.0,767.35,0.11,3.15,0.27,New - Our measurement
J0613-0200,0613-0200,1,50888.0,0.0025,0.0001,0.16,0.39,McKee+2016 [ mjs+16 ]
J0631+1036,0631+1036,1,50183.5,4.7,0.1,-0.7,0.1,Espinoza+2011 [ elsk11 ]
J0631+1036,0631+1036,2,50480.1,4.2,0.2,0.1,0.2,Espinoza+2011 [ elsk11 ]
J0631+1036,0631+1036,3,50608.277,57.3,0.1,1.2,0.1,Espinoza+2011 [ elsk11 ]
J0631+1036,0631+1036,4,50729.0,1662.7,0.1,3.5,0.2,Espinoza+2011 [ elsk11 ]
J0631+1036,0631+1036,5,51909.7,1.4,0.1,0.26,0.04,Espinoza+2011 [ elsk11 ]
J0631+1036,0631+1036,6,52852.5,17.6,0.1,2.48,0.04,"Espinoza+2011 [ elsk11 ], also in Yuan+2010 [ ywml10 ]"
J0631+1036,0631+1036,7,53230.1,1.6,0.1,0.4,0.1,"Espinoza+2011 [ elsk11 ], also in Yuan+2010 [ ywml10 ]"
J0631+1036,0631+1036,8,53366.0,1.9,0.1,0.3,0.1,Espinoza+2011 [ elsk11 ]
J0631+1036,0631+1036,9,53622.6,1.1,0.1,0.2,0.03,Espinoza+2011 [ elsk11 ]
J0631+1036,0631+1036,10,54099.0,0.4,0.1,-0.2,0.1,Espinoza+2011 [ elsk11 ]
J0631+1036,0631+1036,11,54170.4,1.6,0.1,-0.1,0.1,"Espinoza+2011 [ elsk11 ], also in Yuan+2010 [ ywml10 ]"
J0631+1036,0631+1036,12,54632.53,43.2,0.1,3.3,0.2,Espinoza+2011 [ elsk11 ]
J0631+1036,0631+1036,13,55119.35,9.4,0.4,0.2,0.5,Basu+2021 [ bsa+21 ]
J0631+1036,0631+1036,14,55276.7,7.5,0.6,,,Basu+2021 [ bsa+21 ]
J0631+1036,0631+1036,15,55702.0,3277.9,0.8,2.7,0.6,Basu+2021 [ bsa+21 ]
J0631+1036,0631+1036,16,58341.7,27.8,0.8,,,Basu+2021 [ bsa+21 ]
J0631+1036,0631+1036,17,58352.13,96.4,0.6,1.3,0.3,Basu+2021 [ bsa+21 ]; also in Lower+2021 [ ljd+21 ]
J0633+1746,0633+1746,1,50382.0,0.6,,,,Jackson+2002 [ jhgm02 ]
B0656+14,0659+1414,1,50197.0,0.6,0.4,0.3,0.5,Espinoza+2011 [ elsk11 ]
B0656+14,0659+1414,2,51017.0,1.3,0.1,2.0,1.0,Espinoza+2011 [ elsk11 ]
J0726-2612,0726-2612,1,56913.0,2.8,0.9,-0.6,0.4,New - Our measurement
J0726-2612,0726-2612,2,58791.0,510.0,1.6,1.7,0.7,New - Our measurement
B0727-18,0729-1836,1,51422.0,1.0,0.5,-2.0,3.0,Espinoza+2011 [ elsk11 ]
B0727-18,0729-1836,2,52150.0,4.0,1.0,6.0,2.0,Espinoza+2011 [ elsk11 ]
J0729-1448,0729-1448,1,52010.0,24.8,0.4,1.6,0.3,Espinoza+2011 [ elsk11 ]
J0729-1448,0729-1448,2,54317.7,23.0,1.0,4.0,3.0,"Espinoza+2011 [ elsk11 ], also in Yu+2012 [ ymh+12 ]"
J0729-1448,0729-1448,3,54483.6,13.0,1.0,1.0,1.0,"Espinoza+2011 [ elsk11 ], also in Yu+2012 [ ymh+12 ]"
J0729-1448,0729-1448,4,54592.0,12.0,1.0,-2.0,2.0,"Espinoza+2011 [ elsk11 ], also in Yu+2012 [ ymh+12 ]"
J0729-1448,0729-1448,5,54687.0,6676.0,9.0,54.0,5.0,"Espinoza+2011 [ elsk11 ], also in Weltevrede+2010 [ wjm+10 ], Yu+2012 [ ymh+12 ]"
J0729-1448,0729-1448,6,58266.6,3.8,0.4,,,Basu+2019 [ bkj+19 ]
J0738-4042,0738-4042,1,57359.0,0.36,0.04,3.0,1.0,Zhou+22 [ zgy+22 ]
B0740-28,0742-2822,1,47625.0,1.2,0.1,-0.8,0.3,"Espinoza+2011 [ elsk11 ], also in D’Alessandro+1993 [ dmk+93 ]"
B0740-28,0742-2822,2,48331.7,1.2,0.1,-1.0,1.0,"Espinoza+2011 [ elsk11 ], also in D’Alessandro+1993 [ dmk+93 ]"
B0740-28,0742-2822,3,51770.0,1.0,0.3,0.9,0.2,Janssen+2006 [ js06 ]
B0740-28,0742-2822,4,52028.0,3.7,0.2,4.0,1.0,"Espinoza+2011 [ elsk11 ], also in Janssen+2006 [ js06 ]"
B0740-28,0742-2822,5,53083.0,1.7,0.2,-1.0,1.0,"Espinoza+2011 [ elsk11 ], also in Janssen+2006 [ js06 ]"
B0740-28,0742-2822,6,53467.7,1.8,0.1,4.6,0.5,"Espinoza+2011 [ elsk11 ], also in Janssen+2006 [ js06 ]"
B0740-28,0742-2822,7,55020.469,92.0,2.0,-372.0,96.0,"Espinoza+2011 [ elsk11 ], also in Yu+2012 [ ymh+12 ]"
B0740-28,0742-2822,8,56725.2,2.4,0.1,-1.1,0.6,Basu+2021 [ bsa+21 ]; also Basu+2019 [ bkj+19 ]
B0740-28,0742-2822,9,59839.4,4304.2,1.0,,,Shaw+2022 [ sms+22 ]; also in Zubieta+2024 [ zgp+24 ] and Grover+2024 [ gjs+24 ]
B0756-15,0758-1528,1,49963.0,0.11,0.03,2.0,2.0,Espinoza+2011 [ elsk11 ]
B0818-13,J0820-1350,1,49927.0,0.035,0.002,0.159,0.004,Basu+2021 [ bsa+21 ]
B0818-13,J0820-1350,2,58063.0,0.082,0.006,0.14,0.07,Basu+2021 [ bsa+21 ]
B0833-45,0835-4510,1,40280.0,2340.0,10.0,10.0,1.0,Downs (1981) [ dow81 ]
B0833-45,0835-4510,2,41192.0,2050.0,30.0,15.0,6.0,Downs (1981) [ dow81 ]
B0833-45,0835-4510,3,41312.0,12.0,2.0,3.0,6.0,Cordes+1988 [ cdk88 ]
B0833-45,0835-4510,4,42683.0,1990.0,10.0,11.0,7.0,Downs (1981) [ dow81 ]
B0833-45,0835-4510,5,43693.0,3060.0,60.0,18.0,9.0,Downs (1981) [ dow81 ]
B0833-45,0835-4510,6,44888.4,1145.0,3.0,49.0,4.0,Cordes+1988 [ cdk88 ]
B0833-45,0835-4510,7,45192.0,2050.0,10.0,23.0,1.0,Cordes+1988 [ cdk88 ]
B0833-45,0835-4510,8,46257.228,1601.0,1.0,17.0,1.0,McCulloch+1987 [ mkhr87 ]
B0833-45,0835-4510,9,47519.8036,1805.0,1.0,77.0,6.0,McCulloch+1987 [ mkhr87 ]
B0833-45,0835-4510,10,48457.382,2715.0,2.0,600.0,60.0,Flanagan (1991) [ fla91 ]
B0833-45,0835-4510,11,48550.0,5.55,0.3,1.053,0.013,Espinoza+2021 [ ead+21 ]
B0833-45,0835-4510,12,49559.0,835.0,2.0,0.0,5.0,Flanagan+1994 [ fm94 ]
B0833-45,0835-4510,13,49591.2,199.0,2.0,120.0,20.0,Flanagan (1994) [ fla94 ]
B0833-45,0835-4510,14,50369.345,2110.0,17.0,5.95,0.03,"Wang+2000 [ wmp+00 ], also in Yu+2012 [ ymh+12 ]"
B0833-45,0835-4510,15,51457.0,38.0,4.0,3.66,0.19,Espinoza+2021 [ ead+21 ]
B0833-45,0835-4510,16,51559.319,3085.72,0.04,6.736,0.001,"Dodson+2002 [ dml02 ], also in Yu+2012 [ ymh+12 ]"
B0833-45,0835-4510,17,53193.0,2100.0,,,,"Dodson+2004 [ dbr+04 ], also in Yu+2012 [ ymh+12 ]"
B0833-45,0835-4510,18,53960.0,2620.0,,230.0,40.0,"Flanagan+2006 [ fb06 ], also in Yu+2012 [ ymh+12 ]"
B0833-45,0835-4510,19,55408.8,1940.0,,75.0,1.0,Buchner (2010) [ buc10 ]; also in G&#252;gercino&#287;lu+22 [ ggyz22 ]
B0833-45,0835-4510,20,56556.0,3100.0,,148.0,1.0,Buchner(2013) [ buc13 ]; also in G&#252;gercino&#287;lu+22 [ ggyz22 ]
B0833-45,0835-4510,21,56922.0,0.4,,0.1,,Jankowski+2015 [ jbb+15 ]
B0833-45,0835-4510,22,57734.4849906,1431.0,,,,Palfreyman+2018; also Basu+2019 [ bkj+19 ]; also in G&#252;gercino&#287;lu+22 [ ggyz22 ]
B0833-45,0835-4510,23,58515.5929,2501.2,0.32,8.69,0.28,Kerr (2019) [ kerr19 ]; also in Lower+2020 [ lbs+20 ]; also in G&#252;gercino&#287;lu+22 [ ggyz22 ] and Grover+2024 [ gjs+24 ]
B0833-45,0835-4510,24,59417.2108,1260.0,,,,Sosa-Fiscella+2021 [ szp+21 ]; also in Zubieta+2024 [ zgp+24 ] and Grover+2024 [ gjs+24 ]
B0833-45,0835-4510,25,59479.0,0.2,0.02,0.13,0.01,Zubieta+2024 [ zgp+24 ]
B0833-45,0835-4510,26,60429.9,2396.0,2.0,23.0,1.0,Grover+2025 [ ggj+25 ]
J0834-4159,0834-4159,1,53415.0,102.7,0.1,0.26,0.04,Yu+2012 [ ymh+12 ]
B0844-35,0846-3533,1,55679.0,0.62,0.04,3.0,1.0,Basu+2021 [ bsa+21 ]
B0853-33,0855-3331,1,54521.0,0.06,0.01,0.03,0.01,New - Our measurement
J0901-4624,0901-4624,1,57179.0,0.9,0.1,0.02,0.04,Lower+2021 [ ljd+21 ]
J0905-5127,0905-5127,1,49552.0,13.6,0.4,-1.8,0.9,Yu+2012 [ ymh+12 ]
J0905-5127,0905-5127,2,52931.0,8.3,0.5,1.2,0.1,Yu+2012 [ ymh+12 ]
B0919+06,0922+0638,1,55152.0,1256.2,0.4,0.1,0.9,Basu+2021 [ bsa+21 ]
J0940-5428,0940-5428,1,55346.0,1573.9,1.1,11.0,2.0,Lower+2021 [ ljd+21 ]
J0940-5428,0940-5428,2,58322.0,1100.5,0.6,4.0,0.2,Lower+2021 [ ljd+21 ]
J1016-5857,1016-5857,1,52549.0,1622.6,0.5,3.7,0.1,Yu+2012 [ ymh+12 ]
J1016-5857,1016-5857,2,55041.0,1912.0,0.4,4.4,0.3,Yu+2012 [ ymh+12 ]
J1016-5857,1016-5857,3,55595.0,1464.4,1.1,4.0,5.0,Lower+2021 [ ljd+21 ]
J1016-5857,1016-5857,4,56975.0,6.21,2.35,,,Lower+2021 [ ljd+21 ]
J1019-5749,1019-5749,1,55595.0,1.33,0.4,0.12,0.22,Lower+2021 [ ljd+21 ]
J1019-5749,1019-5749,2,55981.0,377.8,0.4,0.51,0.3,Lower+2021 [ ljd+21 ]
J1019-5749,1019-5749,3,59182.0,8.3,1.0,,,Keith+2024 [ kjk+24 ]
J1019-5749,1019-5749,4,59265.0,398.3,2.5,,,Keith+2024 [ kjk+24 ]
J1023-5746,1023-5746,1,55043.0,3570.0,1.0,10.62,0.07,G&#252;gercino&#287;lu+22 [ ggyz22 ]; also in Belfore+2011 [ 3rd Fermi symp. ]
J1023-5746,1023-5746,2,56004.0,2822.0,4.0,12.6,0.2,G&#252;gercino&#287;lu+22 [ ggyz22 ]
J1023-5746,1023-5746,3,56647.0,3306.0,1.0,11.0,0.2,G&#252;gercino&#287;lu+22 [ ggyz22 ]
J1023-5746,1023-5746,4,57192.0,22.0,1.0,-1.74,0.08,G&#252;gercino&#287;lu+22 [ ggyz22 ]
J1023-5746,1023-5746,5,57727.0,3784.9,0.9,14.82,0.02,G&#252;gercino&#287;lu+22 [ ggyz22 ]
J1023-5746,1023-5746,6,58202.0,2729.0,1.0,5.2,0.03,G&#252;gercino&#287;lu+22 [ ggyz22 ]
J1023-5746,1023-5746,7,58823.0,1681.0,0.4,6.77,0.09,G&#252;gercino&#287;lu+22 [ ggyz22 ]
J1028-5819,1028-5819,1,57881.0,2296.5,0.5,35.0,1.0,Lower+2021 [ ljd+21 ]; also in Liu+24 [ lyg+24 ]
B1046-58,1048-5832,1,48944.0,19.0,2.0,0.3,0.1,"Wang+2000 [ wmp+00 ], also in Yu+2012 [ ymh+12 ]"
B1046-58,1048-5832,2,49034.0,3000.0,10.0,3.7,0.1,"Wang+2000 [ wmp+00 ], also in Yu+2012 [ ymh+12 ]"
B1046-58,1048-5832,3,50791.49,768.0,1.0,14.0,5.0,"Urama (2002) [ ura02 ], also in Yu+2012 [ ymh+12 ]"
B1046-58,1048-5832,4,52733.0,1838.4,9.0,3.7,0.3,Yu+2012 [ ymh+12 ]
B1046-58,1048-5832,5,53673.0,28.5,0.4,0.2,0.1,Yu+2012 [ ymh+12 ]
B1046-58,1048-5832,6,54495.0,3043.1,0.2,4.77,0.02,"Weltevrede+2010 [ wjm+10 ], also in Yu+2012 [ ymh+12 ] and Lower+2021 [ ljd+21 ]"
B1046-58,1048-5832,7,56756.0,2963.0,4.0,9.0,9.0,Lower+2021 [ ljd+21 ]
B1046-58,1048-5832,8,59203.9,8.89,0.09,,,Zubieta+2023 [ zmf+23 ]
B1046-58,1048-5832,9,59540.0,9.9,0.3,,,Zubieta+2023 [ zmf+23 ]
B1046-58,1048-5832,10,59732.0,0.91,0.04,0.009,0.008,Zubieta+2024 [ zgp+24 ]
B1046-58,1048-5832,11,60090.0,4.5,0.1,1.01,0.04,Zubieta+2024 [ zgp+24 ]
B1046-58,1048-5832,12,60406.6,4078.0,10.0,11.0,0.5,Zubieta+2024 [ zgp+24 ]
1E_1048.1-5937,1048-5937,1,52386.0,2900.0,100.0,76.0,4.0,Dib+2008 [ dkg08b ]
1E_1048.1-5937,1048-5937,2,54185.9,16300.0,200.0,-111.0,74.0,Dib+2008 [ dkg08b ]
J1052-5954,1052-5954,1,54526.0,6747.8,0.7,14.1,0.4,"Weltevrede+2010 [ wjm+10 ], also in Yu+2012 [ ymh+12 ]"
J1055-6028,1055-6028,1,57035.0,105.7,0.6,1.3,0.3,Lower+2021 [ ljd+21 ]
J1105-6107,1105-6107,1,50417.0,279.7,0.2,4.63,0.04,"Wang+2000 [ wmp+00 ], also in Yu+2012 [ ymh+12 ]"
J1105-6107,1105-6107,2,50610.0,2.0,3.0,0.19,0.01,Wang+2000 [ wmp+00 ]
J1105-6107,1105-6107,3,51598.0,971.7,0.5,0.1,0.1,Yu+2012 [ ymh+12 ]
J1105-6107,1105-6107,4,54711.0,23.0,1.0,0.0,0.3,"Weltevrede+2010 [ wjm+10 ], also in Yu+2012 [ ymh+12 ]"
J1105-6107,1105-6107,5,55288.0,954.4,0.1,,,Yu+2012 [ ymh+12 ]
J1112-6103,1112-6103,1,51395.0,1825.0,25.0,4.7,0.4,Yu+2012 [ ymh+12 ]
J1112-6103,1112-6103,2,53337.0,1202.0,21.0,7.0,2.0,Yu+2012 [ ymh+12 ]
J1112-6103,1112-6103,3,55288.0,1793.0,1.0,6.0,2.0,Lower+2021 [ ljd+21 ]
J1112-6103,1112-6103,4,57922.0,1283.0,1.0,4.9,0.5,Lower+2021 [ ljd+21 ]
J1119-6127,1119-6127,1,51398.0,4.4,0.4,0.04,0.01,"Camilo+2004 [ ckl+00 ], also in Yu+2012 [ ymh+12 ]"
J1119-6127,1119-6127,2,53290.0,321.0,33.0,6.0,1.0,"Weltevrede+2011 [ wje11 ], also in Yu+2012 [ ymh+12 ]"
J1119-6127,1119-6127,3,54240.0,5419.0,794.0,197.8,0.4,"Weltevrede+2011 [ wje11 ], also in Yu+2012 [ ymh+12 ]"
J1119-6127,1119-6127,4,57597.5,5790.0,200.0,,,Archibald+2016 (ATel)
J1123-6259,1123-6259,1,49705.87,749.0,1.0,1.0,0.4,Wang+2000 [ wmp+00 ]
J1124-5916,1124-5916,1,55191.0,16.0,1.0,4.73,0.05,Ray+2011 [ rkp+11 ]
J1141-3322,1141-3322,1,50521.31,0.4,0.1,-4.0,5.0,Espinoza+2011 [ elsk11 ]
J1248-6344,1248-6344,1,56043.0,1.7,0.2,,,Lower+2021 [ ljd+21 ]
B1254-10,1257-1027,1,58645.0,3.017,0.019,,,New - Our measurement
B1259-63,1302-6350,1,50691.0,3.2,0.1,2.5,0.1,Wang+2004 [ wjm04 ]
J1301-6305,1301-6305,1,51923.0,4630.0,17.0,8.6,0.1,Yu+2012 [ ymh+12 ]
J1301-6305,1301-6305,2,53383.0,2664.0,6.0,3.9,0.1,Yu+2012 [ ymh+12 ]
J1301-6305,1301-6305,3,55124.0,4169.0,3.0,5.8,0.7,Lower+2021 [ ljd+21 ]
J1301-6305,1301-6305,4,57718.0,658.0,3.0,6.0,0.5,Lower+2021 [ ljd+21 ]
J1320-5359,1320-5359,1,56354.0,10.5,0.1,0.2,0.2,Lower+2021 [ ljd+21 ]
J1320-5359,1320-5359,2,56737.0,246.8,0.1,0.08,0.14,Lower+2021 [ ljd+21 ]
B1325-43,1328-4357,1,43590.0,116.0,,,,Newton+1981 [ nmc81 ]
B1338-62,1341-6220,1,47989.0,1509.0,1.0,0.2,0.1,Wang+2000 [ wmp+00 ]
B1338-62,1341-6220,2,48453.0,23.0,7.0,-0.5,0.1,Wang+2000 [ wmp+00 ]
B1338-62,1341-6220,3,48645.0,996.0,3.0,0.7,0.1,Wang+2000 [ wmp+00 ]
B1338-62,1341-6220,4,49134.0,13.0,13.0,0.6,0.2,Wang+2000 [ wmp+00 ]
B1338-62,1341-6220,5,49363.0,146.0,38.0,0.7,0.2,Wang+2000 [ wmp+00 ]
B1338-62,1341-6220,6,49523.0,37.0,35.0,-0.6,0.1,Wang+2000 [ wmp+00 ]
B1338-62,1341-6220,7,49766.0,15.0,2.0,-0.3,0.1,"Wang+2000 [ wmp+00 ], also in Yu+2012 [ ymh+12 ]"
B1338-62,1341-6220,8,49904.0,31.0,1.0,-1.9,0.4,"Wang+2000 [ wmp+00 ], also in Yu+2012 [ ymh+12 ]"
B1338-62,1341-6220,9,50008.0,1648.0,3.0,3.3,0.4,"Wang+2000 [ wmp+00 ], also in Yu+2012 [ ymh+12 ]"
B1338-62,1341-6220,10,50322.0,30.0,1.0,0.6,0.1,"Wang+2000 [ wmp+00 ], also in Yu+2012 [ ymh+12 ]"
B1338-62,1341-6220,11,50529.0,23.0,1.0,1.0,0.4,"Wang+2000 [ wmp+00 ], also in Yu+2012 [ ymh+12 ]"
B1338-62,1341-6220,12,50683.0,708.0,1.0,1.2,0.3,"Wang+2000 [ wmp+00 ], also in Yu+2012 [ ymh+12 ]"
B1338-62,1341-6220,13,51144.0,170.0,1.0,,,Yu+2012 [ ymh+12 ]
B1338-62,1341-6220,14,51617.0,1121.5,0.8,,,Yu+2012 [ ymh+12 ]
B1338-62,1341-6220,15,52093.0,480.0,4.0,,,Yu+2012 [ ymh+12 ]
B1338-62,1341-6220,16,52250.0,454.5,0.7,,,Yu+2012 [ ymh+12 ]
B1338-62,1341-6220,17,52788.0,219.2,0.2,-8.3,0.3,Yu+2012 [ ymh+12 ]
B1338-62,1341-6220,18,53232.0,277.0,3.0,,,Yu+2012 [ ymh+12 ]
B1338-62,1341-6220,19,53471.0,985.0,6.0,,,Yu+2012 [ ymh+12 ]
B1338-62,1341-6220,20,54128.0,194.0,0.8,5.0,0.1,Yu+2012 [ ymh+12 ]
B1338-62,1341-6220,21,54468.0,3078.2,0.3,,,"Weltevrede+2010 [ wjs10 ], also in Yu+2012 [ ymh+12 ]"
B1338-62,1341-6220,22,54870.0,3066.7,0.3,,,"Weltevrede+2010 [ wjs10 ], also in Yu+2012 [ ymh+12 ]"
B1338-62,1341-6220,23,55088.0,1579.0,2.0,,,Yu+2012 [ ymh+12 ]
B1338-62,1341-6220,24,55484.0,2.4,0.3,0.49,0.01,Lower+2021 [ ljd+21 ]
B1338-62,1341-6220,25,55835.0,329.0,0.4,0.98,0.02,Lower+2021 [ ljd+21 ]
B1338-62,1341-6220,26,56098.0,151.2,0.4,0.22,0.04,Lower+2021 [ ljd+21 ]
B1338-62,1341-6220,27,56386.0,96.0,1.0,,,Lower+2021 [ ljd+21 ]
B1338-62,1341-6220,28,56479.0,37.0,2.0,,,Lower+2021 [ ljd+21 ]
B1338-62,1341-6220,29,56602.0,1709.7,0.3,1.06,0.1,Lower+2021 [ ljd+21 ]
B1338-62,1341-6220,30,57357.0,28.7,0.7,0.25,0.09,Lower+2021 [ ljd+21 ]
B1338-62,1341-6220,31,57492.0,21.7,0.1,0.8,0.1,Lower+2021 [ ljd+21 ]
B1338-62,1341-6220,32,57647.0,706.0,1.0,0.77,0.09,Lower+2021 [ ljd+21 ]
B1338-62,1341-6220,33,57880.0,60.0,3.0,,,Lower+2021 [ ljd+21 ]
B1338-62,1341-6220,34,58178.0,,,,,Lower+2021 [ ljd+21 ]
B1338-62,1341-6220,35,58214.0,,,,,Lower+2021 [ ljd+21 ]
J1341-6023,1341-6023,1,59450.0,5774.98,0.24,,,Keith+2024 [ kjk+24 ]
J1357-6429,1357-6429,1,52021.0,2428.0,1.0,6.3,0.1,"Espinoza+2011 [ elsk11 ], also in Camilo+2004 [ cml+04 ]"
J1357-6429,1357-6429,2,54803.0,1752.0,7.0,2.8,2.8,Weltevrede+2010 [ wjm+10 ]
J1357-6429,1357-6429,3,55576.0,4860.0,3.0,14.7,0.8,Lower+2021 [ ljd+21 ]
J1357-6429,1357-6429,4,57795.0,2250.0,11.0,7.0,2.0,Lower+2021 [ ljd+21 ]
J1357-6429,1357-6429,5,58148.0,1930.0,5.0,,,Lower+2021 [ ljd+21 ]
J1406-6121,1406-6121,1,56193.0,143.5,1.6,2.0,4.0,Lower+2021 [ ljd+21 ]
J1410-6132,1410-6132,1,54652.0,272.6,0.5,-3.31,0.05,Weltevrede+2010 [ wjm+10 ]
J1412-6145,1412-6145,1,51868.0,7253.0,3.0,18.0,2.0,Yu+2012 [ ymh+12 ]
J1413-6205,1413-6205,1,54735.0,1730.0,,,,Belfore+2011 [ 3rd Fermi symp. ]
J1413-6141,1413-6141,1,51290.0,39.0,4.0,,,Yu+2012 [ ymh+12 ]
J1413-6141,1413-6141,2,51463.0,970.0,2.0,,,Yu+2012 [ ymh+12 ]
J1413-6141,1413-6141,3,51796.3,59.7,0.4,-0.3,0.0,Yu+2012 [ ymh+12 ]
J1413-6141,1413-6141,4,52092.0,811.0,2.0,0.3,0.6,Yu+2012 [ ymh+12 ]
J1413-6141,1413-6141,5,52899.4,46.9,0.8,,,Yu+2012 [ ymh+12 ]
J1413-6141,1413-6141,6,53125.0,1410.0,5.0,,,Yu+2012 [ ymh+12 ]
J1413-6141,1413-6141,7,54286.0,2409.8,1.1,0.4,0.4,Yu+2012 [ ymh+12 ]
J1413-6141,1413-6141,8,55744.0,235.0,2.0,,,Lower+2021 [ ljd+21 ]
J1413-6141,1413-6141,9,56147.0,200.0,3.0,,,Lower+2021 [ ljd+21 ]
J1413-6141,1413-6141,10,56567.0,371.0,2.0,,,Lower+2021 [ ljd+21 ]
J1413-6141,1413-6141,11,56975.0,30.0,2.0,,,Lower+2021 [ ljd+21 ]
J1413-6141,1413-6141,12,57236.0,266.0,2.0,,,Lower+2021 [ ljd+21 ]
J1413-6141,1413-6141,13,57509.0,356.0,2.0,,,Lower+2021 [ ljd+21 ]
J1413-6141,1413-6141,14,57838.0,2137.0,2.0,,,Lower+2021 [ ljd+21 ]
J1420-6048,1420-6048,1,51600.0,1146.2,30.0,3.8,0.1,Yu+2012 [ ymh+12 ]
J1420-6048,1420-6048,2,52754.0,2019.0,13.0,6.6,0.9,Yu+2012 [ ymh+12 ]
J1420-6048,1420-6048,3,53725.0,1270.0,4.0,3.9,0.3,Yu+2012 [ ymh+12 ]
J1420-6048,1420-6048,4,54652.0,937.1,0.3,2.95,0.01,"Weltevrede+2011 [ wje11 ], also in Yu+2012 [ ymh+12 ]; also in Liu+24 [ lyg+24 ]"
J1420-6048,1420-6048,5,55410.0,1346.0,0.2,,,Yu+2012 [ ymh+12 ]; also in Liu+24 [ lyg+24 ]
J1420-6048,1420-6048,6,56267.0,1954.2,0.3,5.7,0.2,Lower+2021 [ ljd+21 ]; also in Liu+24 [ lyg+24 ]
J1420-6048,1420-6048,7,57210.0,1210.0,2.0,9.0,7.0,Lower+2021 [ ljd+21 ]; also in Liu+24 [ lyg+24 ]
J1420-6048,1420-6048,8,58555.0,2777.0,4.0,64.0,15.0,Liu+24 [ lyg+24 ]
B1449-64,1453-6413,1,54552.0,0.3,0.02,0.6,0.1,Yu+2012 [ ymh+12 ]
B1449-64,1453-6413,2,59015.0,1.14,0.13,,,Keith+2024 [ kjk+24 ]
J1452-6036,1452-6036,1,55055.22,29.0,0.2,0.19,0.0,Yu+2012 [ ymh+12 ]
J1452-6036,1452-6036,2,57115.0,0.13,0.03,,,Lower+2021 [ ljd+21 ]
J1524-5625,1524-5625,1,55745.0,2977.0,0.7,15.5,0.9,Lower+2021 [ ljd+21 ]
J1524-5625,1524-5625,2,59297.0,2076.0,6.0,,,Keith+2024 [ kjk+24 ]
B1508+55,1509+5531,1,41732.0,0.2,0.1,-6.0,1.0,Manchester+1974 [ mt74 ]
B1530+27,1532+2745,1,49732.0,0.29,0.04,-1.0,2.0,Espinoza+2011 [ elsk11 ]
J1531-5610,1531-5610,1,51731.0,2637.0,11.0,25.0,10.0,Yu+2012 [ ymh+12 ]
B1535-56,1539-5626,1,48165.0,2793.0,1.0,1.0,1.0,Johnston+1995 [ jml+95 ]
B1610-50,1614-5048,1,49803.0,6460.0,80.0,9.7,0.2,Wang+2000 [ wmp+00 ]
B1610-50,1614-5048,2,53013.0,6242.0,37.0,9.14,0.04,Yu+2012 [ ymh+12 ]
B1610-50,1614-5048,3,55734.0,4098.0,3.0,3.0,1.0,Lower+2021 [ ljd+21 ]
B1610-50,1614-5048,4,56443.0,5949.0,9.0,,,Lower+2021 [ ljd+21 ]
J1617-5055,1617-5055,1,46960.0,600.0,5.0,,,Torii+2000 [ tgv+00 ]
J1617-5055,1617-5055,2,54747.0,334.0,3.0,9.0,11.0,Lower+2021 [ ljd+21 ]
J1617-5055,1617-5055,3,55164.0,11.0,2.0,0.8,0.6,Lower+2021 [ ljd+21 ]
J1617-5055,1617-5055,4,55316.0,68.0,2.0,2.2,0.6,Lower+2021 [ ljd+21 ]
J1617-5055,1617-5055,5,55873.0,55.0,2.0,1.1,0.6,Lower+2021 [ ljd+21 ]
J1617-5055,1617-5055,6,56267.0,2068.0,2.0,13.2,0.7,Lower+2021 [ ljd+21 ]
J1636-2614,1636-2614,1,56472.0,0.71,0.03,0.1,0.2,Basu+2021 [ bsa+21 ]; also in Burgay+2019 (as J1636-2614) [ bsb+19]
B1641-45,1644-4559,1,43390.0,191.0,1.0,2.0,1.0,Manchester et al. (1978) [ mngh7 ]
B1641-45,1644-4559,2,46453.0,803.6,0.1,0.5,0.3,Flanagan (1993) [ fla93 ]
B1641-45,1644-4559,3,47589.0,1.61,0.04,1.1,0.1,Flanagan (1993) [ fla93 ]
B1641-45,1644-4559,4,56600.0,717.4,0.3,0.4,0.5,Lower+2021 [ ljd+21 ]
B1643-43,1646-4346,1,53876.0,885.0,5.0,1.5,0.4,Yu+2012 [ ymh+12 ]
B1643-43,1646-4346,2,55288.0,8591.0,6.0,16.0,9.0,Lower+2021 [ ljd+21 ]
CXO_J164710.2-455216,1647-4552,1,53999.0,65000.0,3000.0,,,Israel+2007 [ icd+07 ]
J1650-4502,1650-4502,1,57778.0,12767.0,2.0,290.0,80.0,Lower+2021 [ ljd+21 ]
J1702-4128,1702-4128,1,57719.0,3090.0,1.0,10.0,2.0,Lower+2021 [ ljd+21 ]
J1702-4310,1702-4310,1,53943.0,4810.0,104.0,17.0,13.0,Yu+2012 [ ymh+12 ]
J1702-4310,1702-4310,2,57510.0,3129.0,4.0,5.0,2.0,Lower+2021 [ ljd+21 ]
B1702-19,1705-1906,1,48902.0,0.4,0.1,1.0,1.0,Espinoza+2011 [ elsk11 ]
B1702-19,1705-1906,2,55171.0,0.28,0.03,,,Basu+2021 [ bsa+21 ]
B1702-19,1705-1906,3,55955.0,0.3,0.03,,,Basu+2021 [ bsa+21 ]
B1702-19,1705-1906,4,57954.0,0.18,0.05,,,Basu+2021 [ bsa+21 ]
J1705-3423,1705-3423,1,51956.0,0.59,0.04,1.0,1.0,Espinoza+2011 [ elsk11 ]
J1705-3423,1705-3423,2,54408.0,0.57,0.04,3.0,1.0,"Espinoza+2011 [elsk11], also in Yuan+2010 [ ywml10 ]"
J1705-3423,1705-3423,3,55503.0,0.6,0.1,5.0,1.0,New - Our measurement
J1705-3950,1705-3950,1,58236.0,9331.0,6.0,61.0,11.0,Lower+2021 [ ljd+21 ]
B1706-44,1709-4429,1,48775.0,2057.0,2.0,4.0,0.1,Johnston+1995 [ jml+95 ]
B1706-44,1709-4429,2,51488.0,1167.0,17.0,6.2,0.2,Yu+2012 [ ymh+12 ]
B1706-44,1709-4429,3,52716.0,2872.0,26.0,8.0,0.1,Yu+2012 [ ymh+12 ]
B1706-44,1709-4429,4,54710.0,2749.7,0.1,4.95,0.01,Weltevrede+2010 [ wjm+10 ]; also in Liu+24 [ lyg+24 ]
B1706-44,1709-4429,5,56339.0,2694.0,4.0,9.7,0.8,Liu+24 [ lyg+24 ]
B1706-44,1709-4429,6,58176.0,52.4,0.1,,,Lower+2018 [ lfb+18 ]; also in Liu+24 [ lyg+24 ]
1RXS_J1708-4009,1708-4008,1,51445.0,561.0,33.0,5.0,3.0,Dib+2008 [ dkg08 ]
1RXS_J1708-4009,1708-4008,2,52016.0,4202.0,44.0,620.0,1.0,Dib+2008 [ dkg08 ]
1RXS_J1708-4009,1708-4008,3,52990.0,308.0,44.0,0.0,0.0,Dib+2008 [ dkg08 ]
1RXS_J1708-4009,1708-4008,4,53366.0,572.0,66.0,12.0,8.0,Dib+2008 [ dkg08 ]
1RXS_J1708-4009,1708-4008,5,53549.0,2707.0,99.0,12.0,12.0,Dib+2008 [ dkg08 ]
1RXS_J1708-4009,1708-4008,6,53636.0,737.0,33.0,-36.0,3.0,Dib+2008 [ dkg08 ]
B1717-16,1720-1633,1,51169.0,1.5,0.2,8.0,3.0,Espinoza+2011 [ elsk11 ]
J1718-3825,1718-3825,1,54911.0,1.94,0.03,-0.12,0.04,Yu+2012 [ ymh+12 ]; also in Liu+24 [ lyg+24 ]
J1718-3825,1718-3825,2,57950.0,7.1,0.1,,,Lower+2021 [ ljd+21 ]; also in Liu+24 [ lyg+24 ]
J1718-3825,1718-3825,3,59121.0,1.9,0.2,-0.12,0.09,Liu+24 [ lyg+24 ]
B1718-35,1721-3532,1,49971.0,7.5,0.3,0.3,0.4,Espinoza+2011 [ elsk11 ]
J1718-3718,1718-3718,1,54610.0,33250.0,10.0,6.0,1.0,Manchestre+2011 [ mh11 ]
B1727-33,1730-3350,1,48000.0,3033.0,8.0,4.0,6.0,Johnston+1995 [ jml+95 ]
B1727-33,1730-3350,2,52107.0,3202.0,1.0,5.9,0.1,"Espinoza+2011 [ elsk11 ], also in Yu+2012 [ ymh+12 ]"
B1727-33,1730-3350,3,55908.0,2254.0,1.0,5.3,0.5,Basu+2021 [ bsa+21 ]; also in Lower+2021 [ ljd+21 ]
B1727-33,1730-3350,4,58398.0,5.9,0.5,,,New - Our measurement
B1727-47,1731-4744,1,49387.2,137.0,1.0,1.5,0.4,"Espinoza+2011 [ elsk11 ], also in D’Alessandro+1997 [ dm97 ],Yu+2012 [ ymh+12 ]"
B1727-47,1731-4744,2,50718.1,4.4,0.2,4.0,1.0,"Espinoza+2011 [ elsk11 ], also in Wang+2000 [ wmp+00 ],Yu+2012 [ ymh+12 ]"
B1727-47,1731-4744,3,52472.7,126.4,0.3,3.4,0.2,"Espinoza+2011 [ elsk11 ], also in Yu+2012 [ ymh+12 ]"
B1727-47,1731-4744,4,53582.0,2.7,0.1,0.2,0.2,Yu+2012 [ ymh+12 ]
B1727-47,1731-4744,5,56975.0,6.4,0.3,,,Lower+2021 [ ljd+21 ]
B1727-47,1731-4744,6,57984.0,3147.7,0.1,,,Jankowski+17 (ATEL #10770); also in Basu+2019 [ bkj+19 ]
J1730-3353,1730-3353,1,54004.0,68.9,0.7,,,New - Our measurement
J1734-3333,1734-3333,1,56340.0,90.0,10.0,1.0,1.0,Basu+2021 [ bsa+21 ]
J1734-3333,1734-3333,2,58944.0,24.0,1.0,,,New - agl
B1736-29,1739-2903,1,46965.0,3.3,0.2,1.7,1.0,"Espinoza+2011 [ elsk11 ], also in Shemar+1996 [ sl96 ]"
B1737-30,1740-3015,1,46991.0,421.0,4.0,3.4,0.2,"Espinoza+2011 [ elsk11 ], also in McKenna+1990 [ ml90 ] Zou+2008 [ zwm+08 ]"
B1737-30,1740-3015,2,47289.0,31.0,5.0,11.0,12.0,"Espinoza+2011 [ elsk11 ], also in McKenna+1990 [ ml90 ], Zou+2008 [ zwm+08 ]"
B1737-30,1740-3015,3,47337.0,7.0,4.0,3.0,12.0,"Espinoza+2011 [ elsk11 ], also in McKenna+1990 [ ml90 ], Zou+2008 [ zwm+08 ]"
B1737-30,1740-3015,4,47466.0,26.0,2.0,0.0,3.0,"Espinoza+2011 [ elsk11 ], also in McKenna+1990 [ ml90 ], Zou+2008 [ zwm+08 ]"
B1737-30,1740-3015,5,47670.22,600.0,1.0,3.0,1.0,"Espinoza+2011 [ elsk11 ], also in McKenna+1990 [ ml90 ], Zou+2008 [ zwm+08 ]"
B1737-30,1740-3015,6,48158.0,10.0,1.0,12.0,2.0,Espinoza+2011 [ elsk11 ]
B1737-30,1740-3015,7,48191.69,659.0,7.0,57.0,13.0,"Espinoza+2011 [ elsk11 ], also in Shemar+1996 [ sl96 ], Zou+2008 [ zwm+08 ]"
B1737-30,1740-3015,8,48218.0,48.0,10.0,8.0,12.0,"Shemar+1996 [ sl96 ], also in Zou+2008 [ zwm+08 ]"
B1737-30,1740-3015,9,48431.3,16.0,2.0,3.0,2.0,"Espinoza+2011 [ elsk11 ], also in Shemar+1996 [ sl96 ], Zou+2008 [ zwm+08 ]"
B1737-30,1740-3015,10,49047.5,17.0,1.0,2.0,1.0,"Espinoza+2011 [ elsk11 ], also in Shemar+1996 [ sl96 ], Zou+2008 [ zwm+08 ]"
B1737-30,1740-3015,11,49239.07,169.7,0.2,1.3,0.2,"Espinoza+2011 [ elsk11 ], also in Shemar+1996 [ sl96 ], Zou+2008 [ zwm+08 ]"
B1737-30,1740-3015,12,49459.0,10.0,1.0,2.0,1.0,"Espinoza+2011 [ elsk11 ], also in Krawczyk+2003 [ klgj03 ], Zou+2008 [ zwm+08 ]"
B1737-30,1740-3015,13,49542.3,6.0,1.0,1.0,1.0,"Espinoza+2011 [ elsk11 ], also in Krawczyk+2003 [ klgj03 ], Zou+2008 [ zwm+08 ]"
B1737-30,1740-3015,14,50574.83,442.5,0.3,2.4,0.1,"Espinoza+2011 [ elsk11 ], also in Krawczyk+2003 [ klgj03 ], Zou+2008 [ zwm+08 ]"
B1737-30,1740-3015,15,50939.0,1444.0,1.0,1.8,0.1,"Espinoza+2011 [ elsk11 ], also in Krawczyk+2003 [ klgj03 ], Urama (2002) [ ura02 ], Zou+2008 [ zwm+08 ], Yu+2012 [ ymh+12 ]"
B1737-30,1740-3015,16,51685.0,0.7,0.4,0.1,0.1,Janssen+2006 [ js06 ]
B1737-30,1740-3015,17,51827.0,0.9,0.3,0.1,0.2,"Espinoza+2011 [ elsk11 ], also in Janssen+2006 [ js06 ]"
B1737-30,1740-3015,18,52048.0,2.0,3.0,1.0,2.0,"Espinoza+2011 [ elsk11 ], also in Janssen+2006 [ js06 ]"
B1737-30,1740-3015,19,52245.0,4.0,1.0,-1.0,2.0,"Espinoza+2011 [ elsk11 ], also in Janssen+2006 [ js06 ], Zou+2008 [ zwm+08 ]"
B1737-30,1740-3015,20,52266.0,16.0,1.0,-3.0,1.0,"Espinoza+2011 [ elsk11 ], also in Janssen+2006 [ js06 ], Zou+2008 [ zwm+08 ]"
B1737-30,1740-3015,21,52346.6,158.0,0.4,1.0,1.0,"Espinoza+2011 [ elsk11 ], also in Janssen+2006 [ js06 ], Zou+2008 [ zwm+08 ], Yu+2012 [ ymh+12 ]"
B1737-30,1740-3015,22,52576.0,0.9,0.2,-0.1,0.1,"Espinoza+2011 [ elsk11 ], also in Janssen+2006 [ js06 ]"
B1737-30,1740-3015,23,52779.7,1.7,0.2,-0.1,0.2,"Espinoza+2011 [ elsk11 ], also in Janssen+2006 [ js06 ]"
B1737-30,1740-3015,24,52858.78,18.6,0.3,1.4,0.4,"Espinoza+2011 [ elsk11 ], also in Janssen+2006 [ js06 ], Zou+2008 [ zwm+08 ]"
B1737-30,1740-3015,25,52942.5,20.2,0.2,1.5,0.3,"Espinoza+2011 [ elsk11 ], also in Janssen+2006 [ js06 ], Zou+2008 [ zwm+08 ]"
B1737-30,1740-3015,26,53023.52,1850.9,0.3,2.4,0.4,"Espinoza+2011 [ elsk11 ], also in Zou+2008 [ zwm+08 ], Yu+2012 [ ymh+12 ]"
B1737-30,1740-3015,27,53473.56,0.8,0.2,0.2,0.2,Espinoza+2011 [ elsk11 ]
B1737-30,1740-3015,28,54450.19,45.9,0.3,4.0,1.0,"Espinoza+2011 [ elsk11 ], also in Yuan+2010 [ ywml10 ], Weltevrede+2010 [ wjm+10 ], Yu+2012 [ ymh+12 ]"
B1737-30,1740-3015,29,54695.19,3.0,0.2,1.0,0.0,"Espinoza+2011 [elsk11], also in Yuan+2010 [ ywml10 ]"
B1737-30,1740-3015,30,54810.9,5.2,0.3,1.0,0.0,Espinoza+2011 [ elsk11 ]
B1737-30,1740-3015,31,54928.6,2.3,0.2,1.0,0.0,Espinoza+2011 [ elsk11 ]
B1737-30,1740-3015,32,55213.0,2663.0,3.0,1.2,0.3,Basu+2021 [ bsa+21 ]; also Yu+2012 [ ymh+12 ]
B1737-30,1740-3015,33,55936.4,18.3,0.6,0.4,0.2,Basu+2021 [ bsa+21 ]
B1737-30,1740-3015,34,57346.0,1.94,0.02,0.0,0.0,Jankowski+2016; also Basu+2019 [ bkj+19 ]
B1737-30,1740-3015,35,57468.599,229.4,0.4,1.2,0.4,"Basu+2021 [ bsa+21 ]; also Jankowski+2016, Basu+2019 [ bkj+19 ]"
B1737-30,1740-3015,36,58241.0,837.9,0.7,2.0,0.3,Basu+2021 [ bsa+21 ]; also Basu+2019 [ bkj+19 ]
B1737-30,1740-3015,37,59934.8,328.3,0.5,1.37,0.18,Our measurement; ; also in Zubieta+2024 [ zgp+24 ] and Grover+2024 [ gjs+24 ]
B1737-30,1740-3015,38,60980.0,2810.0,3.0,,,Shaw+2025 [ bak+25 ]; Also in Grover+25 [ gjk+25 ]
J1737-3102,1737-3102,1,57087.0,18.0,1.0,,,Basu+2021 [ bsa+21 ]
J1737-3137,1737-3137,1,51559.0,4.0,1.0,0.0,1.0,Espinoza+2011 [ elsk11 ]
J1737-3137,1737-3137,2,53040.0,234.0,1.0,2.9,0.2,Espinoza+2011 [ elsk11 ]
J1737-3137,1737-3137,3,54348.0,1342.4,0.2,1.4,0.2,"Espinoza+2011 [ elsk11 ], also in Weltevrede+2010 [ wjm+10 ], Yu+2012 [ ymh+12 ]"
J1737-3137,1737-3137,4,57115.0,7.0,0.7,0.0,,Basu+2021 [ bsa+21 ]; also in Lower+2021 [ ljd+21 ]
J1737-3137,1737-3137,5,58147.0,4498.0,1.0,1.3,0.1,Basu+2021 [ bsa+21 ]; also in Lower+2021 [ ljd+21 ]
J1737-3137,1737-3137,6,58858.8,1.53,0.07,0.5,0.18,New - Our measurement; also in Lower+2021 [ ljd+21 ]
J1737-3137,1737-3137,7,59848.0,215.6,0.6,1.22,0.25,New - Our measurement
B1740-31,1743-3150,1,49572.0,2.2,0.4,2.0,1.0,Espinoza+2011 [ elsk11 ]
J1740+1000,1740+1000,1,54747.6,1.2,0.4,1.0,1.0,Espinoza+2011 [ elsk11 ]
J1740+1000,1740+1000,2,56164.0,2910.9,0.4,11.0,1.0,Basu+2021 [ bsa+21 ]
J1746-2856,1746-2856,1,57038.0,24.4,0.4,2.1,0.32,Basu+2021 [ bsa+21 ]
J1751-3323,1751-3323,1,53004.0,2.3,0.3,-1.0,1.0,Yuan+2010 [ ywml10 ]
J1751-3323,1751-3323,2,54435.0,3.0,1.0,-1.0,3.0,Yuan+2010 [ ywml10 ]
J1751-3323,1751-3323,3,57019.0,13.0,1.0,-5.0,2.0,Basu+2021 [ bsa+21 ]
J1751-3323,1751-3323,4,58438.0,3.4,0.8,27.0,4.0,Basu+2019 [ bkj+19 ]
B1754-24,1757-2421,1,55716.0,7807.0,1.0,6.3,0.5,Basu+2021 [ bsa+21 ]
B1757-24,1801-2451,1,49476.0,1987.9,0.3,4.6,0.1,"Espinoza+2011 [ elsk11 ], also inWang+2000 [ wmp+00 ], Yu+2012 [ ymh+12 ]"
B1757-24,1801-2451,2,50651.0,1247.4,0.3,4.7,0.2,"Espinoza+2011 [ elsk11 ], also inWang+2000 [ wmp+00 ], Yu+2012 [ ymh+12 ]"
B1757-24,1801-2451,3,52055.0,3755.8,0.4,6.8,0.1,"Espinoza+2011 [ elsk11 ], also in Yu+2012 [ ymh+12 ]"
B1757-24,1801-2451,4,53033.25,17.4,0.2,1.4,0.1,"Espinoza+2011 [ elsk11 ], also in Yu+2012 [ ymh+12 ]"
B1757-24,1801-2451,5,54661.0,3101.0,1.0,9.3,0.1,"Espinoza+2011 [ elsk11 ], also in Weltevrede+2010 [ wjm+10 ], Yu+2012 [ ymh+12 ]"
B1757-24,1801-2451,6,56979.0,2413.0,0.4,5.3,0.8,Basu+2021 [ bsa+21 ]; also in Lower+2021 [ ljd+21 ]
B1757-24,1801-2451,7,58564.76,2250.9,2.8,3.82,0.15,New - Our measurement
B1758-03,1801-0357,1,48000.0,3.1,0.1,2.0,2.0,"Espinoza+2011 [ elsk11 ], also in Krawczyk+2003 [ klgj03 ]"
B1758-23,1801-2304,1,46907.0,216.3,0.2,-0.5,0.1,"Espinoza+2011 [ elsk11 ], also in Kaspi+1993 [ klm+9 ]"
B1758-23,1801-2304,2,47855.0,230.7,0.3,-0.3,0.2,"Espinoza+2011 [ elsk11 ], also in Kaspi+1993 [ klm+9 ]"
B1758-23,1801-2304,3,48453.95,348.0,1.0,0.0,2.0,"Espinoza+2011 [ elsk11 ], also in Wang+2000 [ wmp+00 ], Yu+2012 [ ymh+12 ]"
B1758-23,1801-2304,4,49701.7,66.0,2.0,2.0,2.0,"Espinoza+2011 [ elsk11 ], also in Wang+2000 [ wmp+00 ], Yu+2012 [ ymh+12 ]"
B1758-23,1801-2304,5,50055.3,22.0,1.0,-2.0,1.0,"Espinoza+2011 [ elsk11 ], also in Krawczyk+2003 [ klgj03 ], Yu+2012 [ ymh+12 ]"
B1758-23,1801-2304,6,50363.06,81.0,1.0,2.0,2.0,"Espinoza+2011 [ elsk11 ], also in Krawczyk+2003 [ klgj03 ], Yu+2012 [ ymh+12 ]"
B1758-23,1801-2304,7,50939.0,6.0,3.0,4.0,5.0,"Espinoza+2011 [ elsk11 ], also in Yu+2012 [ ymh+12 ]"
B1758-23,1801-2304,8,52093.0,646.7,0.2,0.9,0.2,"Espinoza+2011 [ elsk11 ], also in Yu+2012 [ ymh+12 ]"
B1758-23,1801-2304,9,53306.98,497.0,1.0,-1.0,1.0,"Espinoza+2011 [elsk11], also in Yuan+2010 [ ywml10 ]"
B1758-23,1801-2304,10,55360.0,2.9,0.7,,,Basu+2021 [ bsa+21 ]; also Yu+2012 [ ymh+12 ]
B1758-23,1801-2304,11,55841.0,1.7,0.5,,,Basu+2021 [ bsa+21 ]; also in Lower+2021 [ ljd+21 ]
B1758-23,1801-2304,12,56149.024,513.8,0.4,1.2,0.7,Basu+2021 [ bsa+21 ]; also in Lower+2021 [ ljd+21 ]
B1758-23,1801-2304,13,57586.2,48.67,0.05,0.79,0.03,Basu+2021 [ bsa+21 ]; also in Lower+2021 [ ljd+21 ]
B1758-23,1801-2304,14,58846.0,5.0,0.6,,,New - Our measurement
B1758-23,1801-2304,15,58993.5,374.0,5.0,,,New - Our measurement
B1800-21,1803-2137,1,48245.0,4074.4,0.3,9.3,0.1,"Espinoza+2011 [ elsk11 ], also in Shemar+1996 [ sl96 ]"
B1800-21,1803-2137,2,50264.1,7.1,0.2,0.5,0.1,"Espinoza+2011 [ elsk11 ], also in Krawczyk+2003 [ klgj03 ]"
B1800-21,1803-2137,3,50777.0,3184.0,1.0,8.0,0.2,"Espinoza+2011 [ elsk11 ], also inWang+2000 [ wmp+00 ], Yu+2012 [ ymh+12 ]"
B1800-21,1803-2137,4,53429.0,3929.3,0.4,10.6,0.1,"Espinoza+2011 [ elsk11 ], also in Yuan+2010 [ ywml10 ], Yu+2012 [ ymh+12 ]"
B1800-21,1803-2137,5,55775.0,4793.0,3.0,18.6,0.3,New - Our measurement; also in Lower+2021 [ ljd+21 ]
B1800-21,1803-2137,6,58958.0,4960.6,1.3,8.5,0.3,New - Our measurement. Also in Keith+2024 [ kjk+24 ]
J1806-2125,1806-2125,1,51708.0,15773.1,12.3,37.0,3.0,"Espinoza+2011 [ elsk11 ], also in Hobbs+2002 [hlj+02 ]"
J1809-0119,1809-0119,1,55406.0,1.7,0.3,0.0,6.0,"Our measurement, also in Bates+2012 [ bbb+12 ]"
J1809-0119,1809-0119,2,55803.0,3.0,0.4,0.0,13.0,"Our measurement, also in Bates+2012 [ bbb+12 ]"
B1809-173,1812-1718,1,49932.0,1.5,0.2,6.0,3.0,Espinoza+2011 [ elsk11 ]
B1809-173,1812-1718,2,53106.2,14.8,0.2,7.0,4.0,"Espinoza+2011 [ elsk11 ] also, in Yuan+2010 [ ywml10 ]"
B1809-173,1812-1718,3,54365.8,1.4,0.1,1.0,1.0,"Espinoza+2011 [ elsk11 ] also, in Yuan+2010 [ ywml10 ]"
J1809-1917,1809-1917,1,53251.0,1625.1,0.3,7.8,0.3,Espinoza+2011 [ elsk11 ]
J1809-2004,1809-2004,1,54196.0,2.0,1.0,7.0,7.0,Espinoza+2011 [ elsk11 ]
J1809-2004,1809-2004,2,56227.5,48.67,0.05,0.79,0.03,Basu+2021 [ bsa+21 ]
J1809-2004,1809-2004,3,58743.0,3.47,0.06,0.05,0.18,New - Our measurement
J1813-1246,1813-1246,1,55094.0,1166.0,0.4,6.4,0.3,Ray+2011 [rkp+11]
J1814-1744,1814-1744,1,51371.0,8.0,4.0,-3.0,1.0,Espinoza+2011 [ elsk11 ]
J1814-1744,1814-1744,2,51678.0,10.0,2.0,5.0,3.0,"Espinoza+2011 [ elsk11 ], also in Janssen+2006 [ js06 ]"
J1814-1744,1814-1744,3,52075.0,34.0,2.0,-5.0,3.0,"Espinoza+2011 [ elsk11 ], also in Janssen+2006 [ js06 ]"
J1814-1744,1814-1744,4,53241.0,3.0,1.0,0.7,0.4,"Espinoza+2011 [ elsk11 ], also in Janssen+2006 [ js06 ]"
J1814-1744,1814-1744,5,53756.4,11.0,2.0,8.0,4.0,Espinoza+2011 [ elsk11 ]
J1814-1744,1814-1744,6,54768.4,17.0,1.0,2.0,1.0,New - Our measurement
J1814-1744,1814-1744,7,55626.0,16.0,4.0,0.3,0.2,Basu+2021 [ bsa+21 ]
B1815-14,1818-1422,1,52057.0,0.54,0.05,-0.7,0.4,Yuan+2010 [ ywml10 ]
J1819-1458,1819-1458,1,53925.79,725.0,3.0,78.0,6.0,"Espinoza+2011 [ elsk11 ], also in Lyne+2009 [ lmk+09 ]"
J1819-1458,1819-1458,2,54176.5,72.0,1.0,36.0,2.0,"Espinoza+2011 [ elsk11 ], also in Lyne+2009 [ lmk+09 ]"
B1821-11,1824-1118,1,54306.0,2877.0,0.2,-10.0,2.0,Espinoza+2011 [ elsk11 ]
J1821-1419,1821-1419,1,53074.0,225.0,4.0,,,New - Our measurement
J1821-1419,1821-1419,2,57372.0,109.0,7.0,,,New - Our measurement
J1821-1419,1821-1419,3,58860.0,222.4,3.0,0.92,0.28,New - Our measurement
J1821-1419,1821-1419,4,59586.0,34.0,4.0,1.0,1.0,New - Our measurement
B1821-24A,1824-2452A,1,51980.0,0.008,0.001,0.0,0.04,"Espinoza+2011 [ elsk11 ], also in Cognard+2004 [ cb04 ]"
B1822-09,1825-0935,1,49942.1,2.8,0.2,-2.0,1.0,"Espinoza+2011 [ elsk11 ], also in Shabanova (1998) [ sha98 ]"
B1822-09,1825-0935,2,50314.0,1.3,0.2,0.0,1.0,Espinoza+2011 [ elsk11 ]
B1822-09,1825-0935,3,52056.0,29.8,0.1,3.4,0.2,"Espinoza+2011 [ elsk11 ], mentioned in Zou+2004 [ zww+04 ]"
B1822-09,1825-0935,4,52810.0,1.3,0.4,-2.0,3.0,"Espinoza+2011 [ elsk11 ], mentioned in Zou+2004 [ zww+04 ]"
B1822-09,1825-0935,5,53734.6,4.0,1.0,-6.0,5.0,"Espinoza+2011 [ elsk11 ], also in Shabanova (2007) [ sha07 ], Yuan+2010 [ ywml10 ]"
B1822-09,1825-0935,6,54114.96,121.0,1.0,-4.0,3.0,"Espinoza+2011 [ elsk11 ], also in Yuan+2010 [ ywml10 ], Yu+2012 [ ymh+12 ]"
B1822-09,1825-0935,7,58486.2,3.8,0.1,,,New - Our measurement
B1823-13,1826-1334,1,46507.0,2746.0,1.0,1.7,0.1,"Espinoza+2011 [ elsk11 ], also in Shemar+1996 [ sl96 ]"
B1823-13,1826-1334,2,49120.0,2984.6,0.3,7.6,0.1,"Espinoza+2011 [ elsk11 ], also in Shemar+1996 [ sl96 ]"
B1823-13,1826-1334,3,53206.0,0.6,0.3,-1.0,1.0,Espinoza+2011 [ elsk11 ]
B1823-13,1826-1334,4,53259.0,3.0,1.0,-1.0,1.0,"Espinoza+2011 [ elsk11 ], also in Yuan+2010 [ ywml10 ], Yu+2012 [ ymh+12 ]"
B1823-13,1826-1334,5,53737.0,3581.0,1.0,9.6,0.4,"Espinoza+2011 [ elsk11 ], also in Yuan+2010 [ ywml10 ], Yu+2012 [ ymh+12 ]"
B1823-13,1826-1334,6,56556.0,2599.7,0.3,10.1,0.4,Basu+2021 [ bsa+21 ]
B1823-13,1826-1334,7,58879.0,2481.5,1.1,5.9,0.4,New - Our measurement. Also in Keith+2024 [ kjk+24 ]
B1824-10,1827-0958,1,48764.0,0.4,0.1,,,Basu+2021 [ bsa+21 ]
B1828-11,1830-1059,1,55040.9,6.3,0.5,,,Basu+2021 [ bsa+21 ]
J1828-1101,1828-1101,1,60719.0,1015.27,0.31,4.91,0.3,New - Our measurement
B1830-08,1833-0827,1,47541.3,0.9,0.1,-0.1,0.1,Espinoza+2011 [ elsk11 ]
B1830-08,1833-0827,2,48051.0,1865.6,0.1,1.742,0.001,"Espinoza+2011 [ elsk11 ], also in Shemar+1996 [ sl96 ]"
B1830-08,1833-0827,3,54779.0,0.5,0.1,0.15,0.08,Basu+2021 [ bsa+21 ]
B1830-08,1833-0827,4,58922.0,0.15,0.01,-0.03,0.01,New - Our measurement
B1830-08,1833-0827,5,60897.0,1.56,0.19,,,New - Our measurement
J1830-1135,1830-1135,1,52367.0,2.1,0.3,1.0,1.0,Espinoza+2011 [ elsk11 ]
J1833-1034,1833-1034,1,54169.0,3.1,0.1,1.4,0.2,Roy+2012 [ rgl12 ]
J1833-1034,1833-1034,2,54423.0,1.1,0.1,4.0,0.3,Roy+2012 [ rgl12 ]
J1833-1034,1833-1034,3,54750.0,3.6,0.1,-7.7,0.2,Roy+2012 [ rgl12 ]
J1833-1034,1833-1034,4,55142.0,7.5,0.1,-9.9,0.2,Roy+2012 [ rgl12 ]
J1832+0029,1832+0029,1,53498.0,66.0,1.0,53.0,5.0,New - our measurement
B1834-10,1836-1008,1,55744.0,3.6,0.1,,,Basu+2021 [ bsa+21 ]
B1834-10,1836-1008,2,58920.0,4702.0,11.0,,,Keith+2024 [ kjk+24 ]
B1834-10,1836-1008,3,59329.0,1.88,0.14,0.3,0.6,New - Our measurement
J1834-0731,1834-0731,1,53479.0,4.4,0.4,0.6,0.4,Espinoza+2011 [ elsk11 ]
J1835-0024,1835-0024,1,58649.0,0.8,0.02,1.02,0.13,New - Our measurement
J1835-1020,1835-1020,1,57589.5,3.26,0.02,0.2,0.1,Basu+2021 [ bsa+21 ]
J1835-1106,1835-1106,1,52225.8,15.6,0.4,2.5,0.4,"Espinoza+2011 [ elsk11 ], also in Zou+2004 [ zww+04 ], Yu+2012 [ ymh+12 ]"
J1835-1106,1835-1106,2,58488.0,9.3,0.6,4.0,1.0,New - Our measurement
J1837-0604,1837-0604,1,55821.0,1398.0,1.0,6.9,0.7,Basu+2021 [ bsa+21 ]; also in Lower+2021 [ ljd+21 ]
J1837-0604,1837-0604,2,56511.0,16.7,0.8,,,Basu+2021 [ bsa+21 ]; also in Lower+2021 [ ljd+21 ]
J1837-0604,1837-0604,3,58233.7,70.0,1.0,,,Basu+2019 [ bkj+19 ]
J1837-0604,1837-0604,4,56910.0,3290.0,50.0,,,Keith+2024 [ kjk+24 ]
J1837-0559,1837-0559,1,53150.0,3.2,0.3,13.0,7.0,Espinoza+2011 [ elsk11 ]
J1837-0559,1837-0559,2,56258.0,0.2,0.2,,,Basu+2021 [ bsa+21 ]
J1837-0559,1837-0559,3,58022.0,3.4,0.3,,,Basu+2021 [ bsa+21 ]
J1838-0537,1838-0537,1,55100.0,5500.0,,-15.0,,Pletsch+2012 [ pga+12 ]
J1838-0453,1838-0453,1,52162.0,9902.0,381.0,7.0,1.0,Espinoza+2011 [ elsk11 ]
J1838-0453,1838-0453,2,54140.0,9.0,1.0,-0.1,0.4,Espinoza+2011 [ elsk11 ]
J1838-0453,1838-0453,3,58692.0,71.0,6.0,-6.0,4.0,New - Our measurement
B1838-04,1841-0425,1,53388.0,578.6,0.03,7.7,0.3,"Espinoza+2011 [ elsk11 ] also, in Yuan+2010 [ ywml10 ]"
J1839-0223,1839-0223,1,56994.0,3.17,0.04,3.5,0.2,Basu+2021 [ bsa+21 ]
J1841-0345,1841-0345,1,56863.0,3879.0,2.0,2.7,0.1,New - Our Measurement
B1841-05,1844-0538,1,47452.0,1.0,0.1,0.9,0.3,Espinoza+2011 [ elsk11 ]
J1841-0524,1841-0524,1,53562.0,29.0,1.0,1.0,1.0,Espinoza+2011 [ elsk11 ]
J1841-0524,1841-0524,2,54012.9,25.0,2.0,2.0,1.0,"Espinoza+2011 [ elsk11 ], also in Yu+2012 [ ymh+12 ]"
J1841-0524,1841-0524,3,54503.0,1032.0,1.0,0.7,0.3,"Espinoza+2011 [ elsk11 ], also in Weltevrede+2010 [ wjm+10 ], Yu+2012 [ ymh+12 ]"
J1841-0524,1841-0524,4,55525.0,804.9,0.4,0.8,0.1,Basu+2021 [ bsa+21 ]; also in Lower+2021 [ ljd+21 ]
J1841-0524,1841-0524,5,56564.6,21.6,0.4,,,Basu+2021 [ bsa+21 ]; also in Lower+2021 [ ljd+21 ]
J1841-0524,1841-0524,6,57101.53,1011.6,0.5,1.01,0.09,New - Our measurement
J1841-0524,1841-0524,7,58738.6,130.4,0.7,0.6,0.2,New - Our measurement
J1841-0524,1841-0524,8,59111.6,128.0,1.0,0.1,0.2,New - Our measurement
1E_1841-045,1841-0456,1,52464.0,15170.0,82.0,96.0,1.0,Based on Table 8 in Dib+2008 [ dkg08 ]
1E_1841-045,1841-0456,2,52997.05,2450.0,47.0,-1.0,1.0,Based on Table 8 in Dib+2008 [ dkg08 ]
1E_1841-045,1841-0456,3,53823.97,1390.0,82.0,-7.0,3.0,Based on Table 8 in Dib+2008 [ dkg08 ]
B1841-04,1844-0433,1,49358.0,0.22,0.01,-0.03,0.02,Basu+2021 [ bsa+21 ]
J1841-0157,1841-0157,1,56923.6,33.3,0.4,,,Basu+2021 [ bsa+21 ]
J1842+0257,1842+0257,1,57112.0,12060.9,0.2,1.0,0.3,Basu+2021 [ bsa+21 ]
J1843-0509,1843-0509,1,59269.0,10.82,0.06,1.95,0.12,New - Our measurement
J1844-0310,1844-0310,1,54410.0,1.8,0.2,-0.5,0.2,New - Our measurement
J1844+00,1844+00,1,51435.0,0.3,0.1,1.0,2.0,Espinoza+2011 [ elsk11 ]
J1844+00,1844+00,2,51722.5,5.2,0.1,4.0,3.0,Espinoza+2011 [ elsk11 ]
J1844+00,1844+00,3,56784.0,249.55,0.03,4.1,0.7,Basu+2021 [ bsa+21 ]
J1845-0316,1845-0316,1,52128.0,30.0,1.0,-2.0,2.0,Espinoza+2011 [ elsk11 ]
J1845-0316,1845-0316,2,54170.0,72.0,1.0,3.0,2.0,Espinoza+2011 [ elsk11 ]
J1845-0316,1845-0316,3,58617.0,818.84,0.22,0.67,0.16,New - Our measurement
J1845-0743,1845-0743,1,57939.0,0.04,0.01,-0.11,0.09,Basu+2021 [ bsa+21 ]
J1846-0258,1846-0258,1,52210.0,2.5,0.2,0.93,0.01,Livingstone+2006 [ lkgk06 ]
J1846-0258,1846-0258,2,53883.0,6200.0,300.0,4.46,0.02,"Livingstone+2009 [ lkg09 ], also in Kuiper+2009 [ kh09 ]"
B1846-06,J1849-0636,1,60237.0,0.66,0.04,0.21,0.06,New - Our measurement
B1844-04,1847-0402,1,55502.0,0.52,0.04,0.04,0.03,Basu+2021 [ bsa+21 ]; also in Lower+2021 [ ljd+21 ]
B1844-04,1847-0402,2,56041.0,0.102,0.021,0.0,0.0,New - Our measurement (Shaw/Lyne)
B1844-04,1847-0402,3,58244.0,0.16,0.04,0.01,0.02,Lower+2021 [ ljd+21 ]
J1847-0130,1847-0130,1,53426.0,15.0,2.0,-3.0,2.0,Espinoza+2011 [ elsk11 ]
J1847-0130,1847-0130,2,54784.45,80.0,2.0,6.0,3.0,Espinoza+2011 [ elsk11 ]
J1847-0130,1847-0130,3,58857.79,567.0,5.0,1.2,2.0,New - Our measurement
J1849-0001,1849-0001,1,60428.0,1740.0,40.0,82.0,25.0,Kuiper+2024 [ khe+24 ]
J1849-0317,J1849-0317,1,58306.0,33.0,2.0,,,Basu+2021 [ bsa+21 ]
J1850-0026,1850-0026,1,56239.2,14.3,0.3,0.9,0.2,Basu+2021 [ bsa+21 ]
J1850-0026,1850-0026,2,56425.0,91.9,0.3,0.8,0.2,Basu+2021 [ bsa+21 ]
J1850-0026,1850-0026,3,57495.3,7.0,0.2,0.7,0.2,Basu+2021 [ bsa+21 ]
J1850-0026,1850-0026,4,57708.0,1196.7,0.2,0.8,0.2,Basu+2021 [ bsa+21 ]
J1851-0029,1851-0029,1,54493.0,0.9,0.2,-3.0,2.0,Espinoza+2011 [ elsk11 ]
J1853+0056,1853+0056,1,54970.0,5.4,0.1,0.4,0.1,Basu+2021 [ bsa+21 ]
B1853+01,1856+0113,1,54123.0,11569.0,1.0,22.0,0.2,Espinoza+2011 [ elsk11 ]
B1853+01,1856+0113,2,57325.0,3489.0,4.0,2.8,0.9,Basu+2021 [ bsa+21 ]
J1853+0545,1853+0545,1,53450.0,1.49,0.05,1.6,0.5,Yuan+2010 [ ywml10 ]
J1854-1557,1854-1557,1,58639.0,8.21,0.24,7.0,5.0,New - Our measurement
J1856+0245,1856+0245,1,56388.0,2672.5,0.7,8.4,0.3,Basu+2021 [ bsa+21 ]
B1859+01,1901+0156,1,51318.0,42.4,0.1,0.8,0.1,Espinoza+2011 [ elsk11 ]
B1859+01,1901+0156,2,58149.0,1053.02,0.06,2.1,0.4,Basu+2021 [ bsa+21 ]
B1859+07,1901+0716,1,46860.95,28.0,1.0,119.9,58.3,"Espinoza+2011 [ elsk11 ], also in Shemar+1996 [ sl96 ]"
B1900+06,1902+0615,1,48653.7,0.4,0.1,0.1,0.3,Espinoza+2011 [ elsk11 ]
B1900+06,1902+0615,2,49447.0,0.3,0.1,-0.1,0.4,Espinoza+2011 [ elsk11 ]
B1900+06,1902+0615,3,50316.0,0.3,0.1,0.5,0.3,Espinoza+2011 [ elsk11 ]
B1900+06,1902+0615,4,51136.0,0.4,0.1,-0.4,0.4,Espinoza+2011 [ elsk11 ]
B1900+06,1902+0615,5,54239.0,0.26,0.03,-0.7,0.4,"Espinoza+2011 [ elsk11 ] also, in Yuan+2010 [ ywml10 ]"
B1900+06,1902+0615,6,55436.0,0.19,0.03,,,Basu+2021 [ bsa+21 ]
B1900+06,1902+0615,7,58675.0,0.57,0.02,-0.53,0.05,New - Our measurement
J1904-1629,1904-1629,1,59553.0,4.26,0.09,2.1,0.7,New - Our measurement
B1907-03,1910-0309,1,48252.0,0.5,0.1,0.0,2.0,"Espinoza+2011 [ elsk11 ], also in Krawczyk+2003 [ klgj03 ]"
B1907-03,1910-0309,2,49228.2,2.5,0.1,2.0,1.0,"Espinoza+2011 [ elsk11 ], also in Krawczyk+2003 [ klgj03 ]"
B1907-03,1910-0309,3,53231.14,2.7,0.1,3.0,2.0,Espinoza+2011 [ elsk11 ]
B1907+00,1909+0007,1,49530.0,0.4,0.1,3.0,2.0,Espinoza+2011 [ elsk11 ]
B1907+00,1909+0007,2,51224.0,0.2,0.1,2.0,1.0,Espinoza+2011 [ elsk11 ]
B1907+00,1909+0007,3,53546.0,0.5,0.1,3.0,2.0,Espinoza+2011 [ elsk11 ]
B1907+03,1910+0358,1,52321.0,1.3,0.3,9.0,11.0,Espinoza+2011 [ elsk11 ]
J1907+0602,1907+0602,1,55422.0,4660.0,,,,Belfore+2011 [ 3rd Fermi symp. ]
J1907+0602,1907+0602,2,55866.0,1.49,0.32,-0.26,-0.01,Xing+2014 [ xw14 ]
J1907+0631,1907+0631,1,56987.0,2106.0,2.0,5.0,0.5,Basu+2021 [ bsa+21 ]
J1907+0631,1907+0631,2,57901.0,4986.0,5.0,4.7,0.7,Basu+2021 [ bsa+21 ]
J1909+0749,1909+0749,1,57491.0,2904.2,0.9,3.7,0.2,Basu+2021 [ bsa+21 ]
B1907+10,1909+1102,1,52700.0,0.3,0.1,1.0,1.0,Yuan+2010 [ ywml10 ]
J1909+0912,1909+0912,1,54977.0,4.4,0.3,0.09,0.08,Basu+2021 [ bsa+21 ]
J1909+0912,1909+0912,2,57552.0,7389.8,0.3,4.58,0.09,Basu+2021 [ bsa+21 ]
B1911+11,1914+1122,1,57693.0,0.26,0.01,0.36,0.09,New - Our measurement
J1913+0446,1913+0446,1,53500.0,6.5,0.2,1.4,0.2,Espinoza+2011 [ elsk11 ]
J1913+0446,1913+0446,2,55367.0,2.5,0.2,,,Basu+2021 [ bsa+21 ]
J1913+0446,1913+0446,3,56553.0,0.8,0.2,0.2,0.1,Basu+2021 [ bsa+21 ]
J1913+0832,1913+0832,1,54653.908,38.0,1.0,6.0,3.0,Espinoza+2011 [ elsk11 ]
J1913+0904,1913+0904,1,56132.8,3.2,0.2,,,Basu+2021 [ bsa+21 ]
J1913+1000,1913+1000,1,56600.0,491.0,1.0,,,Basu+2021 [ bsa+21 ]
B1913+10,1915+1009,1,54154.0,2.7,0.1,0.4,0.3,"Espinoza+2011 [ elsk11 ] also, in Yuan+2010 [ ywml10 ]"
J1913+1011,1913+1011,1,54431.0,0.2,0.2,0.1,0.4,Espinoza+2011 [ elsk11 ]
B1913+16,1915+1606,1,52770.0,0.037,0.001,,,Weisberg+2010 [ wnt10 ]
B1917+00,1919+0021,1,50176.6,1.9,0.2,10.0,4.0,"Espinoza+2011 [ elsk11 ], also in Krawczyk+2003 [ klgj03 ]"
J1921+0812,1921+0812,1,55367.0,3632.9,0.1,3.0,0.7,Basu+2021 [ bsa+21 ]
B1923+04,1926+0431,1,51495.0,0.08,0.02,-0.2,0.1,Espinoza+2011 [ elsk11 ]
B1930+22,1932+2220,1,45989.0,629.0,9.0,,,Espinoza+2011 [ elsk11 ]
B1930+22,1932+2220,2,46906.0,4427.0,7.0,,,Espinoza+2011 [ elsk11 ]
B1930+22,1932+2220,3,50253.0,4472.0,1.0,12.2,0.3,"Espinoza+2011 [ elsk11 ], also in Krawczyk+2003 [ klgj03 ]"
J1931+1817,1931+1817,1,58392.0,8.4,0.5,0.5,0.1,New - Our measurement
J1931+1817,1931+1817,2,59018.0,29.23,0.26,,,New - Our measurement
B1933+16,J1935+1616,1,60481.65,0.72,0.05,-4.0,5.0,New - Our measurement
B1935+25,1937+2544,1,52032.0,0.03,0.01,0.1,0.1,Espinoza+2011 [ elsk11 ]
J1935+2025,1935+2025,1,59178.0,93.0,6.0,,,Keith+2024 [ kjk+24 ]
J1935+2025,1935+2025,2,59591.0,2840.0,40.0,,,Keith+2024 [ kjk+24 ]
B1946-25,1949-2524,1,50056.0,0.09,0.01,0.05,0.02,New - Our measurement
J1948+2819,1948+2819,1,59322.0,0.54,0.13,0.01,0.05,New - Our measurement
B1951+32,1952+3252,1,51967.0,2.3,0.1,-0.2,0.1,Janssen+2006 [ js06 ]
B1951+32,1952+3252,2,52385.0,0.7,0.1,0.0,0.1,Janssen+2006 [ js06 ]
B1951+32,1952+3252,3,52912.0,1.3,0.1,0.3,0.1,Janssen+2006 [ js06 ]
B1951+32,1952+3252,4,53305.0,0.5,0.1,0.1,0.1,Janssen+2006 [ js06 ]
B1951+32,1952+3252,5,54103.44,5.2,0.2,0.0,0.4,Espinoza+2011 [ elsk11 ]
B1951+32,1952+3252,6,55328.0,1489.9,0.4,5.4,0.4,Basu+2021 [ bsa+21 ]
B1953+50,1955+5059,1,46964.0,0.04,0.01,-0.6,0.1,Espinoza+2011 [ elsk11 ]
B1953+50,1955+5059,2,49038.0,0.021,0.004,-0.1,0.1,Espinoza+2011 [ elsk11 ]
J1954+2529,1955+2529,1,58813.0,0.26,0.05,3.1,3.2,New - Our measurement
J1957+2831,1957+2831,1,52485.0,0.3,0.1,0.6,0.3,Espinoza+2011 [ elsk11 ]
J1957+2831,1957+2831,2,52912.0,0.13,0.03,0.3,0.2,Espinoza+2011 [ elsk11 ]
J1957+2831,1957+2831,3,54692.8,5.8,0.3,5.0,6.0,Espinoza+2011 [ elsk11 ]
J1957+2831,1957+2831,4,56897.3,2.25,0.06,1.3,0.5,Basu+2021 [ bsa+21 ]
J2004+3427,2004+3427,1,60337.0,4376.0,11.0,6.6,0.9,New - Our Measurement
J2005-0020,2005-0020,1,55976.0,12.5,0.6,,,Basu+2021 [ bsa+21 ]
J2021+3651,2021+3651,1,52630.1,2587.0,2.0,6.2,0.2,Hessels+2004 [ hrr+04 ]
J2021+3651,2021+3651,2,54177.0,745.0,6.0,5.5,0.1,Espinoza+2011 [ elsk11 ]
J2021+3651,2021+3651,3,55110.0,2228.8,0.9,8.5,0.7,Basu+2021 [ bsa+21 ]
J2021+3651,2021+3651,4,57200.0,3069.0,2.0,10.2,0.9,Basu+2021 [ bsa+21 ]
J2021+3651,2021+3651,5,58668.0,1186.5,0.8,4.63,0.06,New - Our measurement
J2021+3651,2021+3651,6,60289.0,2523.6,0.5,6.2,0.4,New - Our measurement
B2020+28,2022+2854,1,47409.0,0.13,0.02,0.5,0.1,New - Our measurement
B2021+51,2022+5154,1,58311.0,0.33,0.04,-0.83,0.15,New - Our measurement
J2022+3842,2022+3842,1,54680.0,1900.0,,,,Arzoumanian+2011 [ agr+11 ]
B2027+37,2029+3744,1,56993.6,6.2,0.2,,,Basu+2021 [ bsa+21 ]
J2032+4127,2032+4127,1,55820.0,273.3,0.1,1.06,0.04,Basu+2021 [ bsa+21 ]
J2032+4127,2032+4127,2,59496.0,36.15,0.04,1.21,0.11,New - Our measurement
J2111+4606,2111+4606,1,55700.0,1091.5,1.4,3.65,0.13,G&#252;gercino&#287;lu+22 [ ggyz22 ]
J2111+4606,2111+4606,2,57562.0,3258.0,1.0,7.1,1.7,G&#252;gercino&#287;lu+22 [ ggyz22 ]
B2113+14,2116+1414,1,47989.0,0.26,0.04,8.0,3.0,Espinoza+2011 [ elsk11 ]
B2113+14,2116+1414,2,58627.0,0.4,0.023,1.9,0.5,New - Our measurement
B2217+47,2219+4754,1,55857.4,1.16,0.02,0.4,0.3,Basu+2021 [ bsa+21 ]
B2224+65,2225+6535,1,43072.0,1707.0,1.0,3.0,5.0,Backus+1982 [ btd82 ]
B2224+65,2225+6535,2,51900.0,0.14,0.03,-2.9,0.2,Janssen+2006 [ js06 ]
B2224+65,2225+6535,3,52950.0,0.08,0.04,-1.4,0.2,Janssen+2006 [ js06 ]
B2224+65,2225+6535,4,53434.0,0.2,0.1,,,Janssen+2006 [ js06 ]
B2224+65,2225+6535,5,54266.0,0.4,0.1,-0.8,0.4,Yuan+2010 [ ywml10 ]
B2224+65,2225+6535,6,60280.0,3764.18,0.07,7.85,0.17,New - Our measurement
J2229+6114,2229+6114,1,53064.0,1139.3,0.3,12.5,0.1,Espinoza+2011 [ elsk11 ]
J2229+6114,2229+6114,2,54110.0,327.0,4.0,-3.0,6.0,Espinoza+2011 [ elsk11 ]
J2229+6114,2229+6114,3,54781.54,4.5,0.2,0.1,0.1,Espinoza+2011 [ elsk11 ]; also in G&#252;gercino&#287;lu+22 [ ggyz22 ]
J2229+6114,2229+6114,4,55134.0,198.4,0.6,6.3,0.4,Basu+2021 [ bsa+21 ]; also in G&#252;gercino&#287;lu+22 [ ggyz22 ]
J2229+6114,2229+6114,5,55601.0,1223.6,0.6,13.0,0.5,Basu+2021 [ bsa+21 ]; also in G&#252;gercino&#287;lu+22 [ ggyz22 ]
J2229+6114,2229+6114,6,56362.0,66.0,0.0,3.2,0.5,Basu+2021 [ bsa+21 ]; also in G&#252;gercino&#287;lu+22 [ ggyz22 ]
J2229+6114,2229+6114,7,56797.0,850.0,1.0,11.3,0.1,G&#252;gercino&#287;lu+22 [ ggyz22 ]
J2229+6114,2229+6114,8,58424.0,1047.1,0.9,12.4,0.6,Basu+2021 [ bsa+21 ]; also in G&#252;gercino&#287;lu+22 [ ggyz22 ]
J2229+6114,2229+6114,9,59262.0,283.9,1.1,6.5,0.6,New - Our measurement ; also in G&#252;gercino&#287;lu+22 [ ggyz22 ]
B2255+58,2257+5909,1,49488.2,0.75,0.04,1.0,0.3,"Espinoza et al. (2011) [ elsk11 ], also in Krawczyk et al. (2003) [ klgj03 ]"
1E_2259+586,2301+5852,1,52443.9,4104.0,28.0,1111.0,71.0,Kaspi+2003 [ kgw+03 ]
1E_2259+586,2301+5852,2,53750.0,30.8,3.5,,,Icdem+2012 [ ibi12 ]
1E_2259+586,2301+5852,3,54040.0,11167.0,,,,Icdem+2012 [ ibi12 ]
1E_2259+586,2301+5852,4,54184.9032,880.0,3.0,,,"Dib+2014 [ dk14 ], also in Icdem+2012 [ ibi12 ]"
1E_2259+586,2301+5852,5,54880.0,-14.0,1.0,-29.3,22.2,Icdem+2012 [ ibi12 ]
B2323+63,2325+6316,1,53957.0,0.21,0.02,-0.32,0.04,Basu+2021 [ bsa+21 ]
B2334+61,2337+6151,1,53642.0,20470.0,1.0,23.8,0.4,"Espinoza+2011 [ elsk11 ], also in Yuan+2010 [ ymw+10 ]"
J2346-0609,2346-0609,1,57495.0,0.55,0.01,2.4,0.4,Basu+2021 [ bsa+21 ]
M82-X2,0955+6940,1,56685.8,20000.0,,,,Bachetti+2019 [ bmb+19 ]
