name,mjd_start,mjd_end,exposure_s
PSR_J0537-6910,57924.5571990741,57924.9480555556,0.0
PSR_J0537-6910,57925.2595138889,57925.2700810185,0.0
PSR_J0537-6910,57926.4195486111,57926.4318402778,0.0
PSR_J0537-6910,57932.9137615741,57932.9185300926,120.0
PSR_J0537-6910,57948.137025463,57948.8500115741,203.0
PSR_J0537-6910,57952.6497685185,57952.9821759259,1907.0
PSR_J0537-6910,57953.0326388889,57953.9365277778,8278.0
PSR_J0537-6910,57954.0604166667,57954.8994560185,569.754316911101
PSR_J0537-6910,57955.0377314815,57955.9421527778,5064.75269572437
PSR_J0537-6910,57955.9988425926,57956.9757638889,3613.27489072084
PSR_J0537-6910,57957.0833333333,57957.6027546296,991.0
PSR_J0537-6910,57958.0641435185,57958.897337963,555.0
PSR_J0537-6910,57959.0729166667,57959.9296296296,2510.0
PSR_J0537-6910,57960.4218055556,57960.8793634259,1337.50382335484
PSR_J0537-6910,57961.5357986111,57961.5427893518,26.0
PSR_J0537-6910,57962.5617824074,57962.6360532407,254.0
PSR_J0537-6910,57963.0189814815,57963.3974421296,1865.0
PSR_J0537-6910,57974.5275347222,57974.5349537037,6.0
PSR_J0537-6910,57981.193900463,57981.7787615741,956.0
PSR_J0537-6910,57982.0972453704,57982.9393055556,833.0
PSR_J0537-6910,57983.0605902778,57983.9722800926,2002.32981422544
PSR_J0537-6910,57984.0949074074,57984.9435185185,3862.46334215999
PSR_J0537-6910,57985.0673842593,57985.9766203704,4113.4632050395
PSR_J0537-6910,57986.0344907407,57986.9391898148,2137.0
PSR_J0537-6910,57987.0009259259,57987.6507986111,1186.0
PSR_J0537-6910,57988.4226851852,57988.424837963,0.0
PSR_J0537-6910,57989.9588078704,57989.9684722222,626.0
PSR_J0537-6910,57990.0200578704,57990.4824305556,1499.0
PSR_J0537-6910,57996.0553240741,57996.6461689815,1244.0
PSR_J0537-6910,58003.0807407407,58003.0828703704,0.0
PSR_J0537-6910,58007.5525810185,58007.8143287037,14.0
PSR_J0537-6910,58008.1951967593,58008.9869212963,1257.93920639157
PSR_J0537-6910,58009.1135763889,58009.998900463,1770.0
PSR_J0537-6910,58010.0591666667,58010.5134837963,0.0
PSR_J0537-6910,58031.4282407407,58031.8060185185,3670.0579187423
PSR_J0537-6910,58036.4481481481,58036.7759259259,1808.0
PSR_J0537-6910,58042.798125,58042.801412037,78.0
PSR_J0537-6910,58043.5711689815,58043.5757291667,232.0
PSR_J0537-6910,58046.4819444444,58046.4868287037,0.0
PSR_J0537-6910,58047.5130555556,58047.5156944444,71.0
PSR_J0537-6910,58048.2206944444,58048.8663773148,1900.0
PSR_J0537-6910,58049.0469907407,58049.7022569444,1848.0
PSR_J0537-6910,58051.4831828704,58051.6172800926,735.712248578668
PSR_J0537-6910,58054.1178240741,58054.1315162037,336.0
PSR_J0537-6910,58055.0178240741,58055.9344212963,2349.0
PSR_J0537-6910,58056.1847222222,58056.8990509259,3148.0
PSR_J0537-6910,58057.4710069444,58057.8002314815,1543.0
PSR_J0537-6910,58058.3641203704,58058.3740046296,569.0
PSR_J0537-6910,58059.2636921296,58059.915150463,561.0
PSR_J0537-6910,58060.2981481481,58060.4928703704,221.0
PSR_J0537-6910,58061.1431597222,58061.1442476852,0.0
PSR_J0537-6910,58072.3127430556,58072.8943518518,314.0
PSR_J0537-6910,58073.0800925926,58073.0947453704,932.760382756591
PSR_J0537-6910,58074.3087962963,58074.4397337963,300.0
PSR_J0537-6910,58076.3572453704,58076.9522800926,1800.0
PSR_J0537-6910,58077.1301273148,58077.5812037037,1050.0
PSR_J0537-6910,58081.3803240741,58081.3824189815,0.0
PSR_J0537-6910,58082.7310185185,58082.9915162037,748.0
PSR_J0537-6910,58083.3743055556,58083.9641435185,2291.0
PSR_J0537-6910,58084.0175925926,58084.475150463,1284.0
PSR_J0537-6910,58085.6979166667,58085.7027199074,46.0
PSR_J0537-6910,58101.1940740741,58101.2007523148,355.0
PSR_J0537-6910,58102.0814814815,58102.2122800926,296.0
PSR_J0537-6910,58105.4350694444,58105.4397106481,76.0
PSR_J0537-6910,58106.0018518519,58106.9914351852,766.0
PSR_J0537-6910,58107.1103009259,58107.9388888889,2637.0
PSR_J0537-6910,58108.0613425926,58108.8567013889,1856.0
PSR_J0537-6910,58109.1731134259,58109.9266782407,1649.0
PSR_J0537-6910,58112.5016203704,58112.8865972222,74.0
PSR_J0537-6910,58115.2159722222,58115.2261574074,127.0
PSR_J0537-6910,58116.2469907407,58116.6414351852,0.0
PSR_J0537-6910,58131.4021643518,58131.4049189815,0.0
PSR_J0537-6910,58135.9025462963,58135.9090625,264.0
PSR_J0537-6910,58136.9314467593,58136.9384606481,313.0
PSR_J0537-6910,58137.1253240741,58137.9664236111,2568.0
PSR_J0537-6910,58138.0251967593,58138.9955787037,2529.0
PSR_J0537-6910,58139.0561805556,58139.9703703704,3520.0
PSR_J0537-6910,58140.0183449074,58140.9895601852,5633.75564698875
PSR_J0537-6910,58140.9979166667,58141.9543634259,3192.0
PSR_J0537-6910,58142.012037037,58142.981087963,2917.0
PSR_J0537-6910,58143.0415625,58143.7012152778,2.0
PSR_J0537-6910,58144.6634259259,58144.7314814815,0.0
PSR_J0537-6910,58145.6925925926,58145.6953703704,0.0
PSR_J0537-6910,58159.8835648148,58159.9504861111,154.0
PSR_J0537-6910,58160.0122685185,58160.7877314815,976.0
PSR_J0537-6910,58161.1712962963,58161.2393518519,206.0
PSR_J0537-6910,58162.9716435185,58162.9805902778,176.0
PSR_J0537-6910,58163.1003472222,58163.9476157407,6989.0
PSR_J0537-6910,58164.0071412037,58164.9848842593,5643.0
PSR_J0537-6910,58165.1630787037,58165.500462963,2446.0
PSR_J0537-6910,58167.0886574074,58167.9874652778,0.0
PSR_J0537-6910,58168.1123842593,58168.9614699074,1351.75882351398
PSR_J0537-6910,58169.0767361111,58169.9921296296,3098.75172260404
PSR_J0537-6910,58170.0449074074,58170.9512615741,6591.0
PSR_J0537-6910,58171.0087847222,58171.9910416667,3467.46985694766
PSR_J0537-6910,58172.050625,58172.9444444444,462.0
PSR_J0537-6910,58173.0010300926,58173.0729166667,586.0
PSR_J0537-6910,58174.8819444444,58174.8888888889,430.0
PSR_J0537-6910,58175.0104166667,58175.856875,504.0
PSR_J0537-6910,58176.1750115741,58176.2435185185,0.0
PSR_J0537-6910,58195.5730208333,58195.7824074074,1649.0
PSR_J0537-6910,58197.5670601852,58197.9782407407,2606.0
PSR_J0537-6910,58198.0960416667,58198.9458333333,3481.0
PSR_J0537-6910,58199.1213078704,58199.1259259259,299.0
PSR_J0537-6910,58201.4405092593,58201.9494907407,4052.0
PSR_J0537-6910,58202.0030555556,58202.9823726852,9126.82011458278
PSR_J0537-6910,58203.0322800926,58203.9617824074,7576.0
PSR_J0537-6910,58204.7859953704,58204.9890740741,1222.0
PSR_J0537-6910,58205.0328587963,58205.9409722222,7055.0
PSR_J0537-6910,58205.9990625,58206.9837962963,4266.0
PSR_J0537-6910,58207.0293865741,58207.7520601852,2754.0
PSR_J0537-6910,58208.0592361111,58208.9122685185,4368.0
PSR_J0537-6910,58209.0241435185,58209.9407407407,5411.0
PSR_J0537-6910,58210.1211226852,58210.8405092593,1922.0
PSR_J0537-6910,58212.4814351852,58212.4905092593,420.0
PSR_J0537-6910,58219.104212963,58219.2452314815,161.0
PSR_J0537-6910,58229.9048611111,58229.9151851852,0.0
PSR_J0537-6910,58230.9344907407,58230.9459490741,0.0
PSR_J0537-6910,58231.4574074074,58231.9103587963,211.0
PSR_J0537-6910,58232.2215277778,58232.7522569444,8243.0
PSR_J0537-6910,58233.1858796296,58233.1999305556,733.0
PSR_J0537-6910,58234.0858796296,58234.7358217593,917.0
PSR_J0537-6910,58236.4781712963,58236.9393518519,4030.0
PSR_J0537-6910,58236.995787037,58237.0037037037,0.0
PSR_J0537-6910,58247.7789467593,58247.9761574074,697.0
PSR_J0537-6910,58248.0361226852,58248.9400462963,466.0
PSR_J0537-6910,58249.0004513889,58249.8418981481,1066.0
PSR_J0537-6910,58250.8914351852,58250.9596875,109.0
PSR_J0537-6910,58258.4115740741,58258.9997685185,2418.0
PSR_J0537-6910,58259.0502314815,58259.0641203704,739.0
PSR_J0537-6910,58261.1157407407,58261.7657407407,2013.0
PSR_J0537-6910,58262.0108449074,58262.7305555556,2237.0
PSR_J0537-6910,58263.1738425926,58263.2451388889,385.0
PSR_J0537-6910,58267.8599537037,58267.9400347222,1566.0
PSR_J0537-6910,58267.9876388889,58268.9689814815,10347.2667740881
PSR_J0537-6910,58269.0178240741,58269.9983796296,3388.75649502873
PSR_J0537-6910,58270.2446759259,58270.962962963,1967.43691676855
PSR_J0537-6910,58271.0220833333,58271.9918981481,298.0
PSR_J0537-6910,58272.049375,58272.8921296296,178.0
PSR_J0537-6910,58273.0187268518,58273.0208333333,0.0
PSR_J0537-6910,58277.4445833333,58277.5861111111,565.0
PSR_J0537-6910,58282.5085416667,58282.5844907407,1802.0
PSR_J0537-6910,58283.3446875,58283.8023148148,3246.0
PSR_J0537-6910,58284.0527314815,58284.1851388889,932.0
PSR_J0537-6910,58292.7925925926,58292.9988425926,697.12819519639
PSR_J0537-6910,58293.0502314815,58293.4484837963,4495.0
PSR_J0537-6910,58295.9587962963,58295.9643518518,415.0
PSR_J0537-6910,58296.0140046296,58296.737037037,2482.56378236413
PSR_J0537-6910,58299.6835648148,58299.8851851852,1153.0
PSR_J0537-6910,58300.0049421296,58300.9830902778,1507.0
PSR_J0537-6910,58301.3409027778,58301.4155092593,1131.0
PSR_J0537-6910,58308.0934259259,58308.8867824074,6090.82889023423
PSR_J0537-6910,58309.1902777778,58309.9798726852,6439.24985301495
PSR_J0537-6910,58310.0229861111,58310.7383796296,2096.0
PSR_J0537-6910,58311.4356597222,58311.9612962963,1786.58996468782
PSR_J0537-6910,58312.0807407407,58312.7398148148,3329.04461911321
PSR_J0537-6910,58313.0460532407,58313.7638541667,4759.0
PSR_J0537-6910,58314.1371064815,58314.6127314815,2616.0
PSR_J0537-6910,58315.0400347222,58315.7585069444,3057.0
PSR_J0537-6910,58316.0026851852,58316.9811921296,4277.0
PSR_J0537-6910,58317.0315972222,58317.8138425926,4343.0
PSR_J0537-6910,58318.0016087963,58318.0082175926,523.0
PSR_J0537-6910,58319.0898148148,58319.9395833333,3575.0
PSR_J0537-6910,58319.9900462963,58320.5165740741,4517.09079995751
PSR_J0537-6910,58321.7273263889,58321.7405092593,515.0
PSR_J0537-6910,58322.3067708333,58322.7666319444,30.0
PSR_J0537-6910,58323.5289351852,58323.5979166667,30.4231193363667
PSR_J0537-6910,58325.607037037,58325.8747685185,903.0
PSR_J0537-6910,58331.4497569444,58331.6653009259,1643.0
PSR_J0537-6910,58333.6326157407,58333.7069444444,1731.0
PSR_J0537-6910,58337.6159490741,58337.9486111111,3541.0
PSR_J0537-6910,58338.0028587963,58338.3993055556,1060.0
PSR_J0537-6910,58341.8643518519,58341.9967013889,194.0
PSR_J0537-6910,58342.3791666667,58342.7055787037,1317.0
PSR_J0537-6910,58347.3395833333,58347.9981481481,3352.0
PSR_J0537-6910,58348.75625,58348.9645833333,3184.0
PSR_J0537-6910,58351.2703703704,58351.3472222222,583.0
PSR_J0537-6910,58356.0801273148,58356.8679282407,4363.0
PSR_J0537-6910,58359.7510416667,58359.8263888889,1490.0
PSR_J0537-6910,58360.0087615741,58360.0837962963,455.0
PSR_J0537-6910,58362.0145833333,58362.9830787037,2212.0
PSR_J0537-6910,58363.044212963,58363.0474305556,69.0
PSR_J0537-6910,58365.7442361111,58365.8145717593,0.0
PSR_J0537-6910,58366.5569212963,58366.5599537037,0.0
PSR_J0537-6910,58368.9964236111,58369.2665625,795.0
PSR_J0537-6910,58374.412037037,58374.6787037037,1500.0
PSR_J0537-6910,58375.3185185185,58375.9498726852,764.0
PSR_J0537-6910,58376.3268171296,58376.4185185185,2106.0
PSR_J0537-6910,58377.5050925926,58377.9643518518,1060.0
PSR_J0537-6910,58378.3851388889,58378.7361111111,2996.0
PSR_J0537-6910,58379.0900462963,58379.8804861111,2957.0
PSR_J0537-6910,58380.0576388889,58380.2155092593,5966.0
PSR_J0537-6910,58381.3458333333,58381.9399305556,2987.89206635952
PSR_J0537-6910,58381.9914351852,58382.9708101852,8732.0
PSR_J0537-6910,58383.0232060185,58383.9993634259,7675.71632254124
PSR_J0537-6910,58384.0560185185,58384.586724537,3773.0
PSR_J0537-6910,58386.9569444444,58386.9701388889,549.0
PSR_J0537-6910,58387.0212962963,58387.8064814815,1764.0
PSR_J0537-6910,58395.3050925926,58395.380787037,1337.58045679331
PSR_J0537-6910,58402.2081018519,58402.9900462963,3809.0
PSR_J0537-6910,58403.0407407407,58403.9550810185,9165.0
PSR_J0537-6910,58405.862037037,58405.9965277778,1070.0
PSR_J0537-6910,58406.0473148148,58406.9613194444,1881.20263493061
PSR_J0537-6910,58407.0847222222,58407.604837963,1373.0
PSR_J0537-6910,58408.7671643519,58408.8398032407,1301.0
PSR_J0537-6910,58409.0240740741,58409.9358333333,4754.0
PSR_J0537-6910,58409.9890856482,58410.7735300926,7814.0
PSR_J0537-6910,58412.6918981482,58412.7668518519,1681.0
PSR_J0537-6910,58413.0131944444,58413.9905092593,5595.0
PSR_J0537-6910,58414.0461458333,58414.119212963,1061.0
PSR_J0537-6910,58415.1238425926,58415.7108796296,1873.0
PSR_J0537-6910,58416.276412037,58416.4143518519,936.0
PSR_J0537-6910,58417.0484143519,58417.2524305556,2733.0
PSR_J0537-6910,58419.5689814815,58419.8393518518,5344.0
PSR_J0537-6910,58421.3001388889,58421.3840277778,2685.0
PSR_J0537-6910,58422.2018171296,58422.8638888889,4824.0
PSR_J0537-6910,58425.7502314815,58425.7594907407,460.0
PSR_J0537-6910,58426.0710648148,58426.4030092593,4431.0
PSR_J0537-6910,58429.5914930556,58429.6643518519,298.0
PSR_J0537-6910,58431.3251388889,58431.724537037,1723.0
PSR_J0537-6910,58433.4534722222,58433.7854166667,1192.0
PSR_J0537-6910,58434.0255439815,58434.6872685185,3937.0
PSR_J0537-6910,58435.1183912037,58435.9714814815,2555.0
PSR_J0537-6910,58436.0181944444,58436.9840277778,2660.0
PSR_J0537-6910,58437.3014814815,58437.6291319444,20.0
PSR_J0537-6910,58440.3863888889,58440.7192708333,1418.0
PSR_J0537-6910,58442.2505787037,58442.2691550926,784.0
PSR_J0537-6910,58443.1503935185,58443.8744675926,3220.0
PSR_J0537-6910,58447.9205439815,58447.9893518519,26.0
PSR_J0537-6910,58448.0492476852,58448.1180555556,14.0
PSR_J0537-6910,58449.0796296296,58449.0877546296,106.0
PSR_J0537-6910,58451.0808796296,58451.6671180556,87.0
PSR_J0537-6910,58455.2638888889,58455.5902662037,337.0
PSR_J0537-6910,58458.5816319444,58458.8493055556,2937.0
PSR_J0537-6910,58460.4092476852,58460.4143402778,0.0
PSR_J0537-6910,58465.7877430556,58465.9944444444,2395.0
PSR_J0537-6910,58466.0455902778,58466.8305555556,4061.45586767793
PSR_J0537-6910,58467.0763541667,58467.2148842593,1531.0
PSR_J0537-6910,58470.9506597222,58470.9634259259,903.0
PSR_J0537-6910,58471.0150115741,58471.45625,4949.0
PSR_J0537-6910,58473.7638425926,58473.8418981481,740.0
PSR_J0537-6910,58474.8608796296,58475.0,333.0
PSR_J0537-6910,58476.4794675926,58476.9474537037,6450.0
PSR_J0537-6910,58476.9938888889,58477.0761574074,1028.0
PSR_J0537-6910,58480.3246064815,58480.7906828704,5366.30783179402
PSR_J0537-6910,58481.2268518519,58481.3016666667,703.0
PSR_J0537-6910,58482.0821064815,58482.6087962963,3240.0
PSR_J0537-6910,58483.0459606481,58483.5736111111,2895.0
PSR_J0537-6910,58495.574525463,58495.9720486111,1506.0
PSR_J0537-6910,58496.3537037037,58496.7442708333,699.0
PSR_J0537-6910,58496.9902662037,58497.2590856481,1670.0
PSR_J0537-6910,58499.9460648148,58499.9523032407,282.0
PSR_J0537-6910,58500.0104166667,58500.9816898148,2250.0
PSR_J0537-6910,58501.0400462963,58501.9467361111,2297.0
PSR_J0537-6910,58502.5847222222,58502.8478935185,1139.0
PSR_J0537-6910,58503.0988078704,58503.9421064815,666.0
PSR_J0537-6910,58504.0645486111,58504.7143171296,423.0
PSR_J0537-6910,58505.0949074074,58505.8085300926,912.0
PSR_J0537-6910,58507.2847222222,58507.7523148148,1603.0
PSR_J0537-6910,58510.2493055556,58510.3888888889,131.0
PSR_J0537-6910,58511.5430555556,58511.5458217593,0.0
PSR_J0537-6910,58512.1206018518,58512.6374189815,4.0
PSR_J0537-6910,58517.5594907407,58517.8952662037,2573.0
PSR_J0537-6910,58518.0124421296,58518.9272106482,2145.0
PSR_J0537-6910,58520.8550925926,58520.9864236111,2212.0
PSR_J0537-6910,58521.0388888889,58521.0516435185,57.0
PSR_J0537-6910,58522.2731481481,58522.5349305556,500.0
PSR_J0537-6910,58525.5631944444,58525.6992939815,567.0
PSR_J0537-6910,58526.2655092593,58526.9856712963,2698.0
PSR_J0537-6910,58527.0337962963,58527.8233796296,1255.0
PSR_J0537-6910,58530.1733796296,58530.9003819444,5868.42660269141
PSR_J0537-6910,58531.0124537037,58531.0938541667,1082.0
PSR_J0537-6910,58533.5216782407,58533.8520601852,3189.0
PSR_J0537-6910,58537.9796296296,58537.9877777778,10.0
PSR_J0537-6910,58538.0443402778,58538.9585648148,4608.0
PSR_J0537-6910,58539.0138888889,58539.0229166667,181.0
PSR_J0537-6910,58544.3598032407,58544.4944444444,700.0
PSR_J0537-6910,58545.3640740741,58545.50625,3132.0
PSR_J0537-6910,58552.7042939815,58552.9717592593,2187.0
PSR_J0537-6910,58554.2488773148,58554.712962963,3751.0
PSR_J0537-6910,58558.0608796296,58558.3235416667,1405.0
PSR_J0537-6910,58558.5623611111,58558.9101851852,5931.0
PSR_J0537-6910,58560.5719907407,58560.9667013889,1342.0
PSR_J0537-6910,58561.0909722222,58561.2250462963,2040.0
PSR_J0537-6910,58571.1159722222,58571.5273148148,7870.0
PSR_J0537-6910,58585.5968171296,58585.9976851852,7096.0
PSR_J0537-6910,58586.0479398148,58586.3851851852,3264.0
PSR_J0537-6910,58600.6074074074,58600.8738425926,1213.0
PSR_J0537-6910,58600.9895717593,58601.9039351852,2791.0
PSR_J0537-6910,58602.4103356482,58602.5476851852,1194.0
PSR_J0537-6910,58609.339849537,58609.5476851852,2394.0
PSR_J0537-6910,58615.6504976852,58615.9851851852,4608.0
PSR_J0537-6910,58616.0366087963,58616.3715277778,4985.0
PSR_J0537-6910,58624.4699074074,58624.9374884259,5876.0
PSR_J0537-6910,58628.9875347222,58629.5886574074,10826.0
PSR_J0537-6910,58645.0189814815,58645.9386574074,9662.0
PSR_J0537-6910,58645.9885416667,58646.0030092593,706.0
PSR_J0537-6910,58649.0862962963,58649.2191319444,0.0
PSR_J0537-6910,58659.1355902778,58659.9863425926,5341.0
PSR_J0537-6910,58660.0365856482,58660.0506944444,207.0
PSR_J0537-6910,58672.0061574074,58672.9226851852,9834.0
PSR_J0537-6910,58678.2043981481,58678.9945717593,2978.0
PSR_J0537-6910,58682.5148148148,58682.9928240741,7703.0
PSR_J0537-6910,58683.2857060185,58683.4439814815,4276.0
PSR_J0537-6910,58686.0115740741,58686.0219791667,797.0
PSR_J0537-6910,58687.605787037,58687.7425810185,0.0
PSR_J0537-6910,58701.2005324074,58701.7430555556,3426.0
PSR_J0537-6910,58702.0409722222,58702.9523148148,4262.0
PSR_J0537-6910,58703.0698958333,58703.1451388889,0.0
PSR_J0537-6910,58704.6835648148,58704.6902199074,275.0
PSR_J0537-6910,58705.7157407407,58705.7843402778,232.0
PSR_J0537-6910,58714.3615740741,58714.9578703704,7857.0
PSR_J0537-6910,58715.0118055556,58715.4733796296,3472.0
PSR_J0537-6910,58718.2347222222,58718.237662037,0.0
PSR_J0537-6910,58720.0196759259,58720.9341319444,2816.0
PSR_J0537-6910,58721.1152777778,58721.774224537,1194.0
PSR_J0537-6910,58730.1986805556,58730.5284722222,0.0
PSR_J0537-6910,58733.0992361111,58733.8854166667,8543.0
PSR_J0537-6910,58740.8968171296,58740.9111342593,1167.0
PSR_J0537-6910,58741.4833333333,58741.4916782407,0.0
PSR_J0537-6910,58742.0601851852,58742.5236226852,2901.0
PSR_J0537-6910,58744.0574074074,58744.9745486111,1642.0
PSR_J0537-6910,58745.2856481482,58745.825462963,4926.0
PSR_J0537-6910,58746.2541666667,58746.4548032407,594.0
PSR_J0537-6910,58747.0293981481,58747.8117824074,1022.0
PSR_J0537-6910,58748.0653125,58748.7800694444,446.0
PSR_J0537-6910,58749.2928240741,58749.8197685185,305.0
PSR_J0537-6910,58751.4319444444,58751.8215046296,272.0
PSR_J0537-6910,58759.2884490741,58759.3032407407,1084.0
PSR_J0537-6910,58762.4333333333,58762.8972222222,4813.0
PSR_J0537-6910,58763.2076388889,58763.6719907407,5498.0
PSR_J0537-6910,58775.9106481482,58775.9898148148,610.0
PSR_J0537-6910,58777.7800578704,58777.9287037037,2338.0
PSR_J0537-6910,58778.0377662037,58778.3045949074,3292.91158381104
PSR_J0537-6910,58780.1719907407,58780.7043518519,4842.0
PSR_J0537-6910,58781.4046296296,58781.4150462963,604.0
PSR_J0537-6910,58785.3368055556,58785.9951388889,10356.0
PSR_J0537-6910,58790.1844675926,58790.1872685185,167.0
PSR_J0537-6910,58798.2113425926,58798.4837962963,1578.0
PSR_J0537-6910,58799.0512615741,58799.6389699074,2146.0
PSR_J0537-6910,58800.5962615741,58800.8651157407,2220.0
PSR_J0537-6910,58801.9504282407,58801.960150463,591.0
PSR_J0537-6910,58802.079375,58802.2837847222,2490.0
PSR_J0537-6910,58804.5325462963,58804.9283217593,2313.0
PSR_J0537-6910,58805.3043981481,58805.7023958333,722.0
PSR_J0537-6910,58808.5923611111,58808.7996990741,827.0
PSR_J0537-6910,58809.3728009259,58809.3756944444,0.0
PSR_J0537-6910,58810.0182175926,58810.7434606481,4054.0
PSR_J0537-6910,58816.4717592593,58816.4796412037,0.0
PSR_J0537-6910,58822.3180555556,58822.9761574074,10000.0
PSR_J0537-6910,58823.0269907407,58823.1053240741,775.0
PSR_J0537-6910,58828.0092824074,58828.2750231481,1211.0
PSR_J0537-6910,58834.524375,58834.5385532407,1050.0
PSR_J0537-6910,58834.594212963,58834.8445717593,2875.0
PSR_J0537-6910,58835.0238425926,58835.4252314815,6091.0
PSR_J0537-6910,58844.8479166667,58844.9852314815,1062.0
PSR_J0537-6910,58845.1041666667,58845.9507291667,3934.0
PSR_J0537-6910,58846.0710648148,58846.9875,7725.0
PSR_J0537-6910,58847.1712962963,58847.9430555556,2628.0
PSR_J0537-6910,58847.9874305556,58848.0076388889,905.0
PSR_J0537-6910,58854.1166666667,58854.1211342593,0.0
PSR_J0537-6910,58855.082974537,58855.6078472222,0.0
PSR_J0537-6910,58858.8894097222,58858.9689814815,1454.0
PSR_J0537-6910,58859.0183564815,58859.66875,4646.0
PSR_J0537-6910,58862.9030555556,58862.911087963,84.0
PSR_J0537-6910,58863.3553240741,58863.7504398148,1897.0
PSR_J0537-6910,58864.1784722222,58864.1936921296,888.0
PSR_J0537-6910,58869.988287037,58870.6488425926,6146.0
PSR_J0537-6910,58872.3112962963,58872.9696064815,2304.0
PSR_J0537-6910,58873.0192476852,58873.2918402778,642.0
PSR_J0537-6910,58874.1865856481,58874.9684722222,0.0
PSR_J0537-6910,58875.0271180556,58875.9358680556,0.0
PSR_J0537-6910,58875.9895833333,58876.3872685185,0.0
PSR_J0537-6910,58883.5171759259,58883.6631944444,3601.0
PSR_J0537-6910,58885.4668981481,58885.9898148148,4641.0
PSR_J0537-6910,58886.0373726852,58886.1150462963,413.0
PSR_J0537-6910,58888.3115740741,58888.3141666667,0.0
PSR_J0537-6910,58890.1865740741,58890.7074074074,486.0
PSR_J0537-6910,58891.1467592593,58891.2888888889,62.0
PSR_J0537-6910,58897.794212963,58897.9784490741,3186.0
PSR_J0537-6910,58898.0390856481,58898.9046296296,7261.0
PSR_J0537-6910,58899.7976851852,58899.9310648148,680.0
PSR_J0537-6910,58900.1802083333,58900.9639699074,2258.0
PSR_J0537-6910,58901.0810185185,58901.9334490741,3863.0
PSR_J0537-6910,58902.2481018519,58902.324537037,437.0
PSR_J0537-6910,58916.1663078704,58916.9513888889,4999.0
PSR_J0537-6910,58917.0051851852,58917.9861111111,8752.0
PSR_J0537-6910,58918.0375925926,58918.3740740741,4579.0
PSR_J0537-6910,58919.2071759259,58919.2142476852,375.0
PSR_J0537-6910,58920.1780092593,58920.4409606481,1780.0
PSR_J0537-6910,58922.5666666667,58922.5713425926,311.0
PSR_J0537-6910,58925.3416666667,58925.4844907407,2325.0
PSR_J0537-6910,58926.3761574074,58926.4534722222,1313.0
PSR_J0537-6910,58929.0041666667,58929.9375,14914.0
PSR_J0537-6910,58929.9921296296,58930.9689467593,4809.0
PSR_J0537-6910,58931.0821759259,58931.8724189815,8151.0
PSR_J0537-6910,58931.9863425926,58932.0013657407,1037.0
PSR_J0537-6910,58932.4363425926,58932.9046064815,4395.0
PSR_J0537-6910,58953.0646412037,58953.9826388889,6421.0
PSR_J0537-6910,58954.0305092593,58954.8836921296,10382.0
PSR_J0537-6910,58956.1006944444,58956.1055208333,356.0
PSR_J0537-6910,58960.1063541667,58960.8259722222,1844.0
PSR_J0537-6910,58960.9482523148,58960.9566087963,26.0
PSR_J0537-6910,58961.0771875,58961.926412037,616.0
PSR_J0537-6910,58962.7592013889,58962.9641203704,1804.0
PSR_J0537-6910,58963.1472916667,58963.9871296296,1928.0
PSR_J0537-6910,58964.0313194444,58964.6900462963,13947.0
PSR_J0537-6910,58981.1283564815,58981.8509259259,8099.0
PSR_J0537-6910,58982.0962037037,58982.8189814815,7253.0
PSR_J0537-6910,58983.1914351852,58983.593287037,3145.0
PSR_J0537-6910,58984.8921296296,58984.9625347222,251.0
PSR_J0537-6910,58985.0233796296,58985.7386574074,1596.0
PSR_J0537-6910,58986.2898148148,58986.2938078704,0.0
PSR_J0537-6910,58989.1300925926,58989.921400463,4154.0
PSR_J0537-6910,58990.1651157407,58990.9530092593,3183.0
PSR_J0537-6910,58991.0087962963,58991.1474537037,1684.0
PSR_J0537-6910,58995.1483796296,58995.9962962963,10235.0
PSR_J0537-6910,58996.0439467593,58996.6414351852,6583.0
PSR_J0537-6910,59006.9299537037,59006.9418981482,113.0
PSR_J0537-6910,59006.9946759259,59007.9743055556,2795.0
PSR_J0537-6910,59008.1569444444,59008.2328703704,403.0
PSR_J0537-6910,59009.1902430556,59009.9773148148,5109.0
PSR_J0537-6910,59010.0291666667,59010.9465277778,3782.0
PSR_J0537-6910,59011.3854166667,59011.5275462963,502.0
PSR_J0537-6910,59012.2891203704,59012.4974537037,1052.0
PSR_J0537-6910,59013.2601157407,59013.2717592593,0.0
PSR_J0537-6910,59014.3583333333,59014.3696759259,0.0
PSR_J0537-6910,59015.0706018519,59015.5321759259,945.0
PSR_J0537-6910,59016.21625,59016.7429050926,2550.0
PSR_J0537-6910,59017.1838541667,59017.1976851852,710.0
PSR_J0537-6910,59018.6045949074,59018.9414351852,940.0
PSR_J0537-6910,59019.2499421296,59019.5226851852,1227.0
PSR_J0537-6910,59020.3490972222,59020.3622685185,925.0
PSR_J0537-6910,59020.9307638889,59020.9435185185,17.0
PSR_J0537-6910,59021.1877546296,59021.9764583333,4541.0
PSR_J0537-6910,59022.2862384259,59022.9449074074,2946.0
PSR_J0537-6910,59023.4513888889,59023.6550925926,2148.0
PSR_J0537-6910,59025.0668981482,59025.9791666667,2063.0
PSR_J0537-6910,59026.4002314815,59026.7328703704,805.0
PSR_J0537-6910,59031.3853009259,59031.7638888889,3123.0
PSR_J0537-6910,59033.1072453704,59033.4388773148,908.0
PSR_J0537-6910,59037.050462963,59037.9664351852,8137.0
PSR_J0537-6910,59038.0113194444,59038.6733796296,9629.0
PSR_J0537-6910,59039.1150462963,59039.9659722222,6173.0
PSR_J0537-6910,59040.0141203704,59040.41875,7092.0
PSR_J0537-6910,59043.880787037,59043.9763888889,1083.0
PSR_J0537-6910,59044.0293981481,59044.6861111111,3624.0
PSR_J0537-6910,59046.268287037,59046.9912384259,4454.0
PSR_J0537-6910,59047.0416666667,59047.5074421296,2147.0
PSR_J0537-6910,59047.6256712963,59047.9588425926,1502.0
PSR_J0537-6910,59048.0148148148,59048.0877777778,665.0
PSR_J0537-6910,59051.4496990741,59051.7636574074,2732.0
PSR_J0537-6910,59053.2991435185,59053.9761574074,16207.0
PSR_J0537-6910,59054.018287037,59054.1696759259,4915.0
PSR_J0537-6910,59059.5569560185,59059.6358796296,2406.0
PSR_J0537-6910,59062.8523148148,59062.9953703704,2517.0
PSR_J0537-6910,59063.0462962963,59063.0541666667,156.0
PSR_J0537-6910,59066.9775462963,59066.9819444444,100.0
PSR_J0537-6910,59067.170474537,59067.958275463,7776.0
PSR_J0537-6910,59068.0087962963,59068.7979166667,6913.0
PSR_J0537-6910,59070.0102430556,59070.0163773148,0.0
PSR_J0537-6910,59071.3208333333,59071.5891203704,1781.0
PSR_J0537-6910,59076.0229166667,59076.6840277778,3001.0
PSR_J0537-6910,59077.2523148148,59077.2580555556,0.0
PSR_J0537-6910,59078.5270833333,59078.9898148148,5184.0
PSR_J0537-6910,59078.9942361111,59079.5069444444,6642.0
PSR_J0537-6910,59090.2806134259,59090.8724537037,5197.0
PSR_J0537-6910,59096.7760300926,59096.980787037,3450.0
PSR_J0537-6910,59097.0316666667,59097.950462963,10682.0
PSR_J0537-6910,59098.1945138889,59098.3405092593,3327.0
PSR_J0537-6910,59108.3238541667,59108.9960648148,9967.0
PSR_J0537-6910,59109.0361111111,59109.954537037,6781.0
PSR_J0537-6910,59110.005787037,59110.9819444444,4377.0
PSR_J0537-6910,59111.0421296296,59111.5684259259,2027.0
PSR_J0537-6910,59112.077025463,59112.0837847222,142.0
PSR_J0537-6910,59114.404849537,59114.4136921296,88.0
PSR_J0537-6910,59126.3243981482,59126.5252314815,1830.0
PSR_J0537-6910,59128.3282407407,59128.9388888889,8329.0
PSR_J0537-6910,59128.980787037,59129.5027777778,10385.0
PSR_J0537-6910,59134.7231481482,59134.9997685185,3814.0
PSR_J0537-6910,59135.0418981481,59135.96875,13213.0
PSR_J0537-6910,59136.0178240741,59136.935150463,9332.0
PSR_J0537-6910,59136.9858796296,59137.9680324074,10115.0
PSR_J0537-6910,59138.0237384259,59138.5490393518,3140.0
PSR_J0537-6910,59138.6050347222,59138.9381365741,4478.0
PSR_J0537-6910,59138.9925925926,59139.0011226852,581.0
PSR_J0537-6910,59142.3354166667,59142.476712963,2286.0
PSR_J0537-6910,59148.7275578704,59148.9993055556,2120.0
PSR_J0537-6910,59149.3081018518,59149.9025462963,7113.0
PSR_J0537-6910,59150.0169212963,59150.9997685185,6757.0
PSR_J0537-6910,59151.1844907407,59151.3224537037,1781.0
PSR_J0537-6910,59163.4796064815,59163.95,4604.0
PSR_J0537-6910,59163.9953703704,59164.5958333333,7468.0
PSR_J0537-6910,59165.5437037037,59165.9396527778,1456.0
PSR_J0537-6910,59166.2531944444,59166.4562037037,830.0
PSR_J0537-6910,59167.1601851852,59167.1661689815,424.0
PSR_J0537-6910,59168.2490740741,59168.8488773148,1198.0
PSR_J0537-6910,59169.0321759259,59169.9536574074,1919.0
PSR_J0537-6910,59170.0018287037,59170.9224074074,3829.0
PSR_J0537-6910,59171.3573032407,59171.955787037,4499.0
PSR_J0537-6910,59172.1302083333,59172.7835648148,2216.0
PSR_J0537-6910,59172.6452430556,59172.6655092593,630.0
PSR_J0537-6910,59174.456412037,59174.7261342593,279.0
PSR_J0537-6910,59174.7763888889,59174.987962963,2326.0
PSR_J0537-6910,59175.0381944444,59175.6331018519,1277.0
PSR_J0537-6910,59187.3674305556,59187.376099537,0.0
PSR_J0537-6910,59192.6366319444,59192.9736111111,4993.0
PSR_J0537-6910,59193.0233796296,59193.5622685185,2109.0
PSR_J0537-6910,59194.6384259259,59194.9738425926,3957.0
PSR_J0537-6910,59195.025462963,59195.3611111111,3982.50285086036
PSR_J0537-6910,59207.2486111111,59207.8981481481,2853.0
PSR_J0537-6910,59208.0229166667,59208.9953240741,4342.0
PSR_J0537-6910,59209.0564814815,59209.9631944444,9234.0
PSR_J0537-6910,59210.0159143519,59210.350462963,3396.0
PSR_J0537-6910,59219.4150462963,59219.9405092593,1937.0
PSR_J0537-6910,59219.9944444444,59220.974537037,2623.0
PSR_J0537-6910,59221.0277199074,59221.8789351852,5765.0
PSR_J0537-6910,59222.1249768519,59222.5259259259,2981.0
PSR_J0537-6910,59222.837962963,59222.8453240741,239.0
PSR_J0537-6910,59225.993287037,59226.0009259259,389.0
PSR_J0537-6910,59227.9275,59227.9326273148,210.0
PSR_J0537-6910,59228.1217592593,59228.7715277778,616.0
PSR_J0537-6910,59229.3462962963,59229.4168981481,0.0
PSR_J0537-6910,59229.6694444444,59229.9976851852,754.0
PSR_J0537-6910,59230.0564814815,59230.5141087963,635.0
PSR_J0537-6910,59232.061087963,59232.9819444444,8693.0
PSR_J0537-6910,59233.029849537,59233.3687847222,3697.0
PSR_J0537-6910,59235.6034722222,59235.6122685185,250.0
PSR_J0537-6910,59247.1445486111,59247.999537037,12655.0
PSR_J0537-6910,59248.0475347222,59248.7108796296,9116.0
PSR_J0537-6910,59251.8094907407,59251.943900463,324.0
PSR_J0537-6910,59252.1333333333,59252.8475578704,240.0
PSR_J0537-6910,59253.493287037,59253.4960648148,181.0
PSR_J0537-6910,59255.0983796296,59255.3680555556,627.0
PSR_J0537-6910,59257.9372685185,59257.9408101852,253.0
PSR_J0537-6910,59259.925462963,59259.9483333333,503.0
PSR_J0537-6910,59261.3523148148,59261.8702199074,1708.0
PSR_J0537-6910,59261.9979166667,59262.9844791667,15355.0552572608
PSR_J0537-6910,59277.4745023148,59277.6166666667,1230.0
PSR_J0537-6910,59278.4417708333,59278.8391203704,794.0
PSR_J0537-6910,59279.60625,59279.9349537037,1377.0
PSR_J0537-6910,59280.2483101852,59280.9696759259,2786.0
PSR_J0537-6910,59281.6069444444,59281.8747685185,2239.0
PSR_J0537-6910,59281.9910416667,59282.9738425926,6355.0
PSR_J0537-6910,59283.0880208333,59283.7493055556,3452.0
PSR_J0537-6910,59286.0712962963,59286.074849537,222.0
PSR_J0537-6910,59286.5717592593,59286.9826388889,427.0
PSR_J0537-6910,59287.3594907407,59287.4347222222,1368.0
PSR_J0537-6910,59287.4884259259,59287.4939583333,357.0
PSR_J0537-6910,59289.0400462963,59289.7534143518,10160.0
PSR_J0537-6910,59300.1334490741,59300.9872685185,6883.0
PSR_J0537-6910,59301.0396990741,59301.6965277778,3705.0
PSR_J0537-6910,59302.782974537,59302.7928240741,255.0
PSR_J0537-6910,59317.8758449074,59317.9363425926,621.0
PSR_J0537-6910,59318.0052430556,59318.4502314815,5114.0
PSR_J0537-6910,59319.2143518518,59319.9307407407,5411.0
PSR_J0537-6910,59319.9860648148,59320.4467361111,2139.0
PSR_J0537-6910,59321.1576388889,59321.9361111111,462.0
PSR_J0537-6910,59328.0701967593,59328.0803240741,9.0
PSR_J0537-6910,59329.4275694444,59329.6951388889,2150.0
PSR_J0537-6910,59329.7949074074,59329.7999074074,49.0
PSR_J0537-6910,59331.9236111111,59331.9300578704,507.0
PSR_J0537-6910,59332.1382407407,59332.1428240741,0.0
PSR_J0537-6910,59335.9233796296,59335.9916319444,466.0
PSR_J0537-6910,59340.9568287037,59340.9645833333,584.0
PSR_J0537-6910,59341.0857638889,59341.8050925926,2149.0
PSR_J0537-6910,59342.2475462963,59342.9689814815,2447.0
PSR_J0537-6910,59343.0218287037,59343.8072337963,5693.0
PSR_J0537-6910,59344.0542708333,59344.9060185185,5817.0
PSR_J0537-6910,59345.1513657407,59345.9961805556,3459.0
PSR_J0537-6910,59345.8752314815,59345.8803240741,214.0
PSR_J0537-6910,59346.0549768519,59346.9712962963,4386.0
PSR_J0537-6910,59347.0230555556,59347.9292592593,3755.0
PSR_J0537-6910,59348.00625,59348.9218055556,5554.0
PSR_J0537-6910,59348.850462963,59348.8569675926,0.0
PSR_J0537-6910,59349.0428240741,59349.9564814815,3254.0
PSR_J0537-6910,59350.0152777778,59350.730787037,1485.0
PSR_J0537-6910,59351.6039930556,59351.9361805556,2651.0
PSR_J0537-6910,59352.1851967593,59352.9693287037,3329.0
PSR_J0537-6910,59353.0896296296,59353.9460648148,2453.0
PSR_J0537-6910,59354.0043981482,59354.5928125,3175.0
PSR_J0537-6910,59355.0287037037,59355.81625,1657.0
PSR_J0537-6910,59356.6486111111,59356.9853703704,3808.0
PSR_J0537-6910,59357.4256944444,59357.5662384259,1719.0
PSR_J0537-6910,59358.1349537037,59358.8608449074,5331.0
PSR_J0537-6910,59359.0381944444,59359.3684953704,1623.0
PSR_J0537-6910,59359.7476851852,59359.7519791667,0.0
PSR_J0537-6910,59360.00625,59360.9909722222,10263.0
PSR_J0537-6910,59361.0395833333,59361.9587962963,7962.0
PSR_J0537-6910,59362.0102777778,59362.7939351852,4509.0
PSR_J0537-6910,59363.6909027778,59363.9590277778,0.0
PSR_J0537-6910,59375.0287615741,59375.4949074074,1648.0
PSR_J0537-6910,59375.9974537037,59376.9810185185,2492.0
PSR_J0537-6910,59377.3525462963,59377.6823726852,98.0
PSR_J0537-6910,59378.1966087963,59378.6606481482,1359.0
PSR_J0537-6910,59379.4242939815,59379.7597222222,1780.0
PSR_J0537-6910,59387.9992013889,59388.9805555556,4482.0
PSR_J0537-6910,59389.0886574074,59389.7529282407,4074.0
PSR_J0537-6910,59390.4550925926,59390.8534722222,2023.0
PSR_J0537-6910,59396.7613541667,59396.7715625,449.0
PSR_J0537-6910,59398.4386458333,59398.8344675926,1417.0
PSR_J0537-6910,59399.0198958333,59399.8034490741,2327.0
PSR_J0537-6910,59400.9567013889,59400.966412037,704.0
PSR_J0537-6910,59401.0212847222,59401.353912037,1411.0
PSR_J0537-6910,59402.3936226852,59402.9717592593,1756.0
PSR_J0537-6910,59403.0198726852,59403.927337963,7233.0
PSR_J0537-6910,59403.9872685185,59404.1349537037,4151.0
PSR_J0537-6910,59405.2953703704,59405.9950694444,2015.0
PSR_J0537-6910,59406.0541435185,59406.1259259259,854.0
PSR_J0537-6910,59411.0261574074,59411.3678125,3048.0
PSR_J0537-6910,59412.187037037,59412.7169328704,2424.0
PSR_J0537-6910,59413.349537037,59413.4268402778,431.0
PSR_J0537-6910,59417.6865740741,59417.9590277778,4658.0
PSR_J0537-6910,59417.9958333333,59418.281712963,8918.0
PSR_J0537-6910,59419.74375,59419.8814814815,1177.0
PSR_J0537-6910,59423.1664467593,59423.9573726852,6489.0
PSR_J0537-6910,59424.0759259259,59424.9873726852,5244.0
PSR_J0537-6910,59425.1046296296,59425.114525463,746.0
PSR_J0537-6910,59431.6736111111,59431.9383680556,1211.0
PSR_J0537-6910,59431.9962037037,59432.9710648148,5220.0
PSR_J0537-6910,59433.0946759259,59433.9408796296,4211.0
PSR_J0537-6910,59433.9993055556,59434.0689583333,0.0
PSR_J0537-6910,59439.7502314815,59439.8180324074,86.0
PSR_J0537-6910,59445.4229166667,59445.9506944444,4184.0
PSR_J0537-6910,59446.0685185185,59446.9844907407,6327.0
PSR_J0537-6910,59447.0337731481,59447.1782407407,676.0
PSR_J0537-6910,59460.7048263889,59460.9759375,3269.0
PSR_J0537-6910,59461.0275,59461.9465277778,11038.0
PSR_J0537-6910,59461.9963310185,59462.269525463,4423.0
PSR_J0537-6910,59464.3162037037,59464.3338541667,1236.0
PSR_J0537-6910,59467.356712963,59467.3752314815,679.0
PSR_J0537-6910,59468.268287037,59468.9930555556,4204.0
PSR_J0537-6910,59469.1155092593,59469.9613425926,3735.0
PSR_J0537-6910,59470.0875,59470.9296296296,1577.0
PSR_J0537-6910,59471.0330902778,59471.7035648148,4918.0
PSR_J0537-6910,59472.2071759259,59472.9217476852,3525.0
PSR_J0537-6910,59473.0465277778,59473.8988425926,4238.0
PSR_J0537-6910,59474.3377314815,59474.8025462963,1961.0
PSR_J0537-6910,59481.3043981481,59481.5093171296,558.0
PSR_J0537-6910,59485.3643518519,59485.9650462963,16863.0
PSR_J0537-6910,59486.0023148148,59486.1636574074,4724.0
PSR_J0537-6910,59487.5027777778,59487.5828356482,460.0
PSR_J0537-6910,59491.5064814815,59491.5203356482,212.0
PSR_J0537-6910,59492.1351851852,59492.4865740741,499.0
PSR_J0537-6910,59493.4263888889,59493.7549652778,1146.0
PSR_J0537-6910,59499.6909722222,59499.8418981481,2492.0
PSR_J0537-6910,59500.0847222222,59500.9416666667,7557.0
PSR_J0537-6910,59501.0516203704,59501.0715277778,1520.0
PSR_J0537-6910,59503.4321759259,59503.9576157407,255.0
PSR_J0537-6910,59505.1734490741,59505.3201273148,365.0
PSR_J0537-6910,59506.6664351852,59506.7338078704,0.0
PSR_J0537-6910,59507.9613425926,59507.9674768519,434.0
PSR_J0537-6910,59509.1748148148,59509.1795949074,322.0
PSR_J0537-6910,59509.7736111111,59509.7764699074,182.0
PSR_J0537-6910,59513.6428240741,59513.8449074074,2318.0
PSR_J0537-6910,59514.6019675926,59514.7361111111,172.0
PSR_J0537-6910,59528.4615625,59528.9968402778,1463.0
PSR_J0537-6910,59529.0402777778,59529.8365740741,7083.0
PSR_J0537-6910,59535.2458333333,59535.2579398148,385.0
PSR_J0537-6910,59539.0532407407,59539.3216898148,153.0
PSR_J0537-6910,59544.3532407407,59544.6703356481,564.0
PSR_J0537-6910,59544.9988425926,59545.0014583333,170.0
PSR_J0537-6910,59549.8134259259,59549.8233796296,711.0
PSR_J0537-6910,59550.4060185185,59550.4089351852,205.0
PSR_J0537-6910,59551.6238425926,59551.7759259259,2139.0
PSR_J0537-6910,59555.299837963,59555.8965277778,3378.0
PSR_J0537-6910,59556.018287037,59556.9458333333,6462.0
PSR_J0537-6910,59557.0430555556,59557.8969907407,6909.0
PSR_J0537-6910,59558.0776851852,59558.800462963,3313.0
PSR_J0537-6910,59558.9971759259,59559.9113425926,5866.0
PSR_J0537-6910,59560.0280439815,59560.8826388889,8995.0
PSR_J0537-6910,59561.319375,59561.9798611111,4771.0
PSR_J0537-6910,59562.0304166667,59562.9479166667,11057.0
PSR_J0537-6910,59562.9969444444,59563.9634259259,8285.0
PSR_J0537-6910,59564.0149884259,59564.8155092593,5017.0
PSR_J0537-6910,59565.1255208333,59565.9801388889,5621.0
PSR_J0537-6910,59566.0304282407,59566.9483912037,9619.0
PSR_J0537-6910,59566.9983564815,59567.9006944444,5688.0
PSR_J0537-6910,59568.0965277778,59568.2405092593,1089.0
PSR_J0537-6910,59569.6421296296,59569.9825578704,1370.0
PSR_J0537-6910,59570.1002314815,59570.1742708333,547.0
PSR_J0537-6910,59571.0481481481,59571.5844675926,2380.0
PSR_J0537-6910,59573.1329282407,59573.9178472222,3529.0
PSR_J0537-6910,59574.0377199074,59574.3059837963,1424.0
PSR_J0537-6910,59583.8849421296,59583.9569444444,980.0
PSR_J0537-6910,59584.0111111111,59584.9884259259,4808.0
PSR_J0537-6910,59585.1736921296,59585.9576388889,5714.0
PSR_J0537-6910,59586.0130092593,59586.3451388889,3352.0
PSR_J0537-6910,59596.7849537037,59596.7927430556,208.0
PSR_J0537-6910,59597.6857175926,59597.9648148148,2762.0
PSR_J0537-6910,59598.0090625,59598.9960648148,6219.0
PSR_J0537-6910,59599.1107523148,59599.9631597222,2174.0
PSR_J0537-6910,59600.016412037,59600.9942013889,3718.0
PSR_J0537-6910,59601.6080439815,59601.8321296296,983.0
PSR_J0537-6910,59602.0183796296,59602.6458217593,1327.0
PSR_J0537-6910,59603.1821180556,59603.444212963,0.0
PSR_J0537-6910,59611.2819560185,59611.9418055556,4248.0
PSR_J0537-6910,59612.6381944444,59612.7821759259,1823.0
PSR_J0537-6910,59613.0958333333,59613.8158680556,6472.0
PSR_J0537-6910,59618.2627314815,59618.91875,1021.0
PSR_J0537-6910,59623.8583217593,59623.9472222222,1947.0
PSR_J0537-6910,59623.9860763889,59624.9746759259,6291.0
PSR_J0537-6910,59625.0832986111,59625.4940740741,11008.0
PSR_J0537-6910,59626.200462963,59626.9076851852,1090.0
PSR_J0537-6910,59627.2171296296,59627.9398842593,1365.0
PSR_J0537-6910,59627.9995601852,59628.0044675926,0.0
PSR_J0537-6910,59629.1083333333,59629.1127314815,227.0
PSR_J0537-6910,59631.3483796296,59631.4166550926,380.0
PSR_J0537-6910,59644.5032407407,59644.9597222222,2179.0
PSR_J0537-6910,59645.0143518519,59645.7358796296,4049.0
PSR_J0537-6910,59649.2189814815,59649.9363425926,1481.0
PSR_J0537-6910,59649.9930555556,59650.9041203704,1546.0
PSR_J0537-6910,59651.0215277778,59651.5518518519,7035.0
PSR_J0537-6910,59653.0277777778,59653.2269907407,1645.0
PSR_J0537-6910,59657.400462963,59657.9444444444,1971.0
PSR_J0537-6910,59657.9834837963,59658.5891203704,9312.0
PSR_J0537-6910,59664.4421759259,59664.9719907407,1931.0
PSR_J0537-6910,59665.0249305556,59665.9386574074,4853.0
PSR_J0537-6910,59665.9928009259,59666.0675925926,267.0
PSR_J0537-6910,59671.8374652778,59671.9791203704,2047.0
PSR_J0537-6910,59672.0309837963,59672.560775463,5188.0
PSR_J0537-6910,59679.0080439815,59679.7930324074,3557.0
PSR_J0537-6910,59681.9617939815,59681.9710416667,51.0
PSR_J0537-6910,59682.0261458333,59682.6793634259,848.0
PSR_J0537-6910,59682.9904861111,59683.1292476852,881.0
PSR_J0537-6910,59685.6412037037,59685.6459837963,346.0
PSR_J0537-6910,59685.8969907407,59685.9730092593,451.0
PSR_J0537-6910,59686.0261574074,59686.4900810185,4326.0
PSR_J0537-6910,59690.9460648148,59690.9497685185,242.0
PSR_J0537-6910,59691.1314814815,59691.9821759259,4245.0
PSR_J0537-6910,59692.034375,59692.6275462963,1341.0
PSR_J0537-6910,59693.0698842593,59693.6597222222,1334.0
PSR_J0537-6910,59696.9155092593,59696.9914351852,1318.0
PSR_J0537-6910,59704.0773148148,59704.0803240741,156.0
PSR_J0537-6910,59707.0446527778,59707.8300925926,7499.0
PSR_J0537-6910,59709.0437615741,59709.958287037,5643.0
PSR_J0537-6910,59710.4657407407,59710.9907407407,3999.0
PSR_J0537-6910,59711.0430902778,59711.7648148148,4927.0
PSR_J0537-6910,59712.1383680556,59712.9902777778,6543.0
PSR_J0537-6910,59712.9974537037,59713.9747685185,7107.0
PSR_J0537-6910,59714.0321759259,59714.7467939815,9477.0
PSR_J0537-6910,59715.9458333333,59715.9503009259,156.0
PSR_J0537-6910,59716.2064814815,59716.9868865741,3720.0
PSR_J0537-6910,59717.0446759259,59717.9574421296,3385.0
PSR_J0537-6910,59718.0118055556,59718.8716203704,5070.0
PSR_J0537-6910,59718.9865740741,59719.3239467593,3281.0
PSR_J0537-6910,59720.143287037,59720.1652314815,1024.0
PSR_J0537-6910,59720.4673611111,59720.93125,1072.0
PSR_J0537-6910,59721.0490740741,59721.9641203704,5371.0
PSR_J0537-6910,59722.0197453704,59723.0,2652.0
PSR_J0537-6910,59723.0513888889,59723.6453703704,2407.0
PSR_J0537-6910,59724.9268055556,59724.9405092593,930.0
PSR_J0537-6910,59724.9981481481,59725.9724537037,5659.0
PSR_J0537-6910,59726.2190393519,59726.2303240741,641.0
PSR_J0537-6910,59733.5106481481,59733.6837962963,1013.0
PSR_J0537-6910,59735.424537037,59735.9479166667,5951.0
PSR_J0537-6910,59737.2259259259,59737.296712963,611.0
PSR_J0537-6910,59738.2585416667,59738.2724537037,373.0
PSR_J0537-6910,59741.7458333333,59741.9525462963,3195.0
PSR_J0537-6910,59742.0047916667,59742.275462963,395.0
PSR_J0537-6910,59745.6699652778,59745.9418981482,859.0
PSR_J0537-6910,59746.121875,59746.971400463,4574.0
PSR_J0537-6910,59747.0303240741,59747.8916666667,484.0
PSR_J0537-6910,59749.8659490741,59749.9421527778,225.0
PSR_J0537-6910,59750.1921296296,59750.2060185185,385.0
PSR_J0537-6910,59753.3418981481,59753.3492708333,0.0
PSR_J0537-6910,59754.9645833333,59754.9679282407,0.0
PSR_J0537-6910,59755.0935185185,59755.0970949074,57.0
PSR_J0537-6910,59756.187962963,59756.4610416667,423.0
PSR_J0537-6910,59763.010162037,59763.7328703704,8075.0
PSR_J0537-6910,59765.1453703704,59765.5365740741,723.0
PSR_J0537-6910,59767.3391203704,59767.7361111111,601.0
PSR_J0537-6910,59768.1171296296,59768.3166782407,445.0
PSR_J0537-6910,59769.5314814815,59769.5439699074,376.0
PSR_J0537-6910,59770.1036226852,59770.5796296296,8027.0
PSR_J0537-6910,59771.0766203704,59771.9961574074,5844.0
PSR_J0537-6910,59772.04375,59772.9071759259,4602.0
PSR_J0537-6910,59773.356712963,59773.5345486111,357.0
PSR_J0537-6910,59774.1671296296,59774.9511226852,4851.0
PSR_J0537-6910,59775.0060185185,59775.9856481481,4645.0
PSR_J0537-6910,59776.0387037037,59776.9613425926,3480.0
PSR_J0537-6910,59777.0122685185,59777.7967592593,652.0
PSR_J0537-6910,59781.4814814815,59781.485162037,256.0
PSR_J0537-6910,59797.8966087963,59797.9712962963,764.0
PSR_J0537-6910,59798.093287037,59798.6797337963,5932.0
PSR_J0537-6910,59805.3200462963,59805.9203703704,8892.0
PSR_J0537-6910,59826.4484490741,59826.981099537,3782.77590149641
PSR_J0537-6910,59827.0286226852,59827.6809259259,4701.0
PSR_J0537-6910,59831.9919791667,59832.9710648148,9255.53894180059
PSR_J0537-6910,59833.0234722222,59833.999212963,8260.0
PSR_J0537-6910,59834.0587962963,59834.9641203704,4333.0
PSR_J0537-6910,59835.0240740741,59835.9331018518,2252.0
PSR_J0537-6910,59836.7659722222,59836.9682523148,1672.0
PSR_J0537-6910,59837.024537037,59837.9447685185,2711.0
PSR_J0537-6910,59838.1898263889,59838.9703472222,1759.0
PSR_J0537-6910,59839.0302083333,59839.8085763889,314.0
PSR_J0537-6910,59840.7078703704,59840.9755092593,381.0
PSR_J0537-6910,59841.0346180556,59841.3007060185,1133.0
PSR_J0537-6910,59843.2164351852,59843.9509259259,10981.0
PSR_J0537-6910,59843.9923611111,59844.256712963,5654.0
PSR_J0537-6910,59851.2263888889,59851.3664351852,3319.0
PSR_J0537-6910,59852.5622685185,59852.8263888889,3159.0
PSR_J0537-6910,59853.3983564815,59853.7949074074,3058.0
PSR_J0537-6910,59854.6240740741,59854.887037037,711.0
PSR_J0537-6910,59855.0737731481,59855.8585648148,3049.0
PSR_J0537-6910,59861.0761574074,59861.9962615741,8993.0
PSR_J0537-6910,59868.3814814815,59868.9085648148,6211.0
PSR_J0537-6910,59869.0076388889,59869.0375,901.0
PSR_J0537-6910,59870.8130208333,59870.8974537037,1122.0
PSR_J0537-6910,59871.0321759259,59871.9899652778,1320.0
PSR_J0537-6910,59872.1125,59872.8989467593,2611.0
PSR_J0537-6910,59873.0770833333,59873.3443634259,572.0
PSR_J0537-6910,59874.8206828704,59874.9652777778,1316.0
PSR_J0537-6910,59875.077025463,59875.7355439815,2125.0
PSR_J0537-6910,59880.2444560185,59880.9662037037,5646.0
PSR_J0537-6910,59881.0215277778,59881.9970486111,2506.0
PSR_J0537-6910,59882.0548611111,59882.3856481481,779.0
PSR_J0537-6910,59887.6438773148,59887.9751736111,1452.0
PSR_J0537-6910,59888.2229513889,59888.7516203704,2550.0
PSR_J0537-6910,59889.4473032407,59889.9786805556,5023.0
PSR_J0537-6910,59890.0265740741,59890.818287037,4488.0
PSR_J0537-6910,59895.056400463,59895.846412037,9552.53477042913
PSR_J0537-6910,59896.0198726852,59896.9429398148,10416.0
PSR_J0537-6910,59896.9908217593,59897.9013888889,6933.0
PSR_J0537-6910,59898.7939814815,59898.8828703704,2747.53832566738
PSR_J0537-6910,59899.18125,59899.5903819444,1302.0
PSR_J0537-6910,59902.6077546296,59902.9416203704,1071.0
PSR_J0537-6910,59902.9981134259,59903.7199074074,2826.0
PSR_J0537-6910,59906.4196759259,59906.4280092593,0.0
PSR_J0537-6910,59916.4735185185,59916.8523148148,3194.0
PSR_J0537-6910,59917.229375,59917.9469907407,5305.0
PSR_J0537-6910,59918.006712963,59918.2055555556,1285.0
PSR_J0537-6910,59924.0052199074,59924.6148148148,12941.0
PSR_J0537-6910,59929.1769675926,59929.1914351852,122.0
PSR_J0537-6910,59929.5012384259,59929.8381944444,1711.0
PSR_J0537-6910,59930.2175925926,59931.0,2803.0
PSR_J0537-6910,59931.0412037037,59931.3226851852,3351.0
PSR_J0537-6910,59936.6620138889,59936.9988425926,1262.0
PSR_J0537-6910,59937.3727893519,59937.5752083333,1822.0
PSR_J0537-6910,59938.1491898148,59938.9986111111,6149.0
PSR_J0537-6910,59939.0537962963,59939.9660763889,5634.0
PSR_J0537-6910,59940.0226851852,59940.1611111111,1081.0
PSR_J0537-6910,59950.8978703704,59950.9752314815,1337.0
PSR_J0537-6910,59951.0284722222,59951.9439814815,4900.0
PSR_J0537-6910,59952.0599537037,59952.9125,6615.0
PSR_J0537-6910,59956.1217592593,59956.9671064815,4132.0
PSR_J0537-6910,59957.0852546296,59957.9356134259,2161.5389777422
PSR_J0537-6910,59957.99375,59958.9675578704,3089.0
PSR_J0537-6910,59959.0206944444,59959.5490740741,824.0
PSR_J0537-6910,59960.2488425926,59960.968287037,2654.0
PSR_J0537-6910,59961.0863657407,59961.0944097222,85.0
PSR_J0537-6910,59961.1509490741,59961.9372453704,4315.0
PSR_J0537-6910,59961.9906828704,59962.5729050926,2837.0
PSR_J0537-6910,59965.8050810185,59965.8087962963,21.0
PSR_J0537-6910,59973.51875,59973.9789351852,4907.0
PSR_J0537-6910,59974.0347222222,59974.5592708333,804.0
PSR_J0537-6910,59975.0078703704,59975.91875,1134.0
PSR_J0537-6910,59976.0395833333,59976.0476736111,74.0
PSR_J0537-6910,59980.2203703704,59980.6287037037,10957.0
PSR_J0537-6910,59983.7210648148,59983.7238078704,58.0
PSR_J0537-6910,59986.4152777778,59986.9386574074,3873.0
PSR_J0537-6910,59986.994212963,59987.7125,6372.0
PSR_J0537-6910,59988.8085648148,59988.9455555556,840.0
PSR_J0537-6910,59989.1953703704,59989.203900463,524.0
PSR_J0537-6910,59990.8701388889,59990.8747453704,0.0
PSR_J0537-6910,59993.1930671296,59993.9726851852,5557.0
PSR_J0537-6910,59994.0235416667,59994.0372685185,966.0
PSR_J0537-6910,60000.1138888889,60000.6372685185,9891.0
PSR_J0537-6910,60008.2819444444,60009.0,3233.0
PSR_J0537-6910,60009.0560069444,60009.9043981481,3902.0
PSR_J0537-6910,60010.0243055556,60010.4861111111,3257.0
PSR_J0537-6910,60014.2386574074,60014.2421412037,0.0
PSR_J0537-6910,60016.2287152778,60016.9516203704,6922.0
PSR_J0537-6910,60017.0009259259,60017.0162037037,1248.0
PSR_J0537-6910,60020.9405092593,60020.9553240741,974.0
PSR_J0537-6910,60021.006712963,60021.9209722222,10264.8945885301
PSR_J0537-6910,60022.0323032407,60022.9480902778,13433.0
PSR_J0537-6910,60023.0115740741,60023.9776273148,14862.0
PSR_J0537-6910,60024.0391203704,60024.9537037037,4628.0
PSR_J0537-6910,60025.0069444444,60025.9854166667,6342.0
PSR_J0537-6910,60026.8700925926,60026.8835648148,854.0
PSR_J0537-6910,60026.9991898148,60027.0108796296,668.0
PSR_J0537-6910,60028.1639351852,60028.9503935185,5791.0
PSR_J0537-6910,60029.0048611111,60029.3368055556,2003.0
PSR_J0537-6910,60037.1747106481,60037.5004166667,2917.0
PSR_J0537-6910,60038.3350347222,60038.9937152778,8287.0
PSR_J0537-6910,60039.0483680556,60039.0604166667,319.0
PSR_J0537-6910,60042.9875,60043.519212963,7455.0
PSR_J0537-6910,60049.6185185185,60049.9493055556,213.0
PSR_J0537-6910,60050.0069444444,60050.7881597222,580.0
PSR_J0537-6910,60051.0437152778,60051.9634259259,5726.0
PSR_J0537-6910,60052.0124305556,60052.2863425926,3234.0
PSR_J0537-6910,60055.0473032407,60055.9650462963,2495.0
PSR_J0537-6910,60056.082662037,60056.0902777778,185.0
PSR_J0537-6910,60070.1877314815,60070.9724537037,6031.0
PSR_J0537-6910,60071.0263194444,60071.9407523148,6929.0
PSR_J0537-6910,60071.9965277778,60072.5205092593,3267.0
PSR_J0537-6910,60078.8909722222,60078.9226851852,2173.53813368082
PSR_J0537-6910,60078.9615740741,60078.9872685185,1989.0
PSR_J0537-6910,60079.0224537037,60079.5030092593,11449.0
PSR_J0537-6910,60081.4101851852,60081.4186111111,74.0
PSR_J0537-6910,60082.9592592593,60082.9846412037,1857.0
PSR_J0537-6910,60083.2212962963,60083.5466203704,1354.0
PSR_J0537-6910,60084.0604166667,60084.9840277778,2425.0
PSR_J0537-6910,60085.0280092593,60085.944212963,5906.0
PSR_J0537-6910,60085.9949074074,60086.4671296296,9438.0
PSR_J0537-6910,60087.0259259259,60087.9444328704,6725.0
PSR_J0537-6910,60089.1530092593,60089.9451273148,3288.0
PSR_J0537-6910,60099.6503935185,60099.9861111111,4944.0
PSR_J0537-6910,60100.0373263889,60100.6291666667,3958.0
PSR_J0537-6910,60107.7241550926,60107.84375,977.0
PSR_J0537-6910,60108.0282175926,60108.9997800926,3371.0
PSR_J0537-6910,60108.9975231482,60109.2652777778,2297.0
PSR_J0537-6910,60113.9623148148,60113.9768518519,331.0
PSR_J0537-6910,60114.0268865741,60114.9446759259,5215.0
PSR_J0537-6910,60115.124224537,60115.391087963,3237.0
PSR_J0537-6910,60126.9115625,60126.9819444444,0.0
PSR_J0537-6910,60127.0408564815,60127.9493055556,0.0
PSR_J0537-6910,60128.0077546296,60128.918287037,0.0
PSR_J0537-6910,60129.3027777778,60129.305787037,0.0
PSR_J0537-6910,60130.844212963,60130.9194097222,0.0
PSR_J0537-6910,60133.0363425926,60133.8935185185,2475.0
PSR_J0537-6910,60135.0497685185,60135.7696759259,11668.0
PSR_J0537-6910,60138.6481597222,60138.7182291667,638.0
PSR_J0537-6910,60139.0351851852,60139.894212963,2096.0
PSR_J0537-6910,60140.0032060185,60140.9805092593,2206.0
PSR_J0537-6910,60141.0375,60141.6905092593,50.0
PSR_J0537-6910,60142.8506944444,60142.8632407407,0.0
PSR_J0537-6910,60152.4510532407,60152.4613425926,564.0
PSR_J0537-6910,60152.5105787037,60152.5822569444,1634.2304418087
PSR_J0537-6910,60155.6050578704,60155.9997685185,3359.0
PSR_J0537-6910,60156.1224305556,60156.9673611111,3001.0
PSR_J0537-6910,60157.025,60157.9309953704,2225.0
PSR_J0537-6910,60160.381712963,60160.3856481481,259.0
PSR_J0537-6910,60164.0027777778,60164.9766203704,6478.72533231974
PSR_J0537-6910,60165.0242708333,60165.1708333333,1640.0
PSR_J0537-6910,60169.9999189815,60170.9735648148,5163.01142185926
PSR_J0537-6910,60171.0372685185,60171.1104166667,850.0
PSR_J0537-6910,60178.5738657407,60178.8444444444,4427.0
PSR_J0537-6910,60179.1544328704,60179.6833333333,4014.0
PSR_J0537-6910,60192.0349421296,60192.4369791667,0.0
PSR_J0537-6910,60192.5634259259,60192.9542708333,0.0
PSR_J0537-6910,60193.0665277778,60193.9878356481,446.0
PSR_J0537-6910,60194.4841435185,60194.9553356481,1842.0
PSR_J0537-6910,60195.0018518519,60195.6645023148,3775.61733692884
PSR_J0537-6910,60195.9800810185,60195.9891782407,436.0
PSR_J0537-6910,60196.8699421296,60196.8930555556,951.0
PSR_J0537-6910,60197.5229166667,60197.5384259259,605.0
PSR_J0537-6910,60198.9324074074,60198.9528935185,247.538889110088
PSR_J0537-6910,60198.9969907407,60199.6628587963,443.0
PSR_J0537-6910,60200.8721990741,60200.8892708333,0.0
PSR_J0537-6910,60200.9972222222,60201.9865625,0.0
PSR_J0537-6910,60202.2900462963,60202.7648148148,5672.0
PSR_J0537-6910,60203.0027777778,60203.9821643519,2907.0
PSR_J0537-6910,60204.0418981481,60204.9560532407,0.0
PSR_J0537-6910,60205.6601736111,60205.6680555556,0.0
PSR_J0537-6910,60208.4898148148,60208.7439814815,2175.0
PSR_J0537-6910,60214.2402314815,60214.3773148148,419.0
PSR_J0537-6910,60216.4325694444,60216.4400347222,0.0
PSR_J0537-6910,60217.9596064815,60217.9652777778,331.0
PSR_J0537-6910,60218.0885416667,60218.9358796296,4608.0
PSR_J0537-6910,60218.9925347222,60219.9649189815,4006.0
PSR_J0537-6910,60220.0914351852,60220.998900463,1465.0
PSR_J0537-6910,60223.6453703704,60223.9762152778,1886.22540193796
PSR_J0537-6910,60224.0354166667,60224.9443865741,2501.71635407209
PSR_J0537-6910,60224.9958333333,60225.5878356481,3815.0
PSR_J0537-6910,60227.7217592593,60227.7284722222,537.0
PSR_J0537-6910,60228.5590277778,60228.6960648148,843.0
PSR_J0537-6910,60229.2694444444,60229.3395486111,225.0
PSR_J0537-6910,60230.1638888889,60230.166412037,35.0
PSR_J0537-6910,60231.3280092593,60231.9842592593,4858.94520640373
PSR_J0537-6910,60232.0391203704,60232.4886574074,4036.47632813454
PSR_J0537-6910,60235.7048611111,60235.9685185185,269.0
PSR_J0537-6910,60236.0225462963,60236.737962963,1482.0
PSR_J0537-6910,60238.0284259259,60238.8159722222,8646.0
PSR_J0537-6910,60240.34875,60240.6231481481,3902.0
PSR_J0537-6910,60241.1892824074,60241.2685185185,1382.0
PSR_J0537-6910,60242.1577546296,60242.3645833333,2863.0
PSR_J0537-6910,60242.9974884259,60243.3333333333,794.0
PSR_J0537-6910,60245.3258564815,60245.9787037037,1797.0
PSR_J0537-6910,60246.0327430556,60246.1724537037,798.0
PSR_J0537-6910,60253.6907291667,60253.9569444444,0.0
PSR_J0537-6910,60254.0127199074,60254.9900462963,0.0
PSR_J0537-6910,60255.0413888889,60255.957974537,0.0
PSR_J0537-6910,60256.2007407407,60256.2802083333,0.0
PSR_J0537-6910,60257.0382986111,60257.9566666667,0.539158880710602
PSR_J0537-6910,60258.0045949074,60258.02125,0.0
PSR_J0537-6910,60259.6179050926,60259.9569097222,0.0
PSR_J0537-6910,60260.0046990741,60260.5374884259,0.0
PSR_J0537-6910,60266.5233796296,60266.9884259259,0.0
PSR_J0537-6910,60267.0453472222,60267.5689814815,0.0
PSR_J0537-6910,60283.9394444444,60283.9448611111,227.0
PSR_J0537-6910,60287.1513888889,60287.9435185185,7658.98601257801
PSR_J0537-6910,60287.9896064815,60288.2076388889,1671.0
PSR_J0537-6910,60292.503587963,60292.9629513889,1687.5389559269
PSR_J0537-6910,60293.0157407407,60293.9298611111,944.077439904213
PSR_J0537-6910,60294.0514930556,60294.9678356481,10914.0
PSR_J0537-6910,60295.0172569444,60295.9298611111,8177.0
PSR_J0537-6910,60296.0490740741,60296.5769212963,2389.0
PSR_J0537-6910,60299.6819444444,60299.6881944444,205.0
PSR_J0537-6910,60301.0775462963,60301.0867939815,588.539047956467
PSR_J0537-6910,60302.0611574074,60302.6546296296,5787.0
PSR_J0537-6910,60314.4292592593,60314.9520833333,1.0784450173378
PSR_J0537-6910,60315.0055555556,60315.9849537037,3.77410483360291
PSR_J0537-6910,60316.0409606481,60316.5013888889,0.0
PSR_J0537-6910,60317.4594907407,60317.4698958333,0.0
PSR_J0537-6910,60319.6576388889,60319.9874884259,0.0
PSR_J0537-6910,60320.042349537,60320.9546180556,0.0
PSR_J0537-6910,60321.0080902778,60321.0189699074,0.0
PSR_J0537-6910,60322.031712963,60322.9520833333,5.39192652702332
PSR_J0537-6910,60322.999537037,60323.0810185185,0.539181232452393
PSR_J0537-6910,60323.1284722222,60323.6594097222,0.0
PSR_J0537-6910,60324.7358796296,60324.9502314815,0.0
PSR_J0537-6910,60324.994212963,60325.9814814815,0.0
PSR_J0537-6910,60326.0356481482,60326.9486111111,36.0314441919327
PSR_J0537-6910,60327.0034722222,60327.6576388889,0.0
PSR_J0537-6910,60335.4356481481,60335.8953703704,4949.0
PSR_J0537-6910,60336.0219907407,60336.8643518519,6137.0
PSR_J0537-6910,60337.0455092593,60337.5104166667,6176.0
PSR_J0537-6910,60341.7050925926,60341.7096875,340.23752450943
PSR_J0537-6910,60342.0810069444,60342.9939583333,3530.47259056568
PSR_J0537-6910,60343.0546296296,60343.8974652778,5908.23750895262
PSR_J0537-6910,60348.2080208333,60348.9942708333,454.0
PSR_J0537-6910,60349.0467361111,60349.7703819444,3765.0
PSR_J0537-6910,60349.8241087963,60349.9662037037,1056.0
PSR_J0537-6910,60350.0143634259,60350.8074074074,3440.0
PSR_J0537-6910,60350.9972222222,60351.8435300926,2854.0
PSR_J0537-6910,60352.0268518518,60352.5439467593,1099.0
PSR_J0537-6910,60353.561724537,60353.6961805556,1978.0
PSR_J0537-6910,60353.7552546296,60353.8919907407,0.0
PSR_J0537-6910,60356.805787037,60356.9428703704,1699.0
PSR_J0537-6910,60356.9956018518,60357.9109953704,6375.53928887844
PSR_J0537-6910,60382.5972222222,60382.9300462963,0.0
PSR_J0537-6910,60383.618900463,60383.9626157407,0.0
PSR_J0537-6910,60384.0061805556,60384.9939467593,0.0
PSR_J0537-6910,60385.1106481481,60385.5747337963,0.0
PSR_J0537-6910,60386.9760185185,60386.9940277778,0.0
PSR_J0537-6910,60387.0408333333,60387.4456597222,0.0
PSR_J0537-6910,60388.0083333333,60388.4119097222,0.0
PSR_J0537-6910,60400.6381944444,60400.9740740741,5230.0
PSR_J0537-6910,60401.0280092593,60401.3615740741,2726.0
PSR_J0537-6910,60415.8,60415.8027662037,128.0
PSR_J0537-6910,60416.831712963,60416.9694444444,1303.0
PSR_J0537-6910,60417.7988425926,60417.9372222222,1265.0
PSR_J0537-6910,60418.5081018519,60418.9025462963,3922.0
PSR_J0537-6910,60419.4203703704,60419.5550925926,1335.0
PSR_J0537-6910,60425.5189814815,60425.6580902778,1.07818949222565
PSR_J0537-6910,60426.1036921296,60426.6884259259,92.0
PSR_J0537-6910,60434.4150462963,60434.943287037,0.539054572582245
PSR_J0537-6910,60434.9986458333,60435.8462962963,0.539083242416382
PSR_J0537-6910,60438.618287037,60438.6256944444,257.0
PSR_J0537-6910,60439.3969907407,60439.4662037037,277.0
PSR_J0537-6910,60440.0993055556,60440.6266898148,3008.0
PSR_J0537-6910,60441.0705902778,60441.4022685185,3342.53144079447
PSR_J0537-6910,60443.8303240741,60443.8356365741,271.0
PSR_J0537-6910,60444.1513888889,60444.943275463,6374.0
PSR_J0537-6910,60444.9888888889,60445.0078587963,574.0
PSR_J0537-6910,60448.280787037,60448.4896412037,0.0
PSR_J0537-6910,60449.0541666667,60449.3278703704,0.0
PSR_J0537-6910,60450.0851851852,60450.3585648148,0.0
PSR_J0537-6910,60454.080787037,60454.9953703704,2227.2378616333
PSR_J0537-6910,60461.731400463,60461.8085648148,1635.0
PSR_J0537-6910,60461.9972222222,60462.6481481481,1570.23769551516
PSR_J0537-6910,60464.3789351852,60464.7666203704,3589.0
PSR_J0537-6910,60465.0240740741,60465.4143055556,1353.0
PSR_J0537-6910,60466.1208333333,60466.7055092593,240.0
PSR_J0537-6910,60499.1465277778,60499.2734722222,1029.0
PSR_J0537-6910,60500.2351851852,60500.9553240741,6202.0
PSR_J0537-6910,60501.0092592593,60501.5349537037,4049.0
PSR_J0537-6910,60502.6739467593,60502.7459259259,660.0
PSR_J0537-6910,60503.6375,60503.650474537,95.0
PSR_J0537-6910,60504.0320138889,60504.9514583333,632.0
PSR_J0537-6910,60505.0023842593,60505.2095717593,128.0
PSR_J0537-6910,60525.6922916667,60525.702962963,750.0
PSR_J0537-6910,60526.2118055556,60526.9943634259,3651.0
PSR_J0537-6910,60527.0481481481,60527.2541666667,1180.0
PSR_J0537-6910,60545.8890972222,60545.9613425926,334.0
PSR_J0537-6910,60546.0201388889,60546.4775462963,1301.0
PSR_J0537-6910,60549.9986805556,60550.9699074074,0.0
PSR_J0537-6910,60551.0301157407,60551.9395833333,0.0
PSR_J0537-6910,60551.9972106482,60552.9732291667,0.539051473140717
PSR_J0537-6910,60553.0268518518,60553.3601851852,2.15686023235321
PSR_J0537-6910,60554.6416666667,60554.9755208333,0.0
PSR_J0537-6910,60555.0272222222,60555.9462962963,0.0
PSR_J0537-6910,60555.9932060185,60556.8509259259,0.0
PSR_J0537-6910,60557.4828703704,60557.9477199074,385.539201140404
PSR_J0537-6910,60557.9902777778,60558.9824074074,1492.00768452883
PSR_J0537-6910,60559.0226851852,60559.8703703704,151.760353803635
PSR_J0537-6910,60559.9912037037,60560.2645138889,390.617041170597
PSR_J0537-6910,60562.8358796296,60562.9048611111,0.0
PSR_J0537-6910,60563.4134259259,60563.5478356481,0.0
PSR_J0537-6910,60565.3032407407,60565.9527777778,0.0
PSR_J0537-6910,60567.5514699074,60567.7597222222,0.0
PSR_J0537-6910,60568.3274189815,60568.7921296296,0.0
PSR_J0537-6910,60570.4511458333,60570.7097222222,2489.0
PSR_J0537-6910,60571.4847222222,60571.5662037037,0.0
PSR_J0537-6910,60581.8591782407,60581.8648148148,350.0
PSR_J0537-6910,60582.0524305556,60582.8311342593,1510.0
PSR_J0537-6910,60584.1164351852,60584.9641898148,4314.0
PSR_J0537-6910,60585.0909722222,60585.4224537037,3650.0
PSR_J0537-6910,60599.6145833333,60599.9439814815,2407.0
PSR_J0537-6910,60600.4509259259,60600.5247685185,746.0
PSR_J0537-6910,60615.5888888889,60615.9810185185,427.0
PSR_J0537-6910,60616.0395717593,60616.949537037,0.0
PSR_J0537-6910,60617.0053125,60617.0141203704,0.0
PSR_J0537-6910,60633.5037037037,60633.5760763889,0.0
PSR_J0537-6910,60637.0335648148,60637.9509259259,7279.0
PSR_J0537-6910,60638.0057291667,60638.1449074074,866.0
PSR_J0537-6910,60643.4865740741,60643.8806712963,3769.0
PSR_J0537-6910,60644.0011574074,60644.5906365741,4948.0
PSR_J0537-6910,60650.324537037,60650.9145949074,1140.0
PSR_J0537-6910,60652.1305555556,60652.1400578704,0.0
PSR_J0537-6910,60656.5895833333,60656.9907407407,1797.0
PSR_J0537-6910,60657.0497685185,60657.9590277778,3245.0
PSR_J0537-6910,60658.2094907407,60658.9909722222,2156.0
PSR_J0537-6910,60665.1703703704,60665.9513773148,2281.0
PSR_J0537-6910,60666.0712268519,60666.7928240741,2219.0
PSR_J0537-6910,60679.9147337963,60679.9242708333,0.0
PSR_J0537-6910,60680.3031828704,60680.9573726852,0.0
PSR_J0537-6910,60681.0125,60681.7282175926,0.0
PSR_J0537-6910,60686.6740162037,60686.680775463,0.0
PSR_J0537-6910,60688.9333333333,60688.95,0.0
PSR_J0537-6910,60688.9976851852,60689.9810185185,0.0
PSR_J0537-6910,60690.0296296296,60690.81875,0.0
PSR_J0537-6910,60698.462337963,60698.9872337963,4494.0
PSR_J0537-6910,60699.0422337963,60699.5032407407,3009.0
PSR_J0537-6910,60700.2717592593,60700.9842361111,5428.0
PSR_J0537-6910,60701.1060185185,60701.6272569444,3150.0
PSR_J0537-6910,60718.9828703704,60718.9898958333,352.0
PSR_J0537-6910,60719.0473958333,60719.9633796296,534.0
PSR_J0537-6910,60720.1518518518,60720.5446412037,741.0
PSR_J0537-6910,60735.6947106481,60735.8358796296,2381.0
PSR_J0537-6910,60736.0842592593,60736.9314814815,8108.0
PSR_J0537-6910,60740.1289351852,60740.1388541667,0.0
PSR_J0537-6910,60750.2037037037,60750.98125,0.0
PSR_J0537-6910,60751.037037037,60751.9479166667,0.0
PSR_J0537-6910,60752.0046296296,60752.850462963,0.0
PSR_J0537-6910,60753.1020833333,60753.9428703704,0.0
PSR_J0537-6910,60770.4872337963,60770.8973148148,2055.0
PSR_J0537-6910,60771.0038773148,60771.9961226852,3965.0
PSR_J0537-6910,60772.0375,60772.3188773148,988.0
PSR_J0537-6910,60777.0072569444,60777.987037037,1547.0
PSR_J0537-6910,60778.039849537,60778.5725810185,638.0
PSR_J0537-6910,60783.0203703704,60783.9967592593,2912.0
PSR_J0537-6910,60784.0537037037,60784.3835648148,743.0
PSR_J0537-6910,60802.7514467593,60802.955787037,0.0
PSR_J0537-6910,60803.0125,60803.9881828704,0.0
PSR_J0537-6910,60806.162037037,60806.884212963,0.0
PSR_J0537-6910,60807.0011342593,60807.3992708333,0.0
PSR_J0537-6910,60808.6134259259,60808.8765277778,0.0
PSR_J0537-6910,60809.0023148148,60809.0063425926,0.0
PSR_J0537-6910,60810.0340277778,60810.9441087963,0.0
PSR_J0537-6910,60811.0048611111,60811.98125,0.0
PSR_J0537-6910,60812.7469907407,60812.7611805556,0.0
PSR_J0537-6910,60813.4643518518,60813.9875925926,0.0
PSR_J0537-6910,60814.0384259259,60814.8269791667,0.0
PSR_J0537-6910,60816.1076851852,60816.9564814815,0.0
PSR_J0537-6910,60826.6649884259,60826.9995023148,4251.0
PSR_J0537-6910,60827.052025463,60827.2577430556,1283.0
PSR_J0537-6910,60828.9238657407,60828.9319444444,202.0
PSR_J0537-6910,60828.9951388889,60829.8331018519,342.0
PSR_J0537-6910,60830.0212268519,60830.9983680556,597.0
PSR_J0537-6910,60831.1185185185,60831.128900463,62.0
PSR_J0537-6910,60832.605787037,60832.7419097222,588.0
PSR_J0537-6910,60833.2541666667,60833.2593055556,0.0
